case_name,sent_text,label,hdr_title,hdr_match,hdr_group,y_labelled,text5_p_none,text5_p_beoordeling,text5_p_beslissing,text5_p_materiele_feiten,text5_p_proceshandelingen,text5_pred_idx,text5_pred_label
ECLI:NL:GHAMS:2015:2960.txt,De kantonrechter heeft in het bestreden vonnis onder het kopje “De feiten” de feiten vastgesteld die zij tot uitgangspunt heeft genomen.,None,Feiten,1,Feiten,0,0.41858754,0.56158626,0.0020563952,0.01189331,0.0058765393,1,beoordeling
ECLI:NL:GHAMS:2015:2960.txt,Deze feiten zijn in hoger beroep niet in geschil en dienen derhalve ook het hof als uitgangspunt.,None,Feiten,1,Feiten,0,0.25045568,0.7290815,0.0012595182,0.008654953,0.010548407,1,beoordeling
ECLI:NL:GHAMS:2015:2960.txt,Op [datum] heeft [geïntimeerde] een bedrag van [geld]- ter leen verstrekt aan [appellante] in verband met het voornemen van [appellante] een onderneming (verkoop van voedingssupplementen) te beginnen.,materiele feiten,Beoordeling,1,Beoordeling,1,0.039819553,0.0048981584,0.0007592615,0.94343555,0.011087536,3,materiele feiten
ECLI:NL:GHAMS:2015:2960.txt,"Op [datum] heeft [appellante] een schriftelijke verklaring opgesteld, die beide partijen hebben onderteken",materiele feiten,Beoordeling,1,Beoordeling,1,0.07809187,0.0076136077,0.00078961405,0.8984623,0.015042666,3,materiele feiten
ECLI:NL:GHAMS:2015:2960.txt,"Deze verklaring houdt onder meer in: “Dit bedrag wordt in gedeelten terugbetaald; wanneer er door deze promotie, inschrijvingen en verdiensten in welke vorm dan ook; ontvangen worden; gaat daar zo snel mogelijk het grootste deel direct van terug/retour naar de rekening van dhr.",None,Beoordeling,1,Beoordeling,0,0.9844869,0.0031140605,0.0023212251,0.005461324,0.0046164156,0,None
ECLI:NL:GHAMS:2015:2960.txt,[geïntimeerde] (...) Zoals afgesproken; zo ook: zou er een grote doos met voedingssupplementen ter waarde van [geld]= bij dhr.,None,Beoordeling,1,Beoordeling,0,0.9843779,0.0039621145,0.0015400874,0.0036340968,0.006485739,0,None
ECLI:NL:GHAMS:2015:2960.txt,"Diest terecht komen voor eigen gebruik (...) dit bedrag zou van de lening afgetrokken kunnen + mogen worden, maar nu eind 2012; laatste week; komt dhr. hiervan op zijn schrede terug”.",None,Beoordeling,1,Beoordeling,0,0.9881471,0.0028343643,0.0015938944,0.003670062,0.0037545678,0,None
ECLI:NL:GHAMS:2015:2960.txt,[geïntimeerde] vorderde in eerste aanleg (samengevat) nietigverklaring van de tussen partijen gesloten overeenkomst en veroordeling van [appellante] tot betaling van [geld]-.,proceshandelingen,Beoordeling,1,Beoordeling,1,0.06766024,0.0047432277,0.020326452,0.023493834,0.88377625,4,proceshandelingen
ECLI:NL:GHAMS:2015:2960.txt,In voorwaardelijke reconventie vorderde [appellante] veroordeling van [geïntimeerde] tot betaling van [geld] te vermeerderen met wettelijke rente.,proceshandelingen,Beoordeling,1,Beoordeling,1,0.13747728,0.0074674133,0.05781311,0.017572949,0.7796692,4,proceshandelingen
ECLI:NL:GHAMS:2015:2960.txt,De kantonrechter heeft het beroep van [geïntimeerde] op nietigheid van de overeenkomst afgewezen.,None,Beoordeling,1,Beoordeling,0,0.05545543,0.92907006,0.0014124057,0.0073161847,0.0067459233,1,beoordeling
ECLI:NL:GHAMS:2015:2960.txt,Zij heeft [appellante] op de voet van artikel 7A:1798 BW veroordeeld tot terugbetaling van de van [geïntimeerde] geleende [geld]- in vijf maandelijkse termijnen van [geld]- waarvan de eerste vervalt op [datum] De kantonrechter heeft de voorwaardelijke vordering in reconventie - gegrond op de stelling van [appellante] dat [geïntimeerde] voedingssupplementen ten bedrage van [geld] van haar had gekocht – afgewezen.,None,Beoordeling,1,Beoordeling,0,0.96123177,0.027427865,0.0013850406,0.0038592261,0.006096151,0,None
ECLI:NL:GHAMS:2015:2960.txt,Zowel in conventie als in reconventie is [appellante] in de proceskosten veroordee,None,Beoordeling,1,Beoordeling,0,0.97624654,0.0035444205,0.002359803,0.004175141,0.013674162,0,None
ECLI:NL:GHAMS:2015:2960.txt,De kantonrechter heeft bij vonnis van [datum] overwogen dat de beslissing in conventie ten onrechte uitvoerbaar bij voorraad was verklaard en het vonnis van [datum] in die zin verbeter,None,Beoordeling,1,Beoordeling,0,0.23313968,0.72401726,0.0012158835,0.017608743,0.024018485,1,beoordeling
ECLI:NL:GHAMS:2015:2960.txt,Tegen de beslissingen in het vonnis van [datum] komt [appellante] op in hoger beroep.,None,Beoordeling,1,Beoordeling,0,0.5542788,0.015944317,0.008445876,0.029891523,0.39143956,0,None
ECLI:NL:GHAMS:2015:2960.txt,Het hof zal eerst grief 2 bespreken.,None,Beoordeling,1,Beoordeling,0,0.9417721,0.046090458,0.0016997814,0.005115728,0.005321951,0,None
ECLI:NL:GHAMS:2015:2960.txt,Daarin klaagt [appellante] dat de kantonrechter niet heeft aangenomen dat [geïntimeerde] een doos met voedingssupplementen heeft besteld en afgenomen van haar.,proceshandelingen,Beoordeling,1,Beoordeling,1,0.064924024,0.6468894,0.0020503688,0.01160388,0.27453226,1,beoordeling
ECLI:NL:GHAMS:2015:2960.txt,Deze grief slaagt.,beoordeling,Beoordeling,1,Beoordeling,1,0.015855435,0.9657141,0.0037260987,0.003923747,0.010780601,1,beoordeling
ECLI:NL:GHAMS:2015:2960.txt,Het staat vast dat [appellante] een doos met voedingssupplementen heeft achtergelaten bij [geïntimeerde] en dat [geïntimeerde] deze op dat moment heeft behouden en in elk geval een aantal van deze voedingssupplementen heeft gebruikt.,beoordeling,Beoordeling,1,Beoordeling,1,0.04561178,0.41039583,0.0011275267,0.37762022,0.16524461,1,beoordeling
ECLI:NL:GHAMS:2015:2960.txt,"De lezing van [appellante] dat de waarde van de doos met voedingssupplementen - naar in hoger beroep niet meer in geschil is: [geld]- - zou mogen worden afgetrokken van het geleende bedrag van [geld]- vindt bovendien steun in de eerdergenoemde brief van [appellante], die ook door [geïntimeerde] is onderteken",None,Beoordeling,1,Beoordeling,0,0.9741339,0.0138009135,0.0013797077,0.0059328354,0.0047527268,0,None
ECLI:NL:GHAMS:2015:2960.txt,In het licht van dit een en ander acht het hof de bestrijding door [geïntimeerde] van de lezing van [appellante] onvoldoende gemotiveer,beoordeling,Beoordeling,1,Beoordeling,1,0.032654654,0.95493656,0.0011076137,0.007861363,0.0034398176,1,beoordeling
ECLI:NL:GHAMS:2015:2960.txt,"Het beroep op verrekening slaagt daarom, zodat de terugbetalingsverplichting van [appellante] nog een bedrag van [geld]- beloopt.",beoordeling,Beoordeling,1,Beoordeling,1,0.018056681,0.96962947,0.0015049499,0.0041877525,0.00662105,1,beoordeling
ECLI:NL:GHAMS:2015:2960.txt,Grief 1 strekt ertoe dat het hof de terugbetalingstermijnen opnieuw zal vaststellen en daarbij rekening zal houden met de draagkracht van [appellante].,None,Beoordeling,1,Beoordeling,0,0.9865519,0.0052288044,0.0014745856,0.0036117947,0.003132985,0,None
ECLI:NL:GHAMS:2015:2960.txt,"[appellante] wijst erop dat [geïntimeerde] op de hoogte was van haar financiële positie, wist waar [appellante] het geld voor zou gaan gebruiken en dat er dus een risico bestond dat zij geen omzet/winst zou maken.",proceshandelingen,Beoordeling,1,Beoordeling,1,0.01102487,0.009805471,0.0018326796,0.028113993,0.949223,4,proceshandelingen
ECLI:NL:GHAMS:2015:2960.txt,Zij brengt naar voren dat zij enkel inkomsten heeft uit haar AOW-uitkering van ongeveer [geld]- per maand en dat zij in termijnen van [geld]- zou kunnen terugbetalen.,proceshandelingen,Beoordeling,1,Beoordeling,1,0.01394292,0.046051823,0.0019958285,0.3051738,0.6328356,4,proceshandelingen
ECLI:NL:GHAMS:2015:2960.txt,Executoriale verkoop van haar woning zou in de gegeven omstandigheden misbruik van executiebevoegdheid opleveren.,proceshandelingen,Beoordeling,1,Beoordeling,1,0.01389734,0.61245847,0.0032709618,0.10377683,0.2665964,1,beoordeling
ECLI:NL:GHAMS:2015:2960.txt,Het hof oordeelt als volgt.,None,Beoordeling,1,Beoordeling,0,0.93383354,0.050554443,0.0048605516,0.0071096728,0.003641819,0,None
ECLI:NL:GHAMS:2015:2960.txt,Uit de overeenkomst tussen partijen volgt dat [appellante] het geleende bedrag zal terugbetalen wanneer zij daartoe in staat zal zijn.,materiele feiten,Beoordeling,1,Beoordeling,1,0.5231771,0.10404329,0.0015249086,0.21762979,0.15362495,0,None
ECLI:NL:GHAMS:2015:2960.txt,Ingevolge artikel 7A:1798 BW dient de rechter in zodanig geval de tijd der teruggave te bepalen “naar gelang der omstandigheden”.,None,Beoordeling,1,Beoordeling,0,0.9736042,0.016551388,0.0023379626,0.0027522948,0.004754185,0,None
ECLI:NL:GHAMS:2015:2960.txt,Op basis van de wederzijdse stellingen van partijen kan worden aangenomen dat [appellante] geen inkomsten meer zal ontvangen uit haar onderneming.,materiele feiten,Beoordeling,1,Beoordeling,1,0.28891525,0.14794014,0.0012970159,0.39048544,0.17136215,3,materiele feiten
ECLI:NL:GHAMS:2015:2960.txt,Van [appellante] had verwacht mogen worden dat zij ook inzicht zou geven in haar vermogenspositie.,None,Beoordeling,1,Beoordeling,0,0.020903094,0.82205,0.0021085367,0.028818192,0.12612021,1,beoordeling
ECLI:NL:GHAMS:2015:2960.txt,Uit haar eigen stellingen volgt dat zij eigenaar is van een woning.,materiele feiten,Beoordeling,1,Beoordeling,1,0.018776195,0.19306818,0.0028698868,0.30146775,0.48381802,4,proceshandelingen
ECLI:NL:GHAMS:2015:2960.txt,"Iedere verdere bijzonderheid te dien aanzien – bijvoorbeeld de waarde van die woning, eventuele hypothecaire schuld, eventuele financieringsmogelijkheden in verband met een en ander – is echter achterwege gebleven.",beoordeling,Beoordeling,1,Beoordeling,1,0.06533862,0.9174716,0.0013549571,0.010251331,0.0055834097,1,beoordeling
ECLI:NL:GHAMS:2015:2960.txt,"Bij gebreke van toereikende gegevens aan de zijde van [appellante] bestaat onvoldoende aanknopingspunt om tot een andere betalingswijze van het resterende bedrag van [geld]- te besluiten, zodat grief 1 faalt.",beoordeling,Beoordeling,1,Beoordeling,1,0.04192533,0.927606,0.0010924621,0.0064375442,0.022938656,1,beoordeling
ECLI:NL:GHAMS:2015:2960.txt,"In grief 3 betoogt [appellante] dat de kantonrechter haar ten onrechte heeft veroordeeld in de proceskosten, zowel in conventie als in voorwaardelijke reconventie.",proceshandelingen,Beoordeling,1,Beoordeling,1,0.074987955,0.012324414,0.0035461187,0.0058823912,0.9032592,4,proceshandelingen
ECLI:NL:GHAMS:2015:2960.txt,Deze grief faalt.,beoordeling,Beoordeling,1,Beoordeling,1,0.014939249,0.96770746,0.0039579496,0.0035378535,0.009857479,1,beoordeling
ECLI:NL:GHAMS:2015:2960.txt,Terugbetaling van het geleende bedrag was de inzet van het geding in eerste aanleg in conventie.,beoordeling,Beoordeling,1,Beoordeling,1,0.15780105,0.43507835,0.0019884424,0.06500991,0.34012222,1,beoordeling
ECLI:NL:GHAMS:2015:2960.txt,Het verweer daartegen van [appellante] is verworpen.,beoordeling,Beoordeling,1,Beoordeling,1,0.05416331,0.6813137,0.0014708424,0.025871702,0.23718043,1,beoordeling
ECLI:NL:GHAMS:2015:2960.txt,"De omstandigheid dat de uitkomst is dat niet [geld]- maar [geld]- dient te worden terugbetaald en dat terugbetaling mogelijk is in een aantal termijnen, neemt niet weg dat [appellante] als de overwegend in het ongelijk gestelde partij moet worden aangemerkt.",beoordeling,Beoordeling,1,Beoordeling,1,0.07711951,0.9045762,0.0011840848,0.007496822,0.0096233655,1,beoordeling
ECLI:NL:GHAMS:2015:2960.txt,Dat geldt ook ten aanzien van de voorwaardelijk ingestelde vordering in reconventie nu [appellante] in eerste aanleg nog een bedrag vorderde van [geld] en zich niet heeft beperkt tot het bedrag van [geld]- dat volgens haar eigen stellingen in hoger beroep tussen partijen was afgesproken.,beoordeling,Beoordeling,1,Beoordeling,1,0.04303128,0.85864633,0.0017636676,0.011068424,0.08549029,1,beoordeling
ECLI:NL:GHAMS:2015:2960.txt,"Het bestreden vonnis zal worden vernietigd, doch uitsluitend voor zover [appellante] daarbij is veroordeeld tot terugbetaling van een hoger bedrag dan [geld]-.",beoordeling,Beoordeling,1,Beoordeling,1,0.17194316,0.7989336,0.011736845,0.0022823978,0.015103974,1,beoordeling
ECLI:NL:GHAMS:2015:2960.txt,Het hof zal in zoverre opnieuw recht doen.,beoordeling,Beoordeling,1,Beoordeling,1,0.5915155,0.38837722,0.011273599,0.004610988,0.0042227283,0,None
ECLI:NL:GHAMS:2015:2960.txt,[appellante] zal als de overwegend in het ongelijk gestelde partij worden veroordeeld in de kosten van het hoger beroep.,None,Beoordeling,1,Beoordeling,0,0.97875905,0.008103931,0.0022049763,0.0028826385,0.008049496,0,None
ECLI:NL:GHAMS:2015:2960.txt,"Het hof: vernietigt het vonnis waarvan beroep, doch uitsluitend voor zover [appellante] daarbij is veroordeeld tot terugbetaling van een hoger bedrag dan [geld]-; in zoverre opnieuw rechtdoende: veroordeelt [appellante] tot betaling aan [geïntimeerde] van een bedrag van [geld]-, bepaalt dat voor “vijf maandelijkse termijnen van [geld]” gelezen moet worden: vier maandelijkse termijnen van [geld]- en één termijn van [geld]- en wijst het meer gevorderde af; bekrachtigt het vonnis voor het overige; veroordeelt [appellante] in de kosten van het geding in hoger beroep, tot op heden aan de zijde van [geïntimeerde] begroot op [geld]- aan verschotten en [geld]- voor salaris; verklaart dit arrest uitvoerbaar bij voorraa",beslissing,Beslissing,1,Beslissing,1,0.077741966,0.0066835163,0.8928714,0.0022338214,0.020469362,2,beslissing
ECLI:NL:GHAMS:2015:2960.txt,"Dit arrest is gewezen door [naam], [naam] en [naam] en door de rolraadsheer in het openbaar uitgesproken op [datum]",None,Beslissing,1,Beslissing,0,0.9878221,0.0027001433,0.0019916652,0.004401354,0.003084725,0,None
ECLI:NL:HR:2016:339.txt,Tegen het arrest van het hof van [datum] hebben Fitness Carnisselande c.s. beroep in cassatie ingeste,None,Het geding in cassatie,1,Proceshandelingen partijen,0,0.9310008,0.005209843,0.0015788366,0.042626202,0.019584188,0,None
ECLI:NL:HR:2016:339.txt,[verweerster] heeft incidenteel cassatieberoep ingeste,None,Het geding in cassatie,1,Proceshandelingen partijen,0,0.97940594,0.0025124825,0.0016791795,0.011340685,0.005061711,0,None
ECLI:NL:HR:2016:339.txt,De cassatiedagvaarding en de conclusie van antwoord tevens houdende incidenteel cassatieberoep zijn aan dit arrest gehecht en maken daarvan deel uit.,None,Het geding in cassatie,1,Proceshandelingen partijen,0,0.9413257,0.04217176,0.002654293,0.0050947065,0.008753551,0,None
ECLI:NL:HR:2016:339.txt,Partijen hebben over en weer geconcludeerd tot verwerping van het beroep.,None,Het geding in cassatie,1,Proceshandelingen partijen,0,0.08307231,0.06789263,0.0040388885,0.03719768,0.8077985,4,proceshandelingen
ECLI:NL:HR:2016:339.txt,De zaak is voor partijen toegelicht door hun advocaten.,None,Het geding in cassatie,1,Proceshandelingen partijen,0,0.9500771,0.0179384,0.00093631895,0.020685315,0.010362929,0,None
ECLI:NL:HR:2016:339.txt,"De conclusie van de Advocaat-Generaal [naam] strekt, zowel in het principale als in het incidentele beroep, tot verwerping.",None,Het geding in cassatie,1,Proceshandelingen partijen,0,0.8123993,0.02524673,0.0045200577,0.0035953005,0.15423849,0,None
ECLI:NL:HR:2016:339.txt,De advocaten van Fitness Carnisselande c.s. hebben bij brief van [datum] op die conclusie gereageer,None,Het geding in cassatie,1,Proceshandelingen partijen,0,0.025205757,0.023479406,0.0018806069,0.5113253,0.43810895,3,materiele feiten
ECLI:NL:HR:2016:339.txt,Wellnesselande Barendrecht is begin 2005 opgericht voor de exploitatie van een nieuw te bouwen fitness-/sportcentru,materiele feiten,Uitgangspunten in cassatie,1,Feiten,1,0.21561846,0.01682069,0.002172599,0.7561726,0.009215692,3,materiele feiten
ECLI:NL:HR:2016:339.txt,"Wellnesselande Nederland is houdster van de aandelen in Fitness Carnisselande en Wellnesselande Barendrecht. ii) [verweerster] heeft in opdracht en voor rekening van Fitness Carnisselande c.s. werkzaamheden verricht aan een drietal woningen te Oud-Beijerland. iii) [verweerster] heeft ten behoeve van het ontwerp van een fitnesscentrum en de aanvraag van een bouwvergunning diverse werkzaamheden verricht en laten verrichten. 3.2.1 In dit geding vordert [verweerster] in conventie dat Fitness Carnisselande c.s. hoofdelijk worden veroordeeld tot betaling van [geld] te vermeerderen met primair handelsrente, subsidiair wettelijke rente, en met kosten.",None,Uitgangspunten in cassatie,1,Feiten,0,0.9791975,0.0018390225,0.0018847678,0.010618667,0.0064600627,0,None
ECLI:NL:HR:2016:339.txt,"Het gevorderde bedrag betreft kosten die [verweerster] stelt te hebben gemaakt in verband met de hiervoor in 3.1 onder (ii) en (iii) genoemde werkzaamheden, en gederfde winst na afgebroken onderhandelingen.",proceshandelingen,Uitgangspunten in cassatie,1,Feiten,1,0.0331072,0.3409378,0.0040973737,0.016458325,0.6053993,4,proceshandelingen
ECLI:NL:HR:2016:339.txt,"De vordering van Fitness Carnisselande c.s. in reconventie is in cassatie niet aan de orde. 3.2.2 De rechtbank heeft in conventie Wellnesselande Nederland veroordeeld om [geld] aan [verweerster] te betalen, te vermeerderen met de handelsrente als bedoeld in art. 6:119a BW, en Fitness Carnisselande c.s. hoofdelijk veroordeeld tot betaling van [geld] aan [verweerster], te vermeerderen met de handelsrente.",None,Uitgangspunten in cassatie,1,Feiten,0,0.9884891,0.0033934186,0.0013651298,0.003955361,0.0027969738,0,None
ECLI:NL:HR:2016:339.txt,"Fitness Carnisselande c.s. zijn in conventie hoofdelijk veroordeeld in de proceskosten aan de zijde van [verweerster]. 3.2.3 De rechtbank heeft ter zake van de toegewezen handelsrente in het eindvonnis, voor zover in cassatie van belang, als volgt overwogen.",None,Uitgangspunten in cassatie,1,Feiten,0,0.98518836,0.003199364,0.0018272183,0.006725574,0.0030595493,0,None
ECLI:NL:HR:2016:339.txt,"[verweerster] vordert over de totale hoofdsom primair de wettelijke handelsrente, subsidiair de wettelijke rente vanaf de dag waarop Wellnesselande c.s. in verzuim zijn geraakt.",None,Uitgangspunten in cassatie,1,Feiten,0,0.025347859,0.004999437,0.0026992944,0.029634848,0.9373185,4,proceshandelingen
ECLI:NL:HR:2016:339.txt,Wellnesselande c.s. hebben gemotiveerd betwist wettelijke (handels)rente te zijn verschuldig,None,Uitgangspunten in cassatie,1,Feiten,0,0.017013354,0.15021552,0.0021527999,0.07911051,0.7515079,4,proceshandelingen
ECLI:NL:HR:2016:339.txt,(rov. 2.22) Op grond van art. 6:119a lid 1 BW is wettelijke handelsrente verschuldigd bij vertraging in de voldoening van een geldsom in het geval van een handelsovereenkomst.,None,Uitgangspunten in cassatie,1,Feiten,0,0.9868851,0.0030168584,0.001789239,0.0043448894,0.0039639464,0,None
ECLI:NL:HR:2016:339.txt,De overeenkomst tussen partijen betreft een handelsovereenkomst.,None,Uitgangspunten in cassatie,1,Feiten,0,0.9382673,0.020192977,0.002296682,0.019221922,0.020021016,0,None
ECLI:NL:HR:2016:339.txt,(rov. 2.23) Daaraan doet niet af dat (nog) geen factuur is verstuurd voor de verrichte verbouwingswerkzaamheden.,None,Uitgangspunten in cassatie,1,Feiten,0,0.5962815,0.37123853,0.0025755025,0.015610677,0.014293732,0,None
ECLI:NL:HR:2016:339.txt,"In de parlementaire geschiedenis is, onder verwijzing naar art. 35 van de Wet op de omzetbelasting 1968 opgemerkt dat bij elke handelstransactie gebruik moet worden gemaakt van een factuur (Kamerstukken II 2001-2002, 28 239, nr. 3, p.",None,Uitgangspunten in cassatie,1,Feiten,0,0.84462,0.08887175,0.0010032941,0.04676783,0.018737065,0,None
ECLI:NL:HR:2016:339.txt,"Uit deze opmerking kan echter niet worden afgeleid dat, indien een factuur ontbreekt, reeds om die reden geen sprake is van een handelstransactie.",None,Uitgangspunten in cassatie,1,Feiten,0,0.115107834,0.8600657,0.0009879804,0.014912399,0.008926065,1,beoordeling
ECLI:NL:HR:2016:339.txt,"(rov. 2.24) De ingebrekestelling van [datum] waarin de ontwerpkosten, de kosten projectmanagement, de verbouwingskosten per woning en de btw (per kostenpost afzonderlijk) zijn vermeld, kan als een met een factuur vergelijkbaar betalingsverzoek worden beschouw",None,Uitgangspunten in cassatie,1,Feiten,0,0.9739622,0.008197847,0.002229633,0.007888338,0.007721917,0,None
ECLI:NL:HR:2016:339.txt,"Indien destijds een factuur door [verweerster] zou zijn verzonden, zou ingevolge art. 6:119a lid 2, aanhef en onder a, BW de handelsrente zijn gaan lopen vanaf 30 dagen na de aanvang van de dag volgende op die waarop de schuldenaar de factuur zou hebben ontvangen.",None,Uitgangspunten in cassatie,1,Feiten,0,0.7708397,0.109905034,0.003107863,0.009792546,0.10635495,0,None
ECLI:NL:HR:2016:339.txt,"Gelet hierop komt het de rechtbank redelijk voor dat de handelsrente is verschuldigd vanaf 32 dagen na de ingebrekestelling, derhalve [datum] (rov. 2.26) 3.2.4 Fitness Carnisselande c.s. hebben hoger beroep ingeste",None,Uitgangspunten in cassatie,1,Feiten,0,0.77138937,0.17682715,0.0008684157,0.021186374,0.02972865,0,None
ECLI:NL:HR:2016:339.txt,Partijen hebben desgevraagd toelating verkregen tot de zogenoemde Second opinionprocedure van het hof (zie het eindarrest van het hof onder ‘De procedure’).,None,Uitgangspunten in cassatie,1,Feiten,0,0.80517703,0.025375737,0.0011693417,0.15603572,0.012242196,0,None
ECLI:NL:HR:2016:339.txt,"Het hof heeft in het eindarrest, voor zover in cassatie van belang, als volgt geoordee",None,Uitgangspunten in cassatie,1,Feiten,0,0.93406457,0.0570992,0.002428399,0.0037552048,0.0026525336,0,None
ECLI:NL:HR:2016:339.txt,De enige grief van Fitness Carnisselande c.s. luidt dat de rechtbank in de tussenvonnissen van [datum] en [datum] en in het eindvonnis niet heeft beslist overeenkomstig hetgeen zij in eerste aanleg hadden gevorderd (rov.,None,Uitgangspunten in cassatie,1,Feiten,0,0.0638888,0.8681909,0.002046017,0.009460593,0.056413688,1,beoordeling
ECLI:NL:HR:2016:339.txt,Het hof heeft kennisgenomen van de stukken van de eerste aanleg.,None,Uitgangspunten in cassatie,1,Feiten,0,0.7619028,0.19834505,0.001979786,0.03166123,0.006111106,0,None
ECLI:NL:HR:2016:339.txt,"Het neemt de overwegingen van de rechtbank over en maakt deze tot de zijne, behoudens zijn andersluidende overwegingen.",None,Uitgangspunten in cassatie,1,Feiten,0,0.42911017,0.44655943,0.08958082,0.0032257298,0.03152385,1,beoordeling
ECLI:NL:HR:2016:339.txt,(rov. 2) Het eindvonnis zal gedeeltelijk worden vernietigd (rov.,None,Uitgangspunten in cassatie,1,Feiten,0,0.5977092,0.33077645,0.004959937,0.013842321,0.05271212,0,None
ECLI:NL:HR:2016:339.txt,De bestreden vonnissen zullen voor het overige worden bekrachtig,None,Uitgangspunten in cassatie,1,Feiten,0,0.24012433,0.7345442,0.0031679664,0.007849912,0.014313583,1,beoordeling
ECLI:NL:HR:2016:339.txt,"Dit behoeft, gezien art. 4.2 van het Second Opinion Reglement, geen nadere motivering.",None,Uitgangspunten in cassatie,1,Feiten,0,0.07072144,0.90154874,0.0010631428,0.007922257,0.018744418,1,beoordeling
ECLI:NL:HR:2016:339.txt,"Het klaagt dat dit oordeel onjuist is, omdat een ingebrekestelling niet voldoende is om de handelsrente op grond van art. 6:119a BW verschuldigd te doen worden, terwijl het hof niet heeft vastgesteld dat een uiterste dag van betaling is overeengekomen of dat een factuur is verzonden. 4.2.1 Bij de beoordeling van deze klacht wordt het volgende vooropgesteld. 4.2.2 De uitspraak van het hof is tot stand gekomen met toepassing van de zogenoemde Second opinionprocedure.",None,Beoordeling van het middel in het principale beroep,1,Beoordeling,0,0.9810931,0.008882252,0.0011127067,0.004242649,0.004669314,0,None
ECLI:NL:HR:2016:339.txt,Deze procedure berust op een bijzonder reglement van het hof (zie de website van het gerechtshof Den Haag op www.rechtspraak.n,materiele feiten,Beoordeling van het middel in het principale beroep,1,Beoordeling,1,0.96024853,0.029303063,0.0017846581,0.004218034,0.0044456455,0,None
ECLI:NL:HR:2016:339.txt,"Zij berust blijkens het reglement op een procesovereenkomst van partijen waarmee het hof per geval akkoord moet gaan (art. 2.8, 2.10, 3.8, 3.10 en 3.11 van het reglement). 4.2.3 Het bijzonder reglement van het hof voorziet erin dat het hof óf zich uitdrukkelijk verenigt met de overwegingen van de rechtbank en die tot de zijne maakt, óf motiveert waarom het tot een ander oordeel komt dan de rechtbank (vgl. art. 4.2 en 4.3 van het reglement).",None,Beoordeling van het middel in het principale beroep,1,Beoordeling,0,0.9851923,0.005378762,0.001820792,0.0038159776,0.0037923167,0,None
ECLI:NL:HR:2016:339.txt,"De omstandigheid dat een uitspraak van het hof is tot stand gekomen in de Second opinionprocedure, is geen beletsel voor de behandeling van een cassatieberoep.",beoordeling,Beoordeling van het middel in het principale beroep,1,Beoordeling,1,0.25458506,0.72275585,0.0013162637,0.0071667116,0.014176157,1,beoordeling
ECLI:NL:HR:2016:339.txt,"Voor zover het hof zich heeft verenigd met de overwegingen van de rechtbank en die tot de zijne heeft gemaakt, kunnen de cassatieklachten zich richten tegen die overwegingen van de rechtbank en vormen die overwegingen het voorwerp van onderzoek in cassatie.",beoordeling,Beoordeling van het middel in het principale beroep,1,Beoordeling,1,0.75543153,0.23138525,0.0048621623,0.0031570483,0.0051641013,0,None
ECLI:NL:HR:2016:339.txt,"Teneinde te voldoen aan de volgens vaste rechtspraak aan een cassatiemiddel te stellen eisen (zie o.a. HR [datum] ECLI:NL:HR:2013:BY2639, NJ 2013/125) zal in de cassatieklachten veelal niet kunnen worden volstaan met verwijzing naar in cassatie bestreden onderdelen van het arrest van het hof en eventuele stellingen in gedingstukken in hoger beroep, maar zal zo nodig (ook) moeten worden verwezen naar stellingen in de gedingstukken in eerste aanleg en naar overwegingen, oordelen en beslissingen van de rechter in eerste aanleg. 4.3 De hiervoor in 4.1 vermelde klacht is een rechtsklacht, die is gericht tegen de toewijzing van de handelsrente in het dictum van het arrest van het hof. Uit de klacht blijkt niet dat deze zich richt tegen een beslissing van de rechtbank die door het hof is overgenomen.",None,Beoordeling van het middel in het principale beroep,1,Beoordeling,0,0.9096669,0.06835218,0.00086203543,0.010064188,0.011054766,0,None
ECLI:NL:HR:2016:339.txt,In dit geval is echter zonder meer duidelijk dat volgens Fitness Carnisselande c.s. de onjuistheid van de bestreden opvatting is gelegen in het hiervoor in 3.2.3 weergegeven oordeel in de rov. 2.24 en 2.26 van het eindvonnis van de rechtbank.,beoordeling,Beoordeling van het middel in het principale beroep,1,Beoordeling,1,0.024909103,0.93174,0.0009636576,0.013208716,0.029178565,1,beoordeling
ECLI:NL:HR:2016:339.txt,"De klacht voldoet dan ook aan de volgens vaste rechtspraak daaraan te stellen eisen (zie hiervoor in 4.2.3). 4.4.1 Bij de verdere behandeling van de klacht wordt veronderstellenderwijs ervan uitgegaan dat geen uiterste dag van betaling is overeengekomen en geen factuur is ontvangen, nu dit door de rechtbank en het hof tot uitgangspunt is genomen. 4.4.2 Art. 6:119a lid 2 BW bevat een regeling omtrent de ingangsdatum van de wettelijke handelsrente indien geen uiterste dag van betaling is overeengekomen en sprake is van ontvangst van een factuur door de schuldenaar (in een van de daar onder onder a-c omschreven situaties).",None,Beoordeling van het middel in het principale beroep,1,Beoordeling,0,0.98691535,0.004023455,0.0015481815,0.004525219,0.002987783,0,None
ECLI:NL:HR:2016:339.txt,"Deze regeling is gegeven ter omzetting van Richtlijn 2000/35/EG (inmiddels vervangen door Richtlijn 2011/7/EU) betreffende bestrijding van betalingsachterstand bij handelstransacties (Kamerstukken II 2001-2002, 28 239, nr. 3, p. 8). 4.4.3 Art. 3 lid 1, aanhef en onder b, aanhef en onder i, van Richtlijn 2000/35/EG bepaalt dat de lidstaten ervoor zorgen dat, indien er in de overeenkomst geen datum of termijn voor betaling is vastgesteld, automatisch zonder aanmaning interest is verschuldigd dertig dagen na de ontvangst door de schuldenaar van de factuur of een gelijkwaardig verzoek tot betaling.",None,Beoordeling van het middel in het principale beroep,1,Beoordeling,0,0.98817796,0.003448249,0.0022548724,0.003436857,0.002682018,0,None
ECLI:NL:HR:2016:339.txt,"In dezelfde bepaling zijn onder b, aanhef en onder ii-iv, situaties omschreven waarin de ingangsdatum van de termijn van 30 dagen mede wordt bepaald door andere omstandigheden. 4.4.4 Blijkens de parlementaire geschiedenis is bij de totstandkoming van art. 6:119a lid 2 BW aangenomen dat in Nederland steeds met facturen wordt gewerkt en daarom kon worden volstaan met verwijzing in deze bepaling naar de ontvangst van een factuur (Kamerstukken II 2001-2002, 28 239, nr. 3, p.",None,Beoordeling van het middel in het principale beroep,1,Beoordeling,0,0.9812486,0.008487448,0.0012934712,0.0053509404,0.003619507,0,None
ECLI:NL:HR:2016:339.txt,"Nu volledige omzetting van de richtlijn is beoogd (zie hiervoor in 4.4.2) en de parlementaire geschiedenis geen aanknopingspunt bevat om aan te nemen dat is bedoeld art. 6:119a lid 2 BW niet van toepassing te doen zijn indien in voorkomend geval geen gebruik wordt gemaakt van een factuur, maar van een gelijkwaardig verzoek tot betaling, moet worden aangenomen dat de regeling van art. 6:119a lid 2 BW ook laatstgenoemd geval bestrijkt.",None,Beoordeling van het middel in het principale beroep,1,Beoordeling,0,0.3509027,0.6267069,0.0013515294,0.011064117,0.009974681,1,beoordeling
ECLI:NL:HR:2016:339.txt,"Dit betekent dat in een geval waarin geen uiterste dag van betaling is overeengekomen en geen sprake is van ontvangst van een factuur, maar wel van een gelijkwaardig verzoek tot betaling, de ingangsdatum van de wettelijke handelsrente steeds moet worden bepaald aan de hand van dat artikel. 4.5 Het oordeel van het hof (rov. 2) dat het zich aansluit bij het oordeel van de rechtbank dat i) het ontbreken van een factuur niet meebrengt dat geen sprake is van een handelsovereenkomst en ii) de ingebrekestelling van [datum] in dit geval als een met een factuur vergelijkbaar betalingsverzoek kan worden beschouwd (zie hiervoor in 3.2.3), geeft in het licht van het voorgaande geen blijk van een onjuiste rechtsopvatting.",beoordeling,Beoordeling van het middel in het principale beroep,1,Beoordeling,1,0.93793654,0.053111523,0.0018802896,0.003608423,0.003463237,0,None
ECLI:NL:HR:2016:339.txt,De hiervoor in 4.1 weergegeven klacht faalt. 4.6 De overige klachten van het middel kunnen evenmin tot cassatie leiden.,beoordeling,Beoordeling van het middel in het principale beroep,1,Beoordeling,1,0.061742246,0.89464974,0.002352518,0.0073869694,0.033868596,1,beoordeling
ECLI:NL:HR:2016:339.txt,"Dit behoeft, gezien art. 81 lid 1 RO, geen nadere motivering nu die klachten niet nopen tot beantwoording van rechtsvragen in het belang van de rechtseenheid of de rechtsontwikkeling.",beoordeling,Beoordeling van het middel in het principale beroep,1,Beoordeling,1,0.10953151,0.87122995,0.0012401629,0.006597633,0.011400782,1,beoordeling
ECLI:NL:HR:2016:339.txt,De klachten van het middel kunnen niet tot cassatie leiden.,beoordeling,Beoordeling van het middel in het incidentele beroep,1,Beoordeling,1,0.0878288,0.87037385,0.0019480616,0.008886613,0.030962694,1,beoordeling
ECLI:NL:HR:2016:339.txt,"Dit behoeft, gezien art. 81 lid 1 RO, geen nadere motivering nu die klachten niet nopen tot beantwoording van rechtsvragen in het belang van de rechtseenheid of de rechtsontwikkeling.",beoordeling,Beoordeling van het middel in het principale beroep,1,Beoordeling,1,0.10953151,0.87122995,0.0012401629,0.006597633,0.011400782,1,beoordeling
ECLI:NL:HR:2016:339.txt,"De Hoge Raad: in het principale beroep: verwerpt het beroep; veroordeelt Fitness Carnisselande c.s. in de kosten van het geding in cassatie, tot op deze uitspraak aan de zijde van [verweerster] begroot op [geld] aan verschotten en [geld]-- voor salaris. in het incidentele beroep: verwerpt het beroep; veroordeelt [verweerster] in de kosten van het geding in cassatie, tot op deze uitspraak aan de zijde van Fitness Carnisselande c.s. begroot op [geld] aan verschotten en [geld]-- voor salaris.",beslissing,Beslissing,1,Beslissing,1,0.4851487,0.008080103,0.47121882,0.0028973583,0.03265496,0,None
ECLI:NL:RBLIM:2017:2839.txt,"De kantonrechter 3.1. wijst het verzoek af, 3.2. veroordeelt [verzoeker] in de proceskosten aan de zijde van Smurfit Kappa gevallen en tot op heden begroot op [geld] 3.3. veroordeelt [verzoeker], onder de voorwaarde dat deze niet binnen 2 weken na aanschrijving door Smurfit Kappa volledig aan deze uitspraak voldoet, in de na deze uitspraak ontstane kosten, begroot op: - [geld] aan salaris gemachtigde, - te vermeerderen, indien betekening van deze uitspraak heeft plaatsgevonden, met de explootkosten van betekening van deze uitspraak, 3.4. veroordeelt [verzoeker] in de proceskosten aan de zijde van SIF gevallen en tot op heden begroot op [geld] 3.5. veroordeelt [verzoeker], onder de voorwaarde dat deze niet binnen 2 weken na aanschrijving door SIF volledig aan deze uitspraak voldoet, in de na deze uitspraak ontstane kosten, begroot op: - [geld] aan salaris gemachtigde, vermeerderd met de wettelijke rente als bedoeld in artikel 6:119 BW met ingang van de vijftiende dag na aanschrijving, - te vermeerderen, indien betekening van het vonnis heeft plaatsgevonden, met de explootkosten van betekening van deze uitspraak, vermeerderd met de wettelijke rente als bedoeld in artikel 6:119 BW met ingang van de vijftiende dag na betekening, 3.6. verklaart deze beschikking ten aanzien van de veroordelingen uitvoerbaar bij voorraa",None,De beslissing,1,Beslissing,0,0.96287495,0.0019844368,0.023789715,0.0021936875,0.009157235,0,None
ECLI:NL:RBLIM:2017:2839.txt,"Aldus gegeven door mr. [naam], en in het openbaar uitgesproken op [datum] type: ThM coll:",None,De beslissing,1,Beslissing,0,0.9874418,0.0026869094,0.0023770102,0.0043035243,0.0031908387,0,None
ECLI:NL:RBNNE:2016:4308.txt,Bij beschikking van [datum] heeft de rechtbank de echtscheiding tussen partijen uitgesproken en alle overige beslissingen aangehouden.,materiele feiten,De feiten,1,Feiten,1,0.96448195,0.0034187557,0.0022771726,0.02481017,0.0050118514,0,None
ECLI:NL:RBNNE:2016:4308.txt,"De peetoom van de vrouw, heer [naam] overleden op [datum] te Sydney, heeft bij testament van [datum] de vrouw tot erfgename van een deel van zijn nalatenschap benoe",materiele feiten,De feiten,1,Feiten,1,0.04548305,0.007728468,0.0009859252,0.9184573,0.02734518,3,materiele feiten
ECLI:NL:RBNNE:2016:4308.txt,De vrouw heeft uit de nalatenschap van haar peetoom een bedrag van (omgerekend naar euro's) [geld]-- ontvangen.,materiele feiten,De feiten,1,Feiten,1,0.009697651,0.021620682,0.0011988844,0.9275869,0.039895862,3,materiele feiten
ECLI:NL:RBNNE:2016:4308.txt,Met betrekking tot de vermogensrechtelijke afwikkeling,None,Standpunt van de vrouw,1,Proceshandelingen partijen,0,0.9668177,0.015663626,0.005473392,0.005635553,0.0064096926,0,None
ECLI:NL:RBNNE:2016:4308.txt,Partijen zijn gehuwd in gemeenschap van goederen.,proceshandelingen,Standpunt van de vrouw,1,Proceshandelingen partijen,1,0.04811997,0.02279478,0.0015398194,0.839357,0.08818838,3,materiele feiten
ECLI:NL:RBNNE:2016:4308.txt,"Tot de gemeenschap behoren alle goederen van partijen bij aanvang van de gemeenschap aanwezig of nadien verkregen, met uitzondering van goederen ten aanzien waarvan bij uiterste wilsbeschikking van de erflater of bij de gift is bepaald dat zij buiten de gemeenschap vallen.",proceshandelingen,Standpunt van de vrouw,1,Proceshandelingen partijen,1,0.9608224,0.011399449,0.0022539406,0.009902932,0.01562126,0,None
ECLI:NL:RBNNE:2016:4308.txt,De vrouw is primair van mening dat het testament van haar peetoom niet anders kan worden uitgelegd dan dat hij in zijn testament heeft beoogd te bepalen dat hetgeen hij nalaat exclusief aan de vrouw toekomt en dus niet via boedelmening ook aan de man toekomt.,proceshandelingen,Standpunt van de vrouw,1,Proceshandelingen partijen,1,0.010056162,0.065910056,0.0016566309,0.05053997,0.8718372,4,proceshandelingen
ECLI:NL:RBNNE:2016:4308.txt,"Dat blijkt niet alleen uit de toevoeging van de passage ""for her own use and benefit absolutely"", maar ook uit het onderscheid dat de oom heeft gemaakt in de partners van zijn broer en zus.",proceshandelingen,Standpunt van de vrouw,1,Proceshandelingen partijen,1,0.05110245,0.89036524,0.0020364525,0.021052776,0.035443116,1,beoordeling
ECLI:NL:RBNNE:2016:4308.txt,Met betrekking tot hen heeft de oom voorts bepaald dat bij vooroverlijden van een broer of (schoon)zus met achterlating van een echtgeno(o)t(e) deze echtgeno(o)t(e) voor de voor overleden broer of (schoon)zus in de plaats treedt.,proceshandelingen,Standpunt van de vrouw,1,Proceshandelingen partijen,1,0.58238673,0.09192732,0.0016397624,0.04856687,0.27547932,0,None
ECLI:NL:RBNNE:2016:4308.txt,Een dergelijke passage is met betrekking tot de vrouw niet toegevoeg,proceshandelingen,Standpunt van de vrouw,1,Proceshandelingen partijen,1,0.21021272,0.7631426,0.0020942374,0.0053360267,0.019214459,1,beoordeling
ECLI:NL:RBNNE:2016:4308.txt,"Haar peetoom heeft in zijn testament zeer specifiek omschreven wie hij wat wilde nalaten en wie niet en zijn wens was om alleen aan de vrouw, met wie hij een duidelijke band had, vermogen na te laten en niet ook aan de man, als zijnde de echtgenoot.",proceshandelingen,Standpunt van de vrouw,1,Proceshandelingen partijen,1,0.051142965,0.0424765,0.0016466401,0.38680816,0.5179257,4,proceshandelingen
ECLI:NL:RBNNE:2016:4308.txt,"De clausule in het testament, in onderling verband en samenhang bezien met de overige bepalingen in het testament en de plaats en wijze waarop het testament tot stand is gebracht, kan niet anders dan tot de slotsom leiden dat sprake is van een uitsluitingsclausule als bedoel in artikel 1:94 lid s Burgerlijk Wetboek (BW).",proceshandelingen,Standpunt van de vrouw,1,Proceshandelingen partijen,1,0.16523191,0.81840485,0.0021659061,0.0047028307,0.009494513,1,beoordeling
ECLI:NL:RBNNE:2016:4308.txt,De vrouw stelt zich subsidiair op het standpunt dat het in strijd met de redelijkheid en billijkheid is om te oordelen dat de erfenis in de gemeenschap valt.,proceshandelingen,Standpunt van de vrouw,1,Proceshandelingen partijen,1,0.009177765,0.043160275,0.0029477845,0.018990219,0.92572397,4,proceshandelingen
ECLI:NL:RBNNE:2016:4308.txt,Zij voert daartoe aan dat het voor partijen tijdens het huwelijk vaststond dat de erfenis privévermogen van de vrouw behoort.,proceshandelingen,Standpunt van de vrouw,1,Proceshandelingen partijen,1,0.034493398,0.011025096,0.0032394624,0.015430238,0.9358118,4,proceshandelingen
ECLI:NL:RBNNE:2016:4308.txt,"De vrouw heeft voor het ontvangen van de bedragen uit de nalatenschap een aparte bankrekening bij de Rabobank geopend, die uitsluitend op haar naam was geste",proceshandelingen,Standpunt van de vrouw,1,Proceshandelingen partijen,1,0.014223539,0.026978713,0.0012808236,0.8956385,0.06187838,3,materiele feiten
ECLI:NL:RBNNE:2016:4308.txt,Vóór die tijd had de vrouw geen privérekening.,proceshandelingen,Standpunt van de vrouw,1,Proceshandelingen partijen,1,0.025129223,0.028019518,0.0027680576,0.4401076,0.5039756,4,proceshandelingen
ECLI:NL:RBNNE:2016:4308.txt,"De vrouw heeft tijdens de huwelijkse periode diverse giften van haar vader ontvangen, een aantal voorzien van een uitsluitingsclausule als in de wet bedoe",proceshandelingen,Standpunt van de vrouw,1,Proceshandelingen partijen,1,0.018235656,0.03346684,0.0014589867,0.7753406,0.17149794,3,materiele feiten
ECLI:NL:RBNNE:2016:4308.txt,"Dat er van een uitsluitingsclausule sprake was, volgt uit de omschrijving bij de gift, maar ook uit het feit dat deze giften door partijen als zodanig zijn beschouw",proceshandelingen,Standpunt van de vrouw,1,Proceshandelingen partijen,1,0.05175832,0.89653575,0.0015022425,0.01809997,0.032103684,1,beoordeling
ECLI:NL:RBNNE:2016:4308.txt,Haar vader heeft de giften ook betaald op de bankrekening die uitsluitend op naam van de vrouw was geste,proceshandelingen,Standpunt van de vrouw,1,Proceshandelingen partijen,1,0.01618988,0.052303515,0.0031378863,0.5346003,0.3937684,3,materiele feiten
ECLI:NL:RBNNE:2016:4308.txt,"Er van uitgaande dat de rechtbank het privévermogen van de vrouw uit de nalatenschap en/of de giften erkent, maakt de vrouw aanspraak op vergoeding van hetgeen uit haar privévermogen is onttrokken ten behoeve van de gemeenschap van partijen, te weten een bedrag van [geld]--.",proceshandelingen,Standpunt van de vrouw,1,Proceshandelingen partijen,1,0.19294469,0.7806396,0.0010310921,0.013372769,0.012011848,1,beoordeling
ECLI:NL:RBNNE:2016:4308.txt,Dit bedrag is gebruikt ter betaling van allerhande gezamenlijke uitgaven van partijen.,proceshandelingen,Standpunt van de vrouw,1,Proceshandelingen partijen,1,0.33701628,0.027337624,0.0033472737,0.5319571,0.10034177,3,materiele feiten
ECLI:NL:RBNNE:2016:4308.txt,"Indien na vergoeding van dit bedrag nog een saldo op de gemeenschappelijke bankrekening resteert, kan dat saldo bij helfte worden tussen partijen worden verdee",proceshandelingen,Standpunt van de vrouw,1,Proceshandelingen partijen,1,0.8902439,0.031570368,0.0024518343,0.018737491,0.05699643,0,None
ECLI:NL:RBNNE:2016:4308.txt,Met betrekking tot de partneralimentatie,None,Standpunt van de vrouw,1,Proceshandelingen partijen,0,0.900754,0.04062923,0.0045104856,0.036982477,0.017123824,0,None
ECLI:NL:RBNNE:2016:4308.txt,De vrouw stelt dat het verzoek tot vaststelling van een partneralimentatie samenhangt met het oordeel van de rechtbank ter zake de erfenis en de giften.,proceshandelingen,Standpunt van de vrouw,1,Proceshandelingen partijen,1,0.01216946,0.019139616,0.0019987987,0.03777537,0.92891675,4,proceshandelingen
ECLI:NL:RBNNE:2016:4308.txt,"Indien en voor zover de rechtbank het standpunt van de vrouw hierover volgt en dit vermogen als privévermogen aanmerkt, is de vrouw van mening dat zij met haar inkomsten uit arbeid en het vermogen in staat is in de kosten van haar levensonderhoud te voorzien.",proceshandelingen,Standpunt van de vrouw,1,Proceshandelingen partijen,1,0.41240847,0.43327138,0.0013591686,0.08037237,0.07258859,1,beoordeling
ECLI:NL:RBNNE:2016:4308.txt,In zoverre heeft het verzoek tot vaststelling van een partneralimentatie een voorwaardelijk karakter.,proceshandelingen,Standpunt van de vrouw,1,Proceshandelingen partijen,1,0.02741861,0.89475155,0.001129378,0.031891067,0.04480941,1,beoordeling
ECLI:NL:RBNNE:2016:4308.txt,Met betrekking tot de vermogensrechtelijke afwikkeling,None,Standpunt van de vrouw,1,Proceshandelingen partijen,0,0.9668177,0.015663626,0.005473392,0.005635553,0.0064096926,0,None
ECLI:NL:RBNNE:2016:4308.txt,De man betwist dat de erfenis als privévermogen van de vrouw buiten de gemeenschap van goederen valt.,proceshandelingen,Standpunt van de man,1,Proceshandelingen partijen,1,0.0051348154,0.018201176,0.0029593196,0.04686843,0.9268363,4,proceshandelingen
ECLI:NL:RBNNE:2016:4308.txt,Het is ook niet juist dat dit tijdens het huwelijk voor partijen vastston,proceshandelingen,Standpunt van de man,1,Proceshandelingen partijen,1,0.07698925,0.85862184,0.0014149045,0.021697236,0.04127682,1,beoordeling
ECLI:NL:RBNNE:2016:4308.txt,"Het feit dat (een deel van) dit geld op een alleen ten name van de vrouw gestelde rekening is gestort, maakt ook niet dat het geld buiten de gemeenschap valt.",proceshandelingen,Standpunt van de man,1,Proceshandelingen partijen,1,0.03035779,0.9274818,0.00095948135,0.024321467,0.016879499,1,beoordeling
ECLI:NL:RBNNE:2016:4308.txt,"Als de peetoom een uitsluitingsclausule zou hebben voorgestaan, dan zou hij deze ook uitdrukkelijk in het testament hebben opgenomen.",proceshandelingen,Standpunt van de man,1,Proceshandelingen partijen,1,0.08655189,0.6225811,0.005778166,0.015017131,0.2700717,1,beoordeling
ECLI:NL:RBNNE:2016:4308.txt,Hiervan is geen sprake.,proceshandelingen,Standpunt van de man,1,Proceshandelingen partijen,1,0.0904259,0.29180068,0.0019420934,0.118671104,0.49716026,4,proceshandelingen
ECLI:NL:RBNNE:2016:4308.txt,De man erkent dat partijen tijdens het huwelijke een aantal giften van de vader van de vrouw hebben ontvangen.,proceshandelingen,Standpunt van de man,1,Proceshandelingen partijen,1,0.005831668,0.015232872,0.00284657,0.039499637,0.9365893,4,proceshandelingen
ECLI:NL:RBNNE:2016:4308.txt,Deze giften waren echter niet voorzien van een uitsluitingsclausule.,proceshandelingen,Standpunt van de man,1,Proceshandelingen partijen,1,0.25023982,0.19463238,0.0016247327,0.19548777,0.35801524,4,proceshandelingen
ECLI:NL:RBNNE:2016:4308.txt,"Een aantal giften zijn op de gezamenlijke rekening gestort, waarvan een deel weliswaar werd overgeboekt naar de rekening van de vrouw, maar dat maakt niet dat deze giften daardoor buiten de gemeenschap vallen.",proceshandelingen,Standpunt van de man,1,Proceshandelingen partijen,1,0.0519004,0.7515984,0.0012307124,0.119735874,0.07553463,1,beoordeling
ECLI:NL:RBNNE:2016:4308.txt,"Waren deze giften uitsluitend voor de vrouw bedoeld, dan zou haar vader dit hebben aangegeven, hetgeen niet is gebeur",proceshandelingen,Standpunt van de man,1,Proceshandelingen partijen,1,0.027092084,0.4762966,0.0049529793,0.042878997,0.4487794,1,beoordeling
ECLI:NL:RBNNE:2016:4308.txt,"De man is op grond hiervan van mening dat de vrouw geen privévermogen heeft ontvangen, en dat alle aanwezige activa en passiva per datum indiening van het echtscheidingsverzoek deel uitmaken van de ontbonden gemeenschap van goederen en in twee gelijke delen verdeeld dienen te worden.",proceshandelingen,Standpunt van de man,1,Proceshandelingen partijen,1,0.006341553,0.021441901,0.0016304451,0.057346668,0.9132394,4,proceshandelingen
ECLI:NL:RBNNE:2016:4308.txt,"Het is dan ook onjuist om te stellen dat er een bedrag uit het privévermogen van de vrouw zou zijn gevloeid naar het gemeenschappelijke vermogen van partijen, zodat er ook geen sprake van is dat de vrouw een vergoedingsrecht toekomt.",proceshandelingen,Standpunt van de man,1,Proceshandelingen partijen,1,0.061984077,0.90963584,0.0010571928,0.012076176,0.015246678,1,beoordeling
ECLI:NL:RBNNE:2016:4308.txt,Met betrekking tot de partneralimentatie,None,Standpunt van de vrouw,1,Proceshandelingen partijen,0,0.90075344,0.040629487,0.0045104874,0.03698261,0.017123893,0,None
ECLI:NL:RBNNE:2016:4308.txt,"De man is van mening dat de vrouw over (voldoende) eigen inkomsten uit arbeid en/of vermogen beschikt, zodat zij niet aangewezen is op een door de man aan haar te betalen partneralimentatie.",proceshandelingen,Standpunt van de man,1,Proceshandelingen partijen,1,0.0063407095,0.04680626,0.0025401057,0.18767247,0.75664043,4,proceshandelingen
ECLI:NL:RBNNE:2016:4308.txt,"Ook wanneer de rechtbank beslist dat het aanwezige vermogen aan partijen gezamenlijk toebehoort en in de gemeenschap van goederen valt, is de vrouw in staat om in haar eigen levensonderhoud te voorzien.",proceshandelingen,Standpunt van de man,1,Proceshandelingen partijen,1,0.51337093,0.4512967,0.0018854545,0.01945618,0.013990706,0,None
ECLI:NL:RBNNE:2016:4308.txt,"Van de vrouw, die drie dagen per week werkt, mag immers worden verwacht dat zij haar arbeidsomvang uit te breiden, dan wel dat zij zich inspant om ander werk te vinden.",proceshandelingen,Standpunt van de man,1,Proceshandelingen partijen,1,0.030419417,0.95012856,0.0012074127,0.011392994,0.0068515767,1,beoordeling
ECLI:NL:RBNNE:2016:4308.txt,Met betrekking tot de vermogensrechtelijke afwikkeling,None,Standpunt van de vrouw,1,Proceshandelingen partijen,0,0.9668177,0.015663633,0.005473392,0.0056355586,0.0064096954,0,None
ECLI:NL:RBNNE:2016:4308.txt,Tussen partijen is niet in geschil dat Australische erfrecht van toepassing is op de erfopvolging en dat het huwelijksvermogensregime van partijen wordt beheerst door het Nederlands huwelijksvermogensrecht.,beoordeling,Beoordeling,1,Beoordeling,1,0.06060337,0.91506654,0.0011824331,0.008711231,0.014436396,1,beoordeling
ECLI:NL:RBNNE:2016:4308.txt,Volgens vaste rechtspraak bepaalt de op het huwelijksvermogensrecht toepasselijke wet of een verkrijging uit gift of nalatenschap al dan niet in de gemeenschap valt.,None,Beoordeling,1,Beoordeling,0,0.9584505,0.028010521,0.003414517,0.004530351,0.0055941436,0,None
ECLI:NL:RBNNE:2016:4308.txt,Partijen zijn naar Nederlands recht in gemeenschap van goederen gehuw,None,Beoordeling,1,Beoordeling,0,0.21537553,0.026338676,0.0017101093,0.694433,0.062142693,3,materiele feiten
ECLI:NL:RBNNE:2016:4308.txt,Krachtens Nederlands huwelijksvermogensrecht vallen de erfenis en de giften in de huwelijksgemeenschap tenzij in het testament of ter gelegenheid van de gift uitdrukkelijk is bepaald dat de erfenis of de gift buiten de gemeenschap valt.,None,Beoordeling,1,Beoordeling,0,0.98007286,0.005613544,0.0031501339,0.0042071138,0.006956341,0,None
ECLI:NL:RBNNE:2016:4308.txt,Het onderhavige geschil spitst zich toe op beantwoording van de vraag of er met betrekking tot de erfenis en de giften die de vader van de vrouw heeft gedaan een dergelijke uitsluitingsclausule is gemaakt.,beoordeling,Beoordeling,1,Beoordeling,1,0.044945467,0.9354615,0.0013986944,0.0075023137,0.010691954,1,beoordeling
ECLI:NL:RBNNE:2016:4308.txt,Met betrekking tot de erfenis De peetoom van de vrouw heeft over zijn nalatenschap bij testament beschikt.,None,Beoordeling,1,Beoordeling,0,0.94296247,0.0055870665,0.0026963302,0.035554156,0.01320001,0,None
ECLI:NL:RBNNE:2016:4308.txt,"Artikel 5 van het testament bepaalt: ""5 (...) (a) as to one-half part of share thereof, for my goddaughter, [verzoekster] of [adres], The Netherlands for her own use and benefit absolutely (cursief door de rechtbank) PROVIDED ALWAYS that if my said goddaughter shall predecease me then upon the same trusts as are set in clause 5(b) of this my Will (b) as to the remaning one-half share or part of my residury estate UPON TRUST for such of them my brother,(rechtbank: 8 personen) as shall survive me and if more than one then as tenants in common in equal shares PROVIDED THAT if any of them my said brothers, sisters and sister-in-law shall predecease me leaving his or her spouse who shall survive me then such spouse shall take the share of and in my estate which his or her deceased spouse would have taken had he or she survive me PROVIDED FURTHER that if any of them my said brothers, sisters of sister-in-law shall predecease me leaving no spouse who shall survive me but leaving a child or children who shall survive me and who shall attain or shall have attained the age of eighteen (18) years then such child or children shall take the share of and in my estate wich his, her of their parent would have taken had he or she survived me and if more thans one as tenants in common in equal shares.",None,Beoordeling,1,Beoordeling,0,0.9895678,0.0019289305,0.0022848484,0.0032968544,0.0029215256,0,None
ECLI:NL:RBNNE:2016:4308.txt,""" De rechtbank leidt uit de (letterlijke) tekst van artikel 5 af dat het de bedoeling van de peetoom van de vrouw is geweest dat de erfenis alleen aan de vrouw zou toekomen.",None,Beoordeling,1,Beoordeling,0,0.96958363,0.02121157,0.0024243288,0.004060465,0.0027199166,0,None
ECLI:NL:RBNNE:2016:4308.txt,"Bij dit oordeel wordt, naast de zinssnede ""for her own use and benefit absolutely"", mede in aanmerking genomen de omstandigheid dat de peetoom in zijn testament voorts heeft bepaald dat het erfdeel van de vrouw, in tegenstelling tot hetgeen hij heeft bepaald bij zijn broer en (schoon)zussen), bij vooroverlijden van de vrouw niet toekomt aan de man of de kinderen van de vrouw, maar aan de andere erfgenamen.",beoordeling,Beoordeling,1,Beoordeling,1,0.12745792,0.84852535,0.0010771505,0.010977393,0.011962132,1,beoordeling
ECLI:NL:RBNNE:2016:4308.txt,"De rechtbank concludeert dan ook dat sprake is van een door de peetoom gewenste uitsluitingsclausule, zodat de erfenis derhalve buiten de gemeenschap valt.",beoordeling,Beoordeling,1,Beoordeling,1,0.04276673,0.9356247,0.0009848347,0.015922874,0.004700907,1,beoordeling
ECLI:NL:RBNNE:2016:4308.txt,Oordeel ten aanzien van de giften Gedurende het huwelijk heeft de vader van de vrouw schenkingen gedaan op onder meer de bankrekening ten name van de vrouw.,None,Beoordeling,1,Beoordeling,0,0.9594977,0.010725926,0.002631424,0.021283878,0.005861078,0,None
ECLI:NL:RBNNE:2016:4308.txt,"De vrouw stelt dat deze schenkingen niet in de gemeenschap vallen, omdat de uitdrukkelijke wil van haar vader is geweest dat deze niet in de gemeenschap vallen.",proceshandelingen,Beoordeling,1,Beoordeling,1,0.01759851,0.021840626,0.002416523,0.116054155,0.8420902,4,proceshandelingen
ECLI:NL:RBNNE:2016:4308.txt,Dat blijkt volgens de vrouw duidelijk uit de omschrijving bij de bankoverschrijving.,proceshandelingen,Beoordeling,1,Beoordeling,1,0.016934333,0.059537806,0.0024789043,0.21598212,0.70506686,4,proceshandelingen
ECLI:NL:RBNNE:2016:4308.txt,Om die reden zijn de schenkingen ook gestort op een rekening die alleen ten name van de vrouw staat.,proceshandelingen,Beoordeling,1,Beoordeling,1,0.14356303,0.1258563,0.0014144324,0.35242394,0.37674233,4,proceshandelingen
ECLI:NL:RBNNE:2016:4308.txt,"De man stelt dat de giften in de gemeenschap vallen, omdat niet is aangetoond dat ten aanzien van die giften is bepaald dat zij privé voor de vrouw zouden zijn.",proceshandelingen,Beoordeling,1,Beoordeling,1,0.008032025,0.035068575,0.0022102986,0.09198652,0.86270255,4,proceshandelingen
ECLI:NL:RBNNE:2016:4308.txt,De rechtbank overweegt dat een uitsluitingsclausule bij een gift vormvrij is.,beoordeling,Beoordeling,1,Beoordeling,1,0.06979083,0.91006166,0.001052826,0.013726216,0.0053684595,1,beoordeling
ECLI:NL:RBNNE:2016:4308.txt,Dit betekent dat ook aan een girale overboeking een uitsluitingsclausule kan worden verbonden.,beoordeling,Beoordeling,1,Beoordeling,1,0.075990975,0.8769958,0.001377628,0.01832525,0.027310327,1,beoordeling
ECLI:NL:RBNNE:2016:4308.txt,Een eventuele uitsluiting moet echter zijn bedongen ten tijde van het doen van de gift.,beoordeling,Beoordeling,1,Beoordeling,1,0.5895223,0.35476094,0.0017680643,0.017950974,0.035997644,0,None
ECLI:NL:RBNNE:2016:4308.txt,Deze kan niet achteraf worden gedaan.,beoordeling,Beoordeling,1,Beoordeling,1,0.6029647,0.054692626,0.0031772752,0.23113292,0.108032495,0,None
ECLI:NL:RBNNE:2016:4308.txt,"De vader van de vrouw heeft bij de omschrijving van de giften de omschrijving geplaatst ""gift dochter"", ""gift pa"", ""gift 2011 van pa voor dochter"", ""gift pa"", en ""gift dochter 2014"".",materiele feiten,Beoordeling,1,Beoordeling,1,0.19037214,0.0077175186,0.0013012537,0.7737011,0.026907917,3,materiele feiten
ECLI:NL:RBNNE:2016:4308.txt,"Naar het oordeel van de rechtbank zijn deze vermeldingen vooralsnog onvoldoende om aan te nemen dat de vader van de vrouw ten tijde dat hij de overboeking deed, de uitdrukkelijke wens had dat deze bedragen niet in de huwelijksgemeenschap zouden vallen.",beoordeling,Beoordeling,1,Beoordeling,1,0.58966905,0.37638047,0.0014469589,0.025790108,0.0067134113,0,None
ECLI:NL:RBNNE:2016:4308.txt,"De rechtbank acht hierbij van belang dat de vader van de vrouw, blijkens de door de vrouw overgelegde ""verklaring van executie""",beoordeling,Beoordeling,1,Beoordeling,1,0.12061189,0.85798943,0.0011913734,0.014659562,0.005547796,1,beoordeling
ECLI:NL:RBNNE:2016:4308.txt,[datum] bekend was met de mogelijkheid van het opnemen van een uitsluitingsclausule.,beoordeling,Beoordeling,1,Beoordeling,1,0.10641268,0.12614614,0.0019613847,0.28778228,0.47769746,4,proceshandelingen
ECLI:NL:RBNNE:2016:4308.txt,"Dat de vader bedragen heeft overgemaakt op een bankrekening die alleen naam van de vrouw was gesteld, kan -voor zover binnen een gemeenschap van goederen al sprake van een privébankrekening kan zijn- niet leiden tot een ander oordee",beoordeling,Beoordeling,1,Beoordeling,1,0.070286565,0.91206384,0.0012388632,0.00617629,0.010234395,1,beoordeling
ECLI:NL:RBNNE:2016:4308.txt,Gelet op het vorenstaande en gelet op het uitdrukkelijke aanbod daartoe zal de rechtbank de vrouw de gelegenheid bieden haar stelling dat de door haar vader gedane schenkingen niet in de gemeenschap vallen te bewijzen.,beoordeling,Beoordeling,1,Beoordeling,1,0.2778785,0.70552087,0.0028666614,0.010508351,0.0032255382,1,beoordeling
ECLI:NL:RBNNE:2016:4308.txt,"De zaak zal naar de rolzitting van [datum] worden verwezen, opdat de vrouw te kennen kan geven of en hoe zij aan de bewijsopdracht wenst te voldoen.",beoordeling,Beoordeling,1,Beoordeling,1,0.9606369,0.025000738,0.0011729853,0.008858283,0.0043311003,0,None
ECLI:NL:RBNNE:2016:4308.txt,Uiteraard kan deze uitlating schriftelijk worden gedaan.,beoordeling,Beoordeling,1,Beoordeling,1,0.9637418,0.021013554,0.0012270925,0.0059607383,0.008056742,0,None
ECLI:NL:RBNNE:2016:4308.txt,"Voor het geval de vrouw getuigen wenst te laten horen, dient zij alsdan de namen van de te horen getuigen op te geven alsmede de verhinderdata in de periode van drie maanden volgende op die rolzitting.",beoordeling,Beoordeling,1,Beoordeling,1,0.9308491,0.020547492,0.002143769,0.022506654,0.023952981,0,None
ECLI:NL:RBNNE:2016:4308.txt,De man dient op deze rolzitting (schriftelijk) zijn verhinderdata in deze periode op te geven.,beoordeling,Beoordeling,1,Beoordeling,1,0.0321912,0.1381099,0.0017551814,0.5258898,0.3020539,3,materiele feiten
ECLI:NL:RBNNE:2016:4308.txt,"Indien een getuigenverhoor dient plaats te vinden, zal op die zitting een datum voor het verhoor worden vastgeste",beoordeling,Beoordeling,1,Beoordeling,1,0.9679436,0.0067394376,0.001113209,0.014086666,0.0101170065,0,None
ECLI:NL:RBNNE:2016:4308.txt,"Met betrekking tot de overige geschilpunten en verzoeken Ter mondelinge behandeling is afgesproken dat partijen naar aanleiding van het oordeel van de rechtbank over de erfenis en de giften, nader met elkaar in overleg zullen treden en de rechtbank zullen berichten over het door hen gewenste verloop van de procedure.",None,Beoordeling,1,Beoordeling,0,0.981967,0.0034681794,0.0021135067,0.004488395,0.007962923,0,None
ECLI:NL:RBNNE:2016:4308.txt,Gelet op deze afspraak zal de rechtbank de beslissingen aanhouden.,beoordeling,Beoordeling,1,Beoordeling,1,0.65868986,0.32613274,0.0062534455,0.005730112,0.0031938883,0,None
ECLI:NL:RBNNE:2016:4308.txt,BESLISSING De rechtbank: laat de vrouw toe tot het bewijs dat de door haar vader gedane schenkingen niet in de gemeenschap vallen; verwijst de zaak naar de rolzitting van [datum] voor uitlating door partijen als bedoeld in overweging 6.3; houdt elke verdere beslissing aan.,None,Beoordeling,1,Beoordeling,0,0.9660313,0.0040467535,0.02462066,0.0015929479,0.0037083835,0,None
ECLI:NL:RBNNE:2016:4308.txt,Deze beschikking is gegeven te Groningen door [naam] en uitgesproken ter openbare terechtzitting van [datum] in tegenwoordigheid van de griffier.,None,Beoordeling,1,Beoordeling,0,0.9885106,0.002665538,0.0030988564,0.0029131698,0.0028117443,0,None
ECLI:NL:RBOBR:2020:3584.txt,[naam bestuurder NOVAJA] is sinds [datum] bestuurder van Novaja Consultancy B.,materiele feiten,De relevante feiten,1,Feiten,1,0.061829843,0.007841372,0.0009237936,0.917023,0.012382054,3,materiele feiten
ECLI:NL:RBOBR:2020:3584.txt,; de vennootschap houdt zich bezig met advisering op het gebied van management en bedrijfsvoering.,materiele feiten,De relevante feiten,1,Feiten,1,0.3034407,0.06138287,0.009548376,0.56469357,0.060934424,3,materiele feiten
ECLI:NL:RBOBR:2020:3584.txt,Voorheen (tot 2014) was [naam bestuurder NOVAJA] werkzaam als accountant.,materiele feiten,De relevante feiten,1,Feiten,1,0.03766981,0.010655516,0.00083624135,0.93547297,0.015365386,3,materiele feiten
ECLI:NL:RBOBR:2020:3584.txt,In 2014 is hij arbeidsongeschikt geraakt vanwege een hersentumor.,materiele feiten,De relevante feiten,1,Feiten,1,0.011028927,0.0069108186,0.0010848845,0.96760947,0.013365845,3,materiele feiten
ECLI:NL:RBOBR:2020:3584.txt,[naam bestuurder NOVAJA] was op dat moment partner/grootaandeelhouder van accountantskantoor B&P Groep N,materiele feiten,De relevante feiten,1,Feiten,1,0.39685872,0.013791742,0.0023709203,0.56495684,0.02202171,3,materiele feiten
ECLI:NL:RBOBR:2020:3584.txt,Op [datum] is [naam bestuurder NOVAJA] teruggetreden als bestuurder van B&P Groep B.,materiele feiten,De relevante feiten,1,Feiten,1,0.038843475,0.0049541653,0.0007812283,0.94638914,0.009031981,3,materiele feiten
ECLI:NL:RBOBR:2020:3584.txt,.,beoordeling,De relevante feiten,1,Feiten,1,0.15265024,0.41752458,0.006308309,0.31919885,0.104318075,1,beoordeling
ECLI:NL:RBOBR:2020:3584.txt,Op [datum] is [naam bestuurder NOVAJA] fulltime in dienst getreden bij Deloitte in de functie van Director.,materiele feiten,De relevante feiten,1,Feiten,1,0.041428175,0.005895677,0.0009882429,0.9442791,0.007408816,3,materiele feiten
ECLI:NL:RBOBR:2020:3584.txt,Per [datum] is [naam bestuurder NOVAJA] partner bij Deloitte geworden.,materiele feiten,De relevante feiten,1,Feiten,1,0.104765594,0.007091093,0.0010763704,0.87640053,0.010666364,3,materiele feiten
ECLI:NL:RBOBR:2020:3584.txt,Vanwege zijn ziekte heeft [naam bestuurder NOVAJA] vanaf [datum] een arbeidsongeschiktheidsuitkering ontvangen van Achmea.,materiele feiten,De relevante feiten,1,Feiten,1,0.01925171,0.00495214,0.00066657877,0.9655349,0.009594706,3,materiele feiten
ECLI:NL:RBOBR:2020:3584.txt,[naam bestuurder NOVAJA] ontving gedurende zijn werk voor Deloitte nog steeds deze uitkering.,materiele feiten,De relevante feiten,1,Feiten,1,0.010123727,0.012043211,0.0010571633,0.92331463,0.053461354,3,materiele feiten
ECLI:NL:RBOBR:2020:3584.txt,"Op [datum] heeft het Verbond van Verzekeraars aan Achmea laten weten dat zij door Deloitte waren benaderd, omdat Deloitte een anonieme melding had ontvangen met het bericht dat [naam bestuurder NOVAJA] de voorgaande jaren mogelijk ten onrechte een arbeidsongeschiktheidsuitkering had ontvangen. 2.5. bij brief van [datum] heeft Achmea [naam bestuurder NOVAJA] bericht dat zij de verzekeringsovereenkomst per die datum beëindigde en de uitkering en gemaakte kosten terugvorderde vanaf [datum] omdat volgens Achmea [naam bestuurder NOVAJA] haar opzettelijk had misleid over zijn arbeidsongeschiktheid sinds hij in dienst was getreden bij Deloitte.",materiele feiten,De relevante feiten,1,Feiten,1,0.290756,0.004408832,0.0012531144,0.6626621,0.040920008,3,materiele feiten
ECLI:NL:RBOBR:2020:3584.txt,Op [datum] heeft Achmea de persoonsgegevens van [naam bestuurder NOVAJA] opgenomen in haar interne incidentenregister.,materiele feiten,De relevante feiten,1,Feiten,1,0.068039834,0.0076419576,0.0009078537,0.91592276,0.0074875695,3,materiele feiten
ECLI:NL:RBOBR:2020:3584.txt,[naam bestuurder NOVAJA] is voorts voor een periode van 8 jaar opgenomen in het Extern Verwijzingsregister (“EVR”).,materiele feiten,De relevante feiten,1,Feiten,1,0.075465746,0.014443648,0.00085872377,0.89411134,0.015120555,3,materiele feiten
ECLI:NL:RBOBR:2020:3584.txt,Deloitte en [naam bestuurder NOVAJA] zijn per [datum] uit elkaar gegaan.,materiele feiten,De relevante feiten,1,Feiten,1,0.046018176,0.005987872,0.0007572285,0.9268875,0.020349285,3,materiele feiten
ECLI:NL:RBOBR:2020:3584.txt,[naam bestuurder NOVAJA] kwam [datum] in contact met BDO Holding.,materiele feiten,De relevante feiten,1,Feiten,1,0.042297527,0.0058905575,0.0007843328,0.9395977,0.011429914,3,materiele feiten
ECLI:NL:RBOBR:2020:3584.txt,"BDO Holding heeft vier dochterondernemingen: BDO Advisory, BDO Accountancy, BDO Belastingadvies en BDO Audit.",materiele feiten,De relevante feiten,1,Feiten,1,0.11712266,0.023638258,0.002461131,0.8118368,0.044941172,3,materiele feiten
ECLI:NL:RBOBR:2020:3584.txt,BDO Holding was op dat moment op zoek naar een functionaris op partnerniveau met technologie affiniteit die zorg zou dragen voor het opzetten en uitbouwen van een Technologie Praktijk binnen BDO Advisory.,materiele feiten,De relevante feiten,1,Feiten,1,0.1056629,0.024288772,0.0017539215,0.8304957,0.03779866,3,materiele feiten
ECLI:NL:RBOBR:2020:3584.txt,BDO Holding was gelet op zijn curriculum geïnteresseerd in [naam bestuurder NOVAJA].,None,De relevante feiten,1,Feiten,0,0.9403254,0.0091751665,0.0015942088,0.04269015,0.0062150466,0,None
ECLI:NL:RBOBR:2020:3584.txt,Partijen zijn in onderhandeling gegaan over een overeenkomst met [naam bestuurder NOVAJA] voor de tak BDO Advisory met het oog op een benoeming tot Equity Partner op termijn.,materiele feiten,De relevante feiten,1,Feiten,1,0.08629003,0.008666998,0.0012225516,0.86448056,0.039339937,3,materiele feiten
ECLI:NL:RBOBR:2020:3584.txt,In verband met een mogelijk te sluiten overeenkomst heeft de afdeling Quality Risk Management & Legal van BDO Holding [naam bestuurder NOVAJA] op [datum] verzocht een vragenlijst in te vullen voor een interne Betrouwbaarheidstoetsing.,materiele feiten,De relevante feiten,1,Feiten,1,0.15078448,0.0067702355,0.0011882501,0.8286938,0.0125632305,3,materiele feiten
ECLI:NL:RBOBR:2020:3584.txt,[naam bestuurder NOVAJA] heeft dit formulier ingevuld en ondertekend op [datum] en na herhaaldelijk aandringen op [datum] ingelever,materiele feiten,De relevante feiten,1,Feiten,1,0.2588109,0.0060012727,0.0013221555,0.71936303,0.014502624,3,materiele feiten
ECLI:NL:RBOBR:2020:3584.txt,Bij de invulling van dit vragenformulier heeft [naam bestuurder NOVAJA] BDO Holding niet op de hoogte gesteld van de inhoud van de brief van Achmea van [datum],materiele feiten,De relevante feiten,1,Feiten,1,0.18900673,0.0065001287,0.0009421838,0.75619215,0.04735884,3,materiele feiten
ECLI:NL:RBOBR:2020:3584.txt,Op de vraag of [naam bestuurder NOVAJA] ooit als verdachte betrokken was geweest bij een strafbaar feit gaf [naam bestuurder NOVAJA] een bevestigend antwoord gegeven.,materiele feiten,De relevante feiten,1,Feiten,1,0.060456596,0.023462089,0.001346577,0.616907,0.29782775,3,materiele feiten
ECLI:NL:RBOBR:2020:3584.txt,In de toelichting bracht [naam bestuurder NOVAJA] naar voren dat het een lopende strafzaak tegen hem betrof vanwege een fiscale kwestie uit 2008-2010 met betrekking tot de belastingaangifte van zijn bedrijf B&P Groep N,materiele feiten,De relevante feiten,1,Feiten,1,0.38148865,0.01092401,0.0011057692,0.5314373,0.07504421,3,materiele feiten
ECLI:NL:RBOBR:2020:3584.txt,Zijn betrokkenheid bij de feiten zou betreffen het feitelijk leiding geven aan de verboden gedragingen.,materiele feiten,De relevante feiten,1,Feiten,1,0.006556435,0.10811273,0.0035801188,0.0847524,0.7969983,4,proceshandelingen
ECLI:NL:RBOBR:2020:3584.txt,Nog vóór inlevering van voornoemd vragenformulier heeft [naam bestuurder NOVAJA] bij e-mail van [datum] betrokkenheid bij genoemde strafzaak onder de aandacht gebracht bij BDO Holding.,None,De relevante feiten,1,Feiten,0,0.088952534,0.0068032877,0.0009536048,0.8290236,0.07426693,3,materiele feiten
ECLI:NL:RBOBR:2020:3584.txt,Deze kwestie (‘de BTW-kwestie’) was voor BDO Holding aanleiding om de Raad van Bestuur de vraag voor te leggen of deze kwestie afbreuk doet aan de integriteit van [naam bestuurder NOVAJA] en of dit in de weg staat aan de benoeming tot Equity partner.,materiele feiten,De relevante feiten,1,Feiten,1,0.508477,0.20867305,0.0012942429,0.15926833,0.12228739,0,None
ECLI:NL:RBOBR:2020:3584.txt,Die vraag werd bevestigend beantwoord en BDO Holding besloot [naam bestuurder NOVAJA] daarom voorlopig een tijdelijk contract aan te bieden als Associate Partner totdat duidelijkheid zou komen over de afloop van de strafzaak.,materiele feiten,De relevante feiten,1,Feiten,1,0.19050659,0.041248128,0.0013559735,0.48268473,0.2842045,3,materiele feiten
ECLI:NL:RBOBR:2020:3584.txt,"Partijen zijn vervolgens op [datum] de Associated Partner Overeenkomst (hierna: opdrachtovereenkomst) aangegaan voor de periode van één jaar ([datum] tot en met [datum] 2.13. In de opdrachtovereenkomst is – voor zover hier relevant – in artikel 2 (opdracht en werkzaamheden), artikel 3 (honorarium en vergoeding), artikel 4 (benoeming tot Equity Partner), artikel 7 (geheimhouding), artikel 8 (doortrekken bedingen), artikel 9 (boetebeding), artikel 12 (beëindiging en voortzetting overeenkomst) en artikel 13 (ontbinding overeenkomst) het volgende opgenomen: Artike",None,De relevante feiten,1,Feiten,0,0.96344715,0.0040650927,0.0020078113,0.02234589,0.008134079,0,None
ECLI:NL:RBOBR:2020:3584.txt,Opdrachtnemer oefent de Werkzaamheden gedurende gemiddeld veertig (40) uren per week uit (...); Artike,None,De relevante feiten,1,Feiten,0,0.8093238,0.0102644,0.0075024343,0.16006364,0.012845804,0,None
ECLI:NL:RBOBR:2020:3584.txt,"Opdrachtnemer zal de Werkzaamheden met de vereiste bekwaamheid en zorgvuldigheid en overigens als een goed opdrachtnemer, verrichten.",None,De relevante feiten,1,Feiten,0,0.6856168,0.054258857,0.0042390125,0.22227319,0.03361215,0,None
ECLI:NL:RBOBR:2020:3584.txt,"Met inachtneming van het bepaalde in deze overeenkomst, oefent Opdrachtnemer de Werkzaamheden zelfstandig en naar eigen inzicht uit.",None,De relevante feiten,1,Feiten,0,0.9789482,0.0062636756,0.0042760205,0.0062067513,0.0043053594,0,None
ECLI:NL:RBOBR:2020:3584.txt,Opdrachtnemer zal tijdig verleende en verantwoorde aanwijzingen en instructies van Opdrachtgever omtrent het resultaat van de Werkzaamheden opvolgen; Artike,None,De relevante feiten,1,Feiten,0,0.9548043,0.007482286,0.012175722,0.008054998,0.0174827,0,None
ECLI:NL:RBOBR:2020:3584.txt,Het door Opdrachtgever aan Opdrachtnemer verschuldigde honorarium voor het verrichten van de Werkzaamheden bedraagt drieëntwintig duizend euro ([geld]) exclusief omzetbelasting maand uitgaande van het in artikel 2.2 genoemde aantal uren.,None,De relevante feiten,1,Feiten,0,0.6745005,0.015394626,0.002305793,0.28088155,0.026917439,0,None
ECLI:NL:RBOBR:2020:3584.txt,(...); Artike,None,De relevante feiten,1,Feiten,0,0.97306406,0.0070310673,0.0013860521,0.011279874,0.0072389804,0,None
ECLI:NL:RBOBR:2020:3584.txt,"Partijen streven ernaar dat Opdrachtnemer, althans de heer [naam bestuurder NOVAJA], ten spoedigste na ondertekening van deze overeenkomst tot equity partner van Opdrachtgever wordt benoe",None,De relevante feiten,1,Feiten,0,0.9800842,0.002562231,0.0019179501,0.010700373,0.004735257,0,None
ECLI:NL:RBOBR:2020:3584.txt,"Opdrachtnemer kan op geen enkele wijze enige rechten ontlenen aan het in de vorige zin bepaalde en is zich ervan bewust dat van een benoeming alleen sprake kan zijn, wanneer alle binnen Opdrachtgever daartoe geldende procedures en voorschriften zijn nageleefd; Artike",None,De relevante feiten,1,Feiten,0,0.9818247,0.005975385,0.004631159,0.0025256316,0.005043092,0,None
ECLI:NL:RBOBR:2020:3584.txt,Opdrachtnemer is zowel tijdens de duur van deze overeenkomst als na afloop daarvan verplicht tot strikte geheimhouding van al hetgeen waarmee hij in verband met de uitvoering van deze overeenkomst van Opdrachtgever en/of haar cliënten bekend is of wordt.,None,De relevante feiten,1,Feiten,0,0.9364934,0.024622234,0.0068334364,0.013659062,0.018391954,0,None
ECLI:NL:RBOBR:2020:3584.txt,Deze verplichting geldt met betrekking tot alle gegevens waarvan Opdrachtnemer het vertrouwelijk karakter kent of behoort te kennen en waarvan Opdrachtnemer weet of kan weten dat kennisneming daarvan door een derde het belang van Opdrachtgever of van (een van) haar cliënten kan schaden.,None,De relevante feiten,1,Feiten,0,0.8521885,0.11261291,0.018259732,0.0029544944,0.013984308,0,None
ECLI:NL:RBOBR:2020:3584.txt,"Het voorgaande lijdt uitzondering, indien en voor zover Opdrachtnemer krachtens de wet en/of regelgeving gehouden is mededeling van zijn kennis met betrekking tot de hiervoor bedoelde gegevens te doen; Artike",None,De relevante feiten,1,Feiten,0,0.97948635,0.010035574,0.004768416,0.001611698,0.004097891,0,None
ECLI:NL:RBOBR:2020:3584.txt,Opdrachtgever is zowel tijdens de duur van deze overeenkomst als na afloop daarvan verplicht tot strikte geheimhouding van al hetgeen waarmee hij omtrent Opdrachtnemer en de heer [naam bestuurder NOVAJA] bekend is of wordt.,None,De relevante feiten,1,Feiten,0,0.8686486,0.034807865,0.0053295577,0.03368211,0.05753194,0,None
ECLI:NL:RBOBR:2020:3584.txt,Deze verplichting geldt met betrekking tot alle gegevens waarvan Opdrachtgever het vertrouwelijk karakter kent of behoort te kennen en waarvan Opdrachtgever weet of kan weten dat kennisneming daarvan door een derde het belang van Opdrachtnemer of van de heer [naam bestuurder NOVAJA] kan schaden.,None,De relevante feiten,1,Feiten,0,0.92293257,0.046948984,0.01019983,0.0029223058,0.016996337,0,None
ECLI:NL:RBOBR:2020:3584.txt,"Het voorgaande lijdt uitzondering, indien en voor zover Opdrachtgever krachtens de wet en/of regelgeving gehouden is mededeling van zijn kennis met betrekking tot de hiervoor bedoelde gegevens te doen; Artike",None,De relevante feiten,1,Feiten,0,0.98059505,0.008089827,0.0056928354,0.001544042,0.0040782816,0,None
ECLI:NL:RBOBR:2020:3584.txt,"Opdrachtgever draagt ervoor zorg dat de verplichtingen in artikel 7 tevens worden opgelegd en nagekomen door alle direct of indirect aan haar verbonden (rechts-)personen alsmede aan de (rechts-)personen die aan haar dan wel aan voornoemde verbonden (rechts-)personen verbonden zijn als medewerker, aandeelhouder, certificaathouder, bestuurder en/of vennoot; Artike",None,De relevante feiten,1,Feiten,0,0.983157,0.002396562,0.0053470545,0.0039004646,0.005198973,0,None
ECLI:NL:RBOBR:2020:3584.txt,"Wordt door Opdrachtgever in strijd gehandeld of nagelaten met het bepaalde in de artikelen 7 en 8, dan verbeurt Opdrachtgever voor iedere overtreding aan Opdrachtnemer een direct opeisbare en niet voor rechterlijke matiging vatbare boete van [geld] (zegge: vijfduizend euro), alsmede een boete van [geld] (vijfhonderd euro) voor iedere dag dat deze overtreding voortduurt; Artikel 12.2 Ieder van Partijen is te allen tijde bevoegd deze overeenkomst (tussentijds) te beëindigen door opzegging daarvan met inachtneming van een periode van ten minste 3 (drie) maanden, te rekenen vanaf de eerste dag van de kalendermaand volgend op die waarin de opzegging heeft plaatsgevonden, behoudens hetgeen hierna in artikel 12.3 is bepaa",None,De relevante feiten,1,Feiten,0,0.98649675,0.00245635,0.0055430094,0.0021186548,0.003385276,0,None
ECLI:NL:RBOBR:2020:3584.txt,"Opzegging dient te geschieden bij aan de andere Partij gericht aangetekend schrijven; Artikel 13 Het elders in deze overeenkomst inzake beëindiging bepaalde laat onverlet de bevoegdheid van een Partij tot ontbinding van deze overeenkomst, doch uitsluitend indien de andere Partij toerekenbaar tekortschiet in de nakoming van voor haar uit deze overeenkomst voortvloeiende wezenlijke verplichtingen en zij na verloop van een redelijke termijn van ten minste 30 (dertig) dagen na schriftelijke ingebrekestelling niet alsnog bedoelde verplichtingen nakomt.",None,De relevante feiten,1,Feiten,0,0.9803688,0.004911736,0.008035053,0.0014999727,0.005184479,0,None
ECLI:NL:RBOBR:2020:3584.txt,Ontbinding kan door een Partij zonder rechterlijke tussenkomst geschieden bij aan de andere Partij gericht aangetekend schrijven.,None,De relevante feiten,1,Feiten,0,0.9811522,0.0029559394,0.0041219075,0.0035475416,0.008222501,0,None
ECLI:NL:RBOBR:2020:3584.txt,(...);,None,De relevante feiten,1,Feiten,0,0.9832607,0.0060684797,0.0041275024,0.003488687,0.0030547308,0,None
ECLI:NL:RBOBR:2020:3584.txt,De vragenlijst van het Betrouwbaarheidsonderzoek is door [naam bestuurder NOVAJA] op [datum] ingeleverd als bijlage bij zijn e-mail van [datum] In deze e-mail beantwoordt hij (nogmaals) expliciet de hem gestelde vraag “ Zijn er claims en/of tuchtzaken waarbij jij betrokken bent/bent geweest? ” met “ Neen ”.,None,De relevante feiten,1,Feiten,0,0.39976147,0.005486896,0.0014058151,0.5551428,0.03820301,3,materiele feiten
ECLI:NL:RBOBR:2020:3584.txt,Op [datum] hebben BDO Holding en [naam bestuurder NOVAJA] de opdrachtovereenkomst verlengd voor de duur van [datum] tot en met [datum],materiele feiten,De relevante feiten,1,Feiten,1,0.06660716,0.005329589,0.0010178286,0.91930765,0.007737785,3,materiele feiten
ECLI:NL:RBOBR:2020:3584.txt,In een memo van diezelfde datum gericht aan de Raad van Bestuur bericht [naam hoofd BDO Advisory] (hoofd BDO Advisory en lid van de Executive Board van BDO Holding) over de stand van zaken inzake de juridische procedure rondom de BTW-kwestie.,materiele feiten,De relevante feiten,1,Feiten,1,0.49172994,0.005492829,0.0016600072,0.4565534,0.04456389,0,None
ECLI:NL:RBOBR:2020:3584.txt,"Hij meldt dat daarover nog geen duidelijkheid bestaat, hetgeen aan een benoeming tot Equity Partner per [datum] in de weg staat.",materiele feiten,De relevante feiten,1,Feiten,1,0.021515751,0.17412412,0.0019434347,0.048579827,0.75383687,4,proceshandelingen
ECLI:NL:RBOBR:2020:3584.txt,"Tevens is vermeld dat [naam bestuurder NOVAJA] is gevraagd om deel te nemen aan een DSI screening (DSI staat voor deskundigheid, Screening en Integriteit en wordt toegepast in de financiële sector).",materiele feiten,De relevante feiten,1,Feiten,1,0.37517157,0.016330836,0.0009940108,0.5937959,0.013707734,3,materiele feiten
ECLI:NL:RBOBR:2020:3584.txt,"Achmea heeft [naam bestuurder NOVAJA] op [datum] gedagvaard en terugbetaling gevorderd van een bedrag van [geld] wegens de [datum] ten onrechte verstrekte uitkering en verschuldigde premies, vermeerderd met de wettelijke rente daarover vanaf [datum] [naam bestuurder NOVAJA] heeft tegenvorderingen ingeste",materiele feiten,De relevante feiten,1,Feiten,1,0.5132291,0.0037263026,0.0026056701,0.41853946,0.061899483,0,None
ECLI:NL:RBOBR:2020:3584.txt,"Per email van [datum] heeft BDO Holding alle partners, waaronder [naam bestuurder NOVAJA], verzocht het jaarlijkse Compliance Statement Partner over het kalenderjaar 2018 in te vullen.",None,De relevante feiten,1,Feiten,0,0.97722185,0.0029824905,0.0018388187,0.01384546,0.0041114585,0,None
ECLI:NL:RBOBR:2020:3584.txt,In de toelichting staat het volgende: “ Het compliance statement is een instrument om te inventariseren welke mogelijke bedreigingen van de onafhankelijkheid van de accountant en de accountantsorganisatie bestaan.,None,De relevante feiten,1,Feiten,0,0.9832993,0.0035208007,0.0018266685,0.008302156,0.0030511094,0,None
ECLI:NL:RBOBR:2020:3584.txt,In het compliance statement worden tevens bevestigingen gevraagd van de naleving van de verschillende (andere) aspecten van het stelsel van kwaliteitsbeheersing.,None,De relevante feiten,1,Feiten,0,0.50499946,0.05966634,0.0013953391,0.3741598,0.05977898,0,None
ECLI:NL:RBOBR:2020:3584.txt,Het compliance statement vormt daarmee een belangrijk middel om zowel onafhankelijkheid als de integere en beheerste bedrijfsvoering van BDO te kunnen bewaken.”,None,De relevante feiten,1,Feiten,0,0.9791348,0.0071435203,0.0017342927,0.008200669,0.003786848,0,None
ECLI:NL:RBOBR:2020:3584.txt,"Op [datum] heeft [naam bestuurder NOVAJA] de Compliance Statement Partner ingevuld, waarover hierna meer.",materiele feiten,De relevante feiten,1,Feiten,1,0.3675014,0.0095012635,0.0018237294,0.61254513,0.008628468,3,materiele feiten
ECLI:NL:RBOBR:2020:3584.txt,"De DSI-screening is op [datum] afgerond, waarover hierna meer.",materiele feiten,De relevante feiten,1,Feiten,1,0.25660333,0.02880155,0.0020495201,0.6967512,0.01579447,3,materiele feiten
ECLI:NL:RBOBR:2020:3584.txt,"Op [datum] heeft de rechtbank Midden-Nederland vonnis gewezen (zaaknummer NL.18.24734, gepubliceerd onder ECLI:NL:RBMNE:2019:6494) in de procedure tussen Achmea en [naam bestuurder NOVAJA].",None,De relevante feiten,1,Feiten,0,0.9648113,0.004003372,0.0017263175,0.025528776,0.0039301445,0,None
ECLI:NL:RBOBR:2020:3584.txt,De rechtbank heeft de vordering van Achmea grotendeels toegewezen en de tegenvorderingen van [naam bestuurder NOVAJA] afgewezen.,materiele feiten,De relevante feiten,1,Feiten,1,0.033151455,0.9544032,0.0013943946,0.006536524,0.0045143627,1,beoordeling
ECLI:NL:RBOBR:2020:3584.txt,"De rechtbank heeft als eindconclusie getrokken ” dat [naam bestuurder NOVAJA] Achmea opzettelijk structureel heeft misleid ” met betrekking tot zijn arbeidsongeschiktheid en ten onrechte over een langere periode uitkering heeft ontvangen en hierdoor heeft gehandeld in strijd met de polisvoorwaarden, zodat Achmea op grond van de polisvoorwaarden de uitkering stop mocht zetten en de uitgekeerde bedragen van [geld] terug kan vorderen.",None,De relevante feiten,1,Feiten,0,0.28243735,0.66637236,0.0009272134,0.034287836,0.015975239,1,beoordeling
ECLI:NL:RBOBR:2020:3584.txt,"De rechtbank heeft een bedrag van [geld] toegewezen, vermeerderd met de wettelijke rente vanaf [datum] [naam bestuurder NOVAJA] is veroordeeld tot het betalen van dit bedrag aan Achmea.",materiele feiten,De relevante feiten,1,Feiten,1,0.9075979,0.057166334,0.004614367,0.012991566,0.017629808,0,None
ECLI:NL:RBOBR:2020:3584.txt,[naam bestuurder NOVAJA] heeft om hem moverende redenen – terwijl hij naar zijn zeggen het oneens was met de inhoud van het vonnis en nadrukkelijk betwist dat hij zich schuldig heeft gemaakt aan opzettelijke misleiding van Achmea – geen hoger beroep ingesteld tegen het vonnis.,materiele feiten,De relevante feiten,1,Feiten,1,0.26175645,0.05806746,0.0012705683,0.058848787,0.62005675,4,proceshandelingen
ECLI:NL:RBOBR:2020:3584.txt,Op [datum] heeft [naam bestuurder NOVAJA] een schikking met Achmea getroffen en zijn zij een betalingsregeling overeengekomen.,materiele feiten,De relevante feiten,1,Feiten,1,0.03906634,0.004993286,0.00077672175,0.9390715,0.016092222,3,materiele feiten
ECLI:NL:RBOBR:2020:3584.txt,"Een dag eerder, op [datum] heeft tussen [naam bestuurder NOVAJA] en BDO Holding ( [naam hoofd BDO Advisory], [naam medewerker BDO 1] en [naam medewerker BDO 2] ) een gesprek plaatsgevonden over de verlenging van de opdrachtovereenkomst.",None,De relevante feiten,1,Feiten,0,0.9446836,0.004229643,0.0020551223,0.044705752,0.0043259263,0,None
ECLI:NL:RBOBR:2020:3584.txt,"[naam hoofd BDO Advisory], [naam medewerker BDO 1] en [naam medewerker BDO 2] hebben over de inhoud van dit gesprek verklaringen afgelegd die door BDO Holding als producties 1 tot en met 3 is overgeleg",None,De relevante feiten,1,Feiten,0,0.96905094,0.0033297976,0.0018027172,0.021994865,0.0038217427,0,None
ECLI:NL:RBOBR:2020:3584.txt,Volgens de verklaringen is aan [naam bestuurder NOVAJA] gevraagd of er zaken zijn die nog op tafel moeten komen en of er dingen zouden zijn waar BDO Holding van zou moeten weten.,materiele feiten,De relevante feiten,1,Feiten,1,0.08971688,0.007793088,0.001255062,0.7095444,0.19169055,3,materiele feiten
ECLI:NL:RBOBR:2020:3584.txt,"[naam bestuurder NOVAJA] heeft toen niets gezegd over de rechtszaak met Achmea, de afloop ervan en de in het kielzog daarvan met Achmea gevoerde onderhandelingen omtrent een te treffen betalingsregeling.",materiele feiten,De relevante feiten,1,Feiten,1,0.16878888,0.10072107,0.0015027819,0.123823665,0.60516363,4,proceshandelingen
ECLI:NL:RBOBR:2020:3584.txt,"Op [datum] is de opdrachtovereenkomst met een jaar verlengd van [datum] tot en met [datum] Ten tijde van de verlenging had BDO Holding nog steeds de intentie om [naam bestuurder NOVAJA] voor te dragen als Equity Partner, hangende de afwikkeling van de nog immer lopende BTW-kwestie.",materiele feiten,De relevante feiten,1,Feiten,1,0.15505457,0.007303419,0.0008947529,0.8145486,0.02219866,3,materiele feiten
ECLI:NL:RBOBR:2020:3584.txt,"Op [datum] heeft [naam bestuurder NOVAJA] het Compliance Statement Partner 2019 ingevuld, waarover hierna meer.",materiele feiten,De relevante feiten,1,Feiten,1,0.32695875,0.010375489,0.0017478999,0.6516863,0.009231544,3,materiele feiten
ECLI:NL:RBOBR:2020:3584.txt,Op [datum] is het vonnis van [datum] geanonimiseerd op rechtspraak.nl. gepubliceer,materiele feiten,De relevante feiten,1,Feiten,1,0.7674142,0.017823193,0.0019376448,0.20342624,0.009398732,0,None
ECLI:NL:RBOBR:2020:3584.txt,Deze publicatie leidde tot publiciteit op accountant.nl en tot discussies op sociale media (LinkedIn).,materiele feiten,De relevante feiten,1,Feiten,1,0.21512312,0.022075685,0.0018703691,0.73480004,0.026130773,3,materiele feiten
ECLI:NL:RBOBR:2020:3584.txt,BDO Holding vernam [datum] dat dit vonnis waarschijnlijk over [naam bestuurder NOVAJA] gaat.,materiele feiten,De relevante feiten,1,Feiten,1,0.20686369,0.010333163,0.0014035929,0.63247097,0.14892857,3,materiele feiten
ECLI:NL:RBOBR:2020:3584.txt,Op [datum] heeft [naam bestuurder NOVAJA] in een telefoongesprek met [naam hoofd BDO Advisory] desgevraagd bevestigd dat hij de jegens Achmea veroordeelde partij is zoals genoemd in het vonnis.,materiele feiten,De relevante feiten,1,Feiten,1,0.21774633,0.0064422274,0.0009848073,0.7565224,0.018304158,3,materiele feiten
ECLI:NL:RBOBR:2020:3584.txt,BDO heeft de opdrachtovereenkomst met [naam bestuurder NOVAJA] de volgende dag per brief gedateerd [datum] per direct ontbonden op grond van artikel 13 van de opdrachtovereenkomst.,materiele feiten,De relevante feiten,1,Feiten,1,0.07307174,0.007845241,0.0007942735,0.87076,0.047528718,3,materiele feiten
ECLI:NL:RBOBR:2020:3584.txt,"Subsidiair, voor het geval de ingeroepen ontbinding geen effect zou sorteren, heeft BDO de opdrachtovereenkomst opgezegd op grond van artikel 12 van de opdrachtovereenkomst.",materiele feiten,De relevante feiten,1,Feiten,1,0.010620634,0.048243385,0.0032606258,0.018032657,0.91984266,4,proceshandelingen
ECLI:NL:RBOBR:2020:3584.txt,"Volgens BDO Holding is [naam bestuurder NOVAJA] tekortgeschoten in de nakoming van een wezenlijke verplichting van de overeenkomst, te weten artikel 2.4 waarin staat dat [naam bestuurder NOVAJA] als goed opdrachtnemer zijn werkzaamheden dient te verrichten.",materiele feiten,De relevante feiten,1,Feiten,1,0.05855963,0.0063947705,0.0020757592,0.38938838,0.5435814,4,proceshandelingen
ECLI:NL:RBOBR:2020:3584.txt,In de brief heeft BDO Holding aangegeven dat integriteit een kernwaarde is voor BDO Holding en daarmee een wezenlijke verplichting uit de opdrachtovereenkomst.,materiele feiten,De relevante feiten,1,Feiten,1,0.078171104,0.018163666,0.0015420539,0.483942,0.41818118,3,materiele feiten
ECLI:NL:RBOBR:2020:3584.txt,Met de misleiding van Achmea is [naam bestuurder NOVAJA] in ernstige mate tekortgeschoten in het vervullen van deze kernwaarde.,materiele feiten,De relevante feiten,1,Feiten,1,0.036378868,0.05828855,0.0015615405,0.23500267,0.66876835,4,proceshandelingen
ECLI:NL:RBOBR:2020:3584.txt,"Daarnaast verwijt BDO Holding [naam bestuurder NOVAJA] dat hij BDO Holding nooit heeft geïnformeerd over het geschil met Achmea, de daarover gevoerde procedure en de uitspraak daarin, terwijl integriteit ten tijde van de totstandkoming van de overeenkomst met [naam bestuurder NOVAJA] al een belangrijk gespreksonderwerp was en [naam bestuurder NOVAJA] ook sedertdien bij diverse gelegenheden heeft verzuimd deze kwestie via de DSI-screening respectievelijk de compliance- en betrouwbaarheidsstatements onder de aandacht van BDO Holding te brengen.",materiele feiten,De relevante feiten,1,Feiten,1,0.008822106,0.027520606,0.0032382729,0.022881025,0.93753797,4,proceshandelingen
ECLI:NL:RBOBR:2020:3584.txt,Uit het vonnis leidt BDO Holding af dat [naam bestuurder NOVAJA] al bij de totstandkoming van de overeenkomst wist van het geschil met Achmea.,materiele feiten,De relevante feiten,1,Feiten,1,0.080803506,0.054356202,0.0012241969,0.28733566,0.5762804,4,proceshandelingen
ECLI:NL:RBOBR:2020:3584.txt,"[naam bestuurder NOVAJA] heeft echter nagelaten BDO Holding daarover te informeren, ook niet toen gevraagd werd of er nog ‘andere kwesties’ speelden naast strafprocedure.",materiele feiten,De relevante feiten,1,Feiten,1,0.06488991,0.82402676,0.0011047004,0.05179253,0.05818612,1,beoordeling
ECLI:NL:RBOBR:2020:3584.txt,BDO Holding stelt dat de tekortkomingen niet meer kunnen worden weggenomen zodat [naam bestuurder NOVAJA] direct in verzuim raakt en de overeenkomst ook per direct wordt ontbonden.,materiele feiten,De relevante feiten,1,Feiten,1,0.030343562,0.006127716,0.0021298188,0.103387006,0.8580119,4,proceshandelingen
ECLI:NL:RBOBR:2020:3584.txt,BDO Holding heeft op [datum] een ‘belscript’ opgesteld aan de hand waarvan de medewerkers van het team van [naam bestuurder NOVAJA] en andere teams moesten worden geïnformeerd over het vertrek van [naam bestuurder NOVAJA].,None,De relevante feiten,1,Feiten,0,0.9090765,0.0061092605,0.00195387,0.077819705,0.0050406354,0,None
ECLI:NL:RBOBR:2020:3584.txt,Daarin werd hen uitgelegd dat BDO Holding de opdrachtovereenkomst met [naam bestuurder NOVAJA] met onmiddellijke ingang had beëindigd wegens “dringende redenen” en dat omtrent deze redenen geen nadere mededelingen worden gedaan.,materiele feiten,De relevante feiten,1,Feiten,1,0.20071606,0.016870553,0.0011851253,0.6152614,0.16596687,3,materiele feiten
ECLI:NL:RBOBR:2020:3584.txt,Vanwege de publiciteit van het vonnis heeft BDO Holding zich genoodzaakt gevoeld op [datum] contact op te nemen met AFM.,materiele feiten,De relevante feiten,1,Feiten,1,0.04134736,0.019020025,0.00077240175,0.8518038,0.08705646,3,materiele feiten
ECLI:NL:RBOBR:2020:3584.txt,Aan AFM is medegedeeld dat de gedaagde in het vonnis een Associate Partner van BDO Holding is.,materiele feiten,De relevante feiten,1,Feiten,1,0.062981874,0.028307341,0.001476152,0.5340951,0.37313953,3,materiele feiten
ECLI:NL:RBOBR:2020:3584.txt,De naam van [naam bestuurder NOVAJA] is niet genoe,materiele feiten,De relevante feiten,1,Feiten,1,0.15009308,0.041612033,0.0011772764,0.7350933,0.072024375,3,materiele feiten
ECLI:NL:RBOBR:2020:3584.txt,"Ook heeft BDO Holding contact opgenomen met Aon, vanwege een geplande bespreking tussen Aon en [naam bestuurder NOVAJA].",None,De relevante feiten,1,Feiten,0,0.9384193,0.006596263,0.0016134889,0.047336336,0.0060345805,0,None
ECLI:NL:RBOBR:2020:3584.txt,BDO Holding heeft Aon medegedeeld dat [naam bestuurder NOVAJA] niet meer aan BDO Holding is verbonden en dat hij vervangen wordt.,materiele feiten,De relevante feiten,1,Feiten,1,0.16501223,0.007701999,0.002054538,0.68649364,0.1387376,3,materiele feiten
ECLI:NL:RBOBR:2020:3584.txt,Op [datum] heeft [naam bestuurder NOVAJA] bezwaar gemaakt tegen de ontbinding van de opdrachtovereenkomst.,materiele feiten,De relevante feiten,1,Feiten,1,0.07361752,0.005392139,0.0009474051,0.91068065,0.009362335,3,materiele feiten
ECLI:NL:RBOBR:2020:3584.txt,Bij brief van [datum] heeft BDO Holding hierop inhoudelijk gereageer,materiele feiten,De relevante feiten,1,Feiten,1,0.21085727,0.006903258,0.0013367838,0.76508945,0.015813235,3,materiele feiten
ECLI:NL:RBOBR:2020:3584.txt,"Hierna heeft tussen de advocaten van partijen correspondentie plaatsgevonden en zijn over en weer schikkingsvoorstellen gedaan over onder andere een eventueel nog uit te keren honorarium, maar deze gesprekken hebben niet tot overeenstemming gele",materiele feiten,De relevante feiten,1,Feiten,1,0.07801775,0.020236073,0.0010039943,0.8317506,0.06899161,3,materiele feiten
ECLI:NL:RBOBR:2020:3584.txt,[naam bestuurder NOVAJA] vordert samengevat – bij wijze van voorlopige voorziening en uitvoerbaar bij voorraad het volgende: veroordeling van BDO Holding tot betaling van een voorschot aan [naam bestuurder NOVAJA] gelijk aan het honorarium van Novaja over de [datum] [datum] van [geld] e,proceshandelingen,Het geschil,1,Proceshandelingen partijen,1,0.2569743,0.0035203486,0.02251499,0.031601615,0.6853887,4,proceshandelingen
ECLI:NL:RBOBR:2020:3584.txt,"BTW; BDO Holding te veroordelen tot betaling van een voorschot ad [geld] aan [naam bestuurder NOVAJA] gelijk aan de boete die BDO Holding ex art. 9.2 van de opdrachtovereenkomst t/m 16juni 2020 aan [naam bestuurder NOVAJA] is verbeurd wegens schending van art. 7.2 en 8.2 van de opdrachtovereenkomst; BDO Holding te verbieden interne en externe mededelingen te doen, op welke wijze, en in welke vorm dan ook, over de reden dat [naam bestuurder NOVAJA] niet langer voor BDO werkzaam is respectievelijk zal zijn en/of het geschil tussen [naam bestuurder NOVAJA] en Achmea, op straffe van verbeurte van een dwangsom; BDO Holding op grond van artikel 843a Rv te veroordelen aan [naam bestuurder NOVAJA] onmiddellijk afschrift van, of inzage in te verstrekken van alle schriftelijke en/of digitale correspondentie van of namens BDO Holding met aan BDO Holding verbonden (rechts)personen en/of derden waarin direct of indirect wordt gerefereerd aan (1) (de achtergrond van) het vertrek van [naam bestuurder NOVAJA] bij BDO, en/of (2) het vonnis tussen [naam bestuurder NOVAJA] en Achmea, zulks in de periode van [datum] tot en met de datum waarop in onderhavige procedure wordt beslist, waaronder in elk geval: I. alle correspondentie met de AFM over [naam bestuurder NOVAJA]; II. alle correspondentie met AON over [naam bestuurder NOVAJA], waaronder i) een e-mailwisseling tussen de heer [naam hoofd BDO Advisory] van BDO en mevrouw [medewerker AON 1] van AON alsmede ii) correspondentie tussen BDO en de heer [medewerker AON 2] van AON omtrent het vertrek van de heer [naam bestuurder NOVAJA]; III. alle berichten die BDO aan haar medewerkers, partners, aandeelhouders/Equity Partners en/of raad van commissarissen heeft verstuurd, waaronder in ieder geval i) een omstreeks [datum] aan de Equity Partners van BDO gestuurd bericht over [naam bestuurder NOVAJA], en ii) een aan de salary partners van BDO gestuurd bericht over [naam bestuurder NOVAJA], waaronder een zogenaamde P update; op straffe van verbeurte van een dwangsom;",None,Het geschil,1,Proceshandelingen partijen,0,0.80985075,0.0052816225,0.06104485,0.013971177,0.1098516,0,None
ECLI:NL:RBOBR:2020:3584.txt,"BDO Holding te veroordelen in de kosten van de procedure aan de zijde van [naam bestuurder NOVAJA], te vermeerderen met de nakosten.",None,Het geschil,1,Proceshandelingen partijen,0,0.98408246,0.0020525036,0.0025010298,0.0058511775,0.005512889,0,None
ECLI:NL:RBOBR:2020:3584.txt,[naam bestuurder NOVAJA] legt hieraan – in de kern - het volgende ten grondslag.,None,Het geschil,1,Proceshandelingen partijen,0,0.86818516,0.011357368,0.0014393511,0.06229782,0.056720354,0,None
ECLI:NL:RBOBR:2020:3584.txt,De ontbinding op grond van artikel 13 van de overeenkomst mist rechtsgron,proceshandelingen,Het geschil,1,Proceshandelingen partijen,1,0.14098352,0.7289329,0.011445501,0.0048847455,0.113753356,1,beoordeling
ECLI:NL:RBOBR:2020:3584.txt,Van een toerekenbare tekortkoming in de nakoming van een wezenlijke verplichting is volgens [naam bestuurder NOVAJA] geen sprake.,proceshandelingen,Het geschil,1,Proceshandelingen partijen,1,0.12481294,0.009569752,0.002353283,0.2758333,0.5874308,4,proceshandelingen
ECLI:NL:RBOBR:2020:3584.txt,BDO Holding heeft niet aannemelijk gemaakt dat integriteit een wezenlijke verplichting is in de opdrachtovereenkomst.,proceshandelingen,Het geschil,1,Proceshandelingen partijen,1,0.03916819,0.27458292,0.0014785453,0.2688854,0.4158849,4,proceshandelingen
ECLI:NL:RBOBR:2020:3584.txt,"In het betrouwbaarheidsonderzoek voorafgaand aan de opdrachtovereenkomst zijn slechts strafrechtelijke vragen, alsmede werk gerelateerde financiële en fiscale vragen geste",proceshandelingen,Het geschil,1,Proceshandelingen partijen,1,0.05801311,0.15346673,0.002054459,0.58006823,0.20639749,3,materiele feiten
ECLI:NL:RBOBR:2020:3584.txt,De Partner Compliance Statement dient slechts als instrument om bedreigingen van de onafhankelijkheid en kwaliteit van de accountant en de accountantsorganisatie te inventariseren.,proceshandelingen,Het geschil,1,Proceshandelingen partijen,1,0.8540326,0.06103941,0.0020645228,0.037092213,0.04577131,0,None
ECLI:NL:RBOBR:2020:3584.txt,"Daarmee is de inhoud daarvan gekoppeld aan de beroepsuitoefening, niet aan privéaangelegenheden.",proceshandelingen,Het geschil,1,Proceshandelingen partijen,1,0.14389642,0.38047048,0.0019569893,0.26086634,0.21280976,1,beoordeling
ECLI:NL:RBOBR:2020:3584.txt,[naam bestuurder NOVAJA] is van mening dat de procedure die tot het vonnis heeft geleid geen belemmering opleverde voor de uitvoering van de opdrachtovereenkomst.,proceshandelingen,Het geschil,1,Proceshandelingen partijen,1,0.027705042,0.013103539,0.001592505,0.03882014,0.9187788,4,proceshandelingen
ECLI:NL:RBOBR:2020:3584.txt,De procedure zag op een privégesch,proceshandelingen,Het geschil,1,Proceshandelingen partijen,1,0.8237502,0.045266785,0.0028183889,0.106831364,0.021333223,0,None
ECLI:NL:RBOBR:2020:3584.txt,Hij heeft deze kwestie niet hoeven melden.,proceshandelingen,Het geschil,1,Proceshandelingen partijen,1,0.020380532,0.093141176,0.0041914945,0.013137622,0.86914915,4,proceshandelingen
ECLI:NL:RBOBR:2020:3584.txt,Hoe het geschil met Achmea de onafhankelijkheid en kwaliteit van BDO Holding bedreigt heeft BDO Holding ook niet aannemelijk gemaakt.,proceshandelingen,Het geschil,1,Proceshandelingen partijen,1,0.022474516,0.93428224,0.00096316973,0.02103105,0.021248974,1,beoordeling
ECLI:NL:RBOBR:2020:3584.txt,Als BDO Holding de opdrachtovereenkomst wel kon opzeggen dan kon BDO Holding dat niet eerder doen dan per [datum] De aangetekende opzeggingsbrief heeft [naam bestuurder NOVAJA] immers pas op [datum] bereikt.,proceshandelingen,Het geschil,1,Proceshandelingen partijen,1,0.15934101,0.5220923,0.0014942004,0.1317365,0.185336,1,beoordeling
ECLI:NL:RBOBR:2020:3584.txt,BDO Holding is in dat geval (in ieder geval) nog een bedrag van [geld] e,proceshandelingen,Het geschil,1,Proceshandelingen partijen,1,0.06875197,0.7754067,0.0015134729,0.04994383,0.10438402,1,beoordeling
ECLI:NL:RBOBR:2020:3584.txt,BTW over de opzegtermijn van drie maanden aan [naam bestuurder NOVAJA] verschuldig,proceshandelingen,Het geschil,1,Proceshandelingen partijen,1,0.8112088,0.009410793,0.020377038,0.11282366,0.04617979,0,None
ECLI:NL:RBOBR:2020:3584.txt,"BDO Holding heeft het geheimhoudingsbeding van artikel 7.2 en de verplichting als opgenomen in artikel 8.2 van de opdrachtovereenkomst overtreden, zodat BDO Holding op grond van artikel 9.2 van de opdrachtovereenkomst boetes aan [naam bestuurder NOVAJA] verschuldigd is geworden.",proceshandelingen,Het geschil,1,Proceshandelingen partijen,1,0.03603935,0.06824025,0.0025416303,0.05258332,0.8405954,4,proceshandelingen
ECLI:NL:RBOBR:2020:3584.txt,[naam bestuurder NOVAJA] heeft BDO Holding in vertrouwen verteld dat hij de gedaagde in het vonnis was.,proceshandelingen,Het geschil,1,Proceshandelingen partijen,1,0.10215564,0.01942883,0.0016795043,0.48837298,0.38836303,3,materiele feiten
ECLI:NL:RBOBR:2020:3584.txt,Die informatie valt onder de geheimhouding van artikel 7.2 van de opdrachtovereenkomst.,proceshandelingen,Het geschil,1,Proceshandelingen partijen,1,0.33190578,0.3410856,0.02005615,0.02013432,0.28681818,1,beoordeling
ECLI:NL:RBOBR:2020:3584.txt,BDO Holding heeft hierop een uitzondering gemaakt op [datum] [datum] door intern te communiceren dat BDO Holding de opdrachtovereenkomst met [naam bestuurder NOVAJA] met onmiddellijke ingang had beëindigd wegens “dringende redenen”.,proceshandelingen,Het geschil,1,Proceshandelingen partijen,1,0.34639046,0.009397135,0.0013733859,0.61074287,0.03209619,3,materiele feiten
ECLI:NL:RBOBR:2020:3584.txt,De kwalificatie “dringende redenen” is onnodig diskwalificerend en schadelijk voor [naam bestuurder NOVAJA].,None,Het geschil,1,Proceshandelingen partijen,0,0.9685375,0.0049019167,0.0016066275,0.019653393,0.0053006243,0,None
ECLI:NL:RBOBR:2020:3584.txt,"Vast staat dat BDO Holding de geïnformeerde medewerkers en partners niet heeft gebonden aan de geheimhoudingsclausule van artikel 7.2, terwijl BDO Holding daartoe op grond van artikel 8.2 wel verplicht was.",proceshandelingen,Het geschil,1,Proceshandelingen partijen,1,0.06550852,0.75063086,0.0010743408,0.045677368,0.13710898,1,beoordeling
ECLI:NL:RBOBR:2020:3584.txt,Daarom is zij op grond van art. 9.2 in ieder geval tweemaal een boete van [geld] aan [naam bestuurder NOVAJA] verschuldig,proceshandelingen,Het geschil,1,Proceshandelingen partijen,1,0.07628386,0.8399624,0.0031082255,0.008748899,0.07189665,1,beoordeling
ECLI:NL:RBOBR:2020:3584.txt,"Beide overtredingen duren dagelijks voort, omdat BDO deze tot op heden - ondanks herhaalde verzoeken daartoe van [naam bestuurder NOVAJA] - niet ongedaan heeft gemaakt c.q. haar uitlatingen niet adequaat heeft geneutraliseerd en de medewerkers en partners niet alsnog aan de geheimhouding heeft gebonden.",proceshandelingen,Het geschil,1,Proceshandelingen partijen,1,0.058159404,0.24626568,0.002309188,0.10404197,0.5892238,4,proceshandelingen
ECLI:NL:RBOBR:2020:3584.txt,De twee boetes lopen elk vanaf [datum] dagelijks met [geld] op.,proceshandelingen,Het geschil,1,Proceshandelingen partijen,1,0.058422282,0.018831147,0.0014338318,0.855313,0.06599974,3,materiele feiten
ECLI:NL:RBOBR:2020:3584.txt,Tot [datum] bedraagt het bedrag van de verbeurde boetes voor deze twee schendingen [geld],proceshandelingen,Het geschil,1,Proceshandelingen partijen,1,0.78347015,0.038533084,0.055581577,0.022946853,0.09946834,0,None
ECLI:NL:RBOBR:2020:3584.txt,BDO Holding heeft zich contractueel verplicht (artikel 7.2) om intern en/of extern geen enkele mededeling te doen over de achtergrond van het vertrek van [naam bestuurder NOVAJA].,None,Het geschil,1,Proceshandelingen partijen,0,0.97047746,0.0052265823,0.0012438344,0.018492768,0.0045594303,0,None
ECLI:NL:RBOBR:2020:3584.txt,"Ook heeft BDO Holding zich contractueel verplicht (artikel 8.2.) ervoor zorg te dragen dat alle (rechts)personen die aan haar verbonden zijn als medewerker, aandeelhouder, certificaathouder, bestuurder en/of vennoot die verplichting ook nakomen.",proceshandelingen,Het geschil,1,Proceshandelingen partijen,1,0.91084504,0.019303495,0.0019039835,0.030820347,0.03712722,0,None
ECLI:NL:RBOBR:2020:3584.txt,BDO heeft beide verplichtingen geschonden zodat [naam bestuurder NOVAJA] belang heeft bij toewijzing van vordering,proceshandelingen,Het geschil,1,Proceshandelingen partijen,1,0.06307456,0.25660902,0.0019430018,0.020534776,0.6578386,4,proceshandelingen
ECLI:NL:RBOBR:2020:3584.txt,"BDO Holding heeft bevestigd dat zij externe partijen - waaronder de AFM en Aon - over de situatie omtrent [naam bestuurder NOVAJA] heeft geïnformeerd, terwijl daartoe geen wettelijke noodzaak beston",proceshandelingen,Het geschil,1,Proceshandelingen partijen,1,0.111328036,0.080727875,0.0012144122,0.24724752,0.5594822,4,proceshandelingen
ECLI:NL:RBOBR:2020:3584.txt,Deze externe mededelingen zijn schadelijk voor [naam bestuurder NOVAJA].,None,Het geschil,1,Proceshandelingen partijen,0,0.9690563,0.004410486,0.0017245658,0.019878587,0.0049300063,0,None
ECLI:NL:RBOBR:2020:3584.txt,Op grond daarvan zou BDO Holding nog meer boetes aan [naam bestuurder NOVAJA] verschuldigd zijn.,proceshandelingen,Het geschil,1,Proceshandelingen partijen,1,0.015510906,0.06879019,0.0023901798,0.14427516,0.76903355,4,proceshandelingen
ECLI:NL:RBOBR:2020:3584.txt,"Om de verschuldigdheid en de omvang daarvan vast te stellen, heeft [naam bestuurder NOVAJA] belang bij toewijzing van de vordering ex artikel 843a R",proceshandelingen,Het geschil,1,Proceshandelingen partijen,1,0.66633886,0.011375403,0.0010974807,0.15863803,0.16255021,0,None
ECLI:NL:RBOBR:2020:3584.txt,BDO Holding heeft gemotiveerd verweer gevoer,proceshandelingen,Het geschil,1,Proceshandelingen partijen,1,0.042747736,0.2664789,0.0024848813,0.044715602,0.64357287,4,proceshandelingen
ECLI:NL:RBOBR:2020:3584.txt,"Op de stellingen van partijen wordt hierna, voor zover van belang, nader ingegaan.",None,Het geschil,1,Proceshandelingen partijen,0,0.96928734,0.011554482,0.0010802199,0.012638737,0.0054392004,0,None
ECLI:NL:RBOBR:2020:3584.txt,Ten aanzien van vordering,None,De beoordeling,1,Beoordeling,0,0.94796646,0.035950303,0.008075118,0.0015105519,0.0064976485,0,None
ECLI:NL:RBOBR:2020:3584.txt,Inzet van dit kort geding is in de eerste plaats betaling van het achterstallige honorariu,beoordeling,De beoordeling,1,Beoordeling,1,0.29616517,0.57072705,0.0027583363,0.02108541,0.109264046,1,beoordeling
ECLI:NL:RBOBR:2020:3584.txt,BDO Holding heeft volgens [naam bestuurder NOVAJA] de opdrachtovereenkomst ten onrechte met onmiddellijke ingang ontbonden op grond van artikel 13 en dientengevolge dient volgens [naam bestuurder NOVAJA] minstens uitgegaan te worden van tussentijdse beëindiging op grond van artikel 12.2 van de opdrachtovereenkomst.,proceshandelingen,De beoordeling,1,Beoordeling,1,0.030571556,0.0073508634,0.0018031218,0.5412449,0.4190296,3,materiele feiten
ECLI:NL:RBOBR:2020:3584.txt,"In dat geval is BDO Holding volgens [naam bestuurder NOVAJA] gehouden de opdrachtovereenkomst met inachtneming van een periode van 3 maanden op te zeggen, gerekend vanaf [datum] ( [naam bestuurder NOVAJA] gaat uit van de opzegging per [datum] Hiermee heeft [naam bestuurder NOVAJA] een geldvordering ingesteld. [naam bestuurder NOVAJA] heeft zich kennelijk vooralsnog, gelet op de keuze voor deze vordering, neergelegd bij de beëindiging van de opdrachtovereenkomst op grond van de (voorwaardelijk gedane) opzegging (zie randnummer 4.7. van de dagvaarding).",proceshandelingen,De beoordeling,1,Beoordeling,1,0.4908176,0.019607453,0.0008470088,0.2966584,0.19206955,0,None
ECLI:NL:RBOBR:2020:3584.txt,"Met betrekking tot een voorziening in kort geding, bestaande in veroordeling tot betaling van een geldsom, is terughoudendheid op zijn plaats.",beoordeling,De beoordeling,1,Beoordeling,1,0.08085668,0.81472117,0.0021216534,0.008810173,0.09349032,1,beoordeling
ECLI:NL:RBOBR:2020:3584.txt,"De rechter zal daarbij niet alleen hebben te onderzoeken of het bestaan van een vordering van de eiser op de gedaagde voldoende aannemelijk is, maar ook of daarnaast sprake is van feiten en omstandigheden die meebrengen dat uit hoofde van onverwijlde spoed een onmiddellijke voorziening is vereist, terwijl de rechter in de afweging van de belangen van partijen mede zal hebben te betrekken de vraag naar - kort gezegd - het risico van onmogelijkheid van terugbetaling, welk risico kan bijdragen tot weigering van de voorziening.",beoordeling,De beoordeling,1,Beoordeling,1,0.2925243,0.6917769,0.003479338,0.007401481,0.004817986,1,beoordeling
ECLI:NL:RBOBR:2020:3584.txt,De vordering tot betaling van het honorarium is voldoende spoedeisen,beoordeling,De beoordeling,1,Beoordeling,1,0.11477148,0.5523593,0.003844361,0.025723789,0.30330107,1,beoordeling
ECLI:NL:RBOBR:2020:3584.txt,[naam bestuurder NOVAJA] heeft onweersproken gesteld dat het honorarium zijn maandelijkse bron van inkomsten is en dat hij [datum] geen inkomsten meer geniet.,beoordeling,De beoordeling,1,Beoordeling,1,0.054847468,0.22091815,0.0017673293,0.08612987,0.6363372,4,proceshandelingen
ECLI:NL:RBOBR:2020:3584.txt,BDO Holding heeft de juistheid van die stelling en de spoedeisendheid van de overige gevraagde voorzieningen niet betwist.,beoordeling,De beoordeling,1,Beoordeling,1,0.02234748,0.79325664,0.0017169517,0.021430628,0.16124827,1,beoordeling
ECLI:NL:RBOBR:2020:3584.txt,Dat de verplichting om zich als “goed opdrachtnemer” te gedragen een wezenlijke verplichting betreft uit de overeenkomst is tussen partijen geen onderwerp van gesch,beoordeling,De beoordeling,1,Beoordeling,1,0.44347587,0.5074666,0.0026686112,0.006577501,0.03981146,1,beoordeling
ECLI:NL:RBOBR:2020:3584.txt,"Aan de orde is de vraag of [naam bestuurder NOVAJA] met de misleiding van Achmea zoals vastgesteld door de rechtbank Midden-Nederland in het vonnis van [datum] en het (aanhoudend) verzwijgen van deze kwestie voor BDO Holding tekort is geschoten in het vervullen van de kernwaarde integriteit en daarmee zijn wezenlijke verplichting heeft geschonden om zich als “goed opdrachtnemer” (artikel 4.2. van de overeenkomst van opdracht) te gedragen, welke schending de onmiddellijke ontbinding van de overeenkomst (art. 13) rechtvaardigt.",beoordeling,De beoordeling,1,Beoordeling,1,0.2467095,0.67723995,0.0011989594,0.034239743,0.040611852,1,beoordeling
ECLI:NL:RBOBR:2020:3584.txt,Artikel 6:265 lid 1 BW bepaalt dat iedere tekortkoming aanleiding kan geven voor ontbinding.,None,De beoordeling,1,Beoordeling,0,0.9690824,0.013208812,0.0037437708,0.003125992,0.0108390115,0,None
ECLI:NL:RBOBR:2020:3584.txt,Met artikel 13 van de opdrachtovereenkomst hebben partijen kennelijk de mogelijkheid tot het inroepen van de ontbinding van de overeenkomst wegens tekortkomingen willen beperken tot de schending van ‘wezenlijke verplichtingen’.,beoordeling,De beoordeling,1,Beoordeling,1,0.050824743,0.86992294,0.0010235256,0.01844093,0.0597878,1,beoordeling
ECLI:NL:RBOBR:2020:3584.txt,Duidelijk is dat partijen van mening verschillen over de vraag of de verzekeringsclaim van Achmea op [naam bestuurder NOVAJA] en het vonnis van [datum] en het verzwijgen ervan voor BDO Holding met zich brengt dat [naam bestuurder NOVAJA] zich niet als een goed opdrachtnemer in de zin van artikel 4.2. heeft gedragen.,beoordeling,De beoordeling,1,Beoordeling,1,0.31196284,0.5197411,0.0017182301,0.038227353,0.12835045,1,beoordeling
ECLI:NL:RBOBR:2020:3584.txt,Volgens BDO Holding ziet zowel de kwestie met Achmea zelf alsook de verzwijging ervan op de integriteit van [naam bestuurder NOVAJA] en is integriteit een wezenlijke verplichting voor een partner die een overeenkomst aangaat met BDO Holding en raakt dit direct een kerncompetentie van goed opdrachtnemerschap.,proceshandelingen,De beoordeling,1,Beoordeling,1,0.04080711,0.0082408115,0.0024802608,0.10604431,0.8424275,4,proceshandelingen
ECLI:NL:RBOBR:2020:3584.txt,[naam bestuurder NOVAJA] daarentegen is van mening dat de zaak met Achmea een privégeschil was en niets te maken had met zijn beroepsuitoefening en (zo begrijpt de voorzieningenrechter) zijn professionele integriteit niet raakt.,proceshandelingen,De beoordeling,1,Beoordeling,1,0.09012756,0.11368229,0.0009766925,0.06405072,0.7311627,4,proceshandelingen
ECLI:NL:RBOBR:2020:3584.txt,Daarom hoefde [naam bestuurder NOVAJA] deze kwestie ook niet te melden bij zijn aantreden bij BDO Holding noch sedertdien via de respectievelijk door [naam bestuurder NOVAJA] ingevulde vragenformulieren en onderzoeken gericht op integriteitsaspecten.,proceshandelingen,De beoordeling,1,Beoordeling,1,0.06620004,0.11947819,0.0015381478,0.18352783,0.62925583,4,proceshandelingen
ECLI:NL:RBOBR:2020:3584.txt,Uitgangspunt is dat een overeenkomst dient te worden uitgelegd aan de hand van de Haviltex-maatstaf.,None,De beoordeling,1,Beoordeling,0,0.85874045,0.086849704,0.0016014453,0.0437574,0.009050941,0,None
ECLI:NL:RBOBR:2020:3584.txt,Dat betekent dat beslissend is de zin die partijen in de gegeven omstandigheden over en weer redelijkerwijs aan de bepalingen van de overeenkomst mochten toekennen en hetgeen zij te dien aanzien redelijkerwijs van elkaar mochten verwachten.,None,De beoordeling,1,Beoordeling,0,0.277704,0.7038392,0.003069595,0.0068450267,0.008542272,1,beoordeling
ECLI:NL:RBOBR:2020:3584.txt,"Naar het voorlopig oordeel van de voorzieningenrechter brengt een redelijke uitleg van het begrip “goed opdrachtnemer”, gelet op de aard van de onderneming waarbinnen [naam bestuurder NOVAJA] werkzaam zou worden (een accountants- en adviespraktijk opererend in de dienstverlenende sector) alsook de professionele achtergrond en historie van [naam bestuurder NOVAJA] als accountant, met zich mee dat van de aan te werven opdrachtnemer mag worden verlangd dat deze van onbesproken en onberispelijk gedrag is en blijk geeft te beschikken over kerncompetenties als integriteit, betrouwbaarheid en eerlijkhe",None,De beoordeling,1,Beoordeling,0,0.88930315,0.092835814,0.001730736,0.011810313,0.0043199216,0,None
ECLI:NL:RBOBR:2020:3584.txt,"Die eigenschappen c.q. competenties zijn weliswaar niet als prestatienormen uitgeschreven in de opdrachtovereenkomst, maar mogen aanwezig worden verondersteld bij professionals zoals [naam bestuurder NOVAJA] met een arbeidsverleden als accountant in de accountantspraktijk die in aanmerking wensen te komen voor een functie als Equity Partner binnen een organisatie als BDO, waarbinnen – zo is onweersproken gesteld - hoge eisen worden gesteld aan genoemde competenties, dit gelet op de functie en relevantie van haar activiteiten in het maatschappelijk verkeer.",beoordeling,De beoordeling,1,Beoordeling,1,0.24262792,0.6131085,0.00089284295,0.0969516,0.046419084,1,beoordeling
ECLI:NL:RBOBR:2020:3584.txt,"Dat betekent dat een onder een “goed opdrachtnemer” in dit verband moet worden verstaan een opdrachtnemer die blijk geeft ook te beschikken over competenties als eerlijkheid, betrouwbaarheid en integriteit.",beoordeling,De beoordeling,1,Beoordeling,1,0.16119798,0.7806036,0.0012394085,0.030951852,0.0260072,1,beoordeling
ECLI:NL:RBOBR:2020:3584.txt,"Dat integriteit, eerlijkheid en betrouwbaarheid van mogelijk aan te werven Equity Partners door BDO Holding worden gezien als kerncompetenties blijkt duidelijk uit het voorafgaand aan het sluiten van de overeenkomst van opdracht uitgevoerde betrouwbaarheidsonderzoek en de “Compliance Statement Partner” die elke partner jaarlijks dient in te vullen.",beoordeling,De beoordeling,1,Beoordeling,1,0.24281819,0.6573107,0.0019810474,0.060330804,0.037559282,1,beoordeling
ECLI:NL:RBOBR:2020:3584.txt,[naam bestuurder NOVAJA] wist door het betrouwbaarheidsonderzoek daarom ook welk belang BDO Holding hechtte aan de uitkomsten van dit onderzoek (en daarmee ook aan het belang van betrouwbaarhe,beoordeling,De beoordeling,1,Beoordeling,1,0.33298528,0.31264728,0.0014072047,0.16419679,0.18876342,0,None
ECLI:NL:RBOBR:2020:3584.txt,"De stelling van [naam bestuurder NOVAJA] dat integriteit geen onderdeel uitmaakt van de opdrachtovereenkomst en dat de vragen die daarop betrekking hebben beperkt zijn tot mogelijke kwesties die binnen het kader van de beroepsuitoefening aan de orde zijn gekomen kan de voorzieningenrechter, mede tegen de achtergrond van hetgeen hiervoor is overwogen, niet volgen.",beoordeling,De beoordeling,1,Beoordeling,1,0.15301016,0.83340776,0.0014181643,0.0072883493,0.004875663,1,beoordeling
ECLI:NL:RBOBR:2020:3584.txt,"[naam bestuurder NOVAJA] miskent met deze stelling dat integriteit, eerlijkheid en betrouwbaarheid kernwaarden zijn die het gedrag van betrokkene continue beïnvloeden, ongeacht of dat in de privé-omgeving is of in het professioneel/maatschappelijk functioneren.",beoordeling,De beoordeling,1,Beoordeling,1,0.051703885,0.06536317,0.004590144,0.022673212,0.85566956,4,proceshandelingen
ECLI:NL:RBOBR:2020:3584.txt,"Voor zover ten aanzien van een beroep(sgroep) met een zeker maatschappelijk aanzien, publiek vertrouwen en/of openbare ordeningsfunctie (denk aan de rechterlijke macht, de advocatuur, het notariaat, de accountancy maar ook de politie of de overheidsdienst) bepaalde kerncompetenties als eerlijkheid, betrouwbaarheid en integriteit worden voorondersteld dan kan geen relevant onderscheid worden gemaakt tussen de privésfeer en de professionele omgeving.",beoordeling,De beoordeling,1,Beoordeling,1,0.88342255,0.09770188,0.0018472001,0.010324981,0.0067033516,0,None
ECLI:NL:RBOBR:2020:3584.txt,"De maatschappelijke verwachtingen aangaande de eisen van “morele onberispelijkheid” voor dergelijke beroepsgroepen gelden 24 uur per dag en 7 dagen in de week, zowel thuis als op het werk.",beoordeling,De beoordeling,1,Beoordeling,1,0.6342466,0.12354898,0.0017475697,0.18813507,0.05232176,0,None
ECLI:NL:RBOBR:2020:3584.txt,"BDO Holding verwacht van haar (aspirant-)partners een bijzondere verantwoordelijkheid omdat zij een voorbeeldfunctie binnen de organisatie hebben, aldus de Gedragscode.",beoordeling,De beoordeling,1,Beoordeling,1,0.08816302,0.039077614,0.0033657888,0.29992977,0.56946385,4,proceshandelingen
ECLI:NL:RBOBR:2020:3584.txt,De door [naam bestuurder NOVAJA] wél gemelde BTW-kwestie was voor BDO Holding aanleiding om [naam bestuurder NOVAJA] vooralsnog geen Equity Partner te maken en had voor [naam bestuurder NOVAJA] aanleiding moeten zijn om BDO Holding ook op de hoogte te stellen van het feit dat hij door Achmea was aangesproken op terugbetaling van zijn arbeidsongeschiktheidsuitkering over een periode van meer dan 2 jaar.,beoordeling,De beoordeling,1,Beoordeling,1,0.15817764,0.047740698,0.0012780947,0.33440593,0.4583977,4,proceshandelingen
ECLI:NL:RBOBR:2020:3584.txt,"De omstandigheid dat [naam bestuurder NOVAJA] – ondanks zijn berusting in het vonnis van de rechtbank Midden-Nederland - van mening blijft dat hem misleiding van Achmea niet verweten kan worden, doet hieraan niet af.",beoordeling,De beoordeling,1,Beoordeling,1,0.030968754,0.9556503,0.0013655926,0.006722201,0.0052930764,1,beoordeling
ECLI:NL:RBOBR:2020:3584.txt,"In de BTW-kwestie viel hem persoonlijk – zo stelt [naam bestuurder NOVAJA] – immers ook niets te verwijten, hetgeen hem er desondanks niet van weerhield om deze kwestie wél (tijdig) onder de aandacht van BDO Holding te brengen, nu BDO Holding daar – zo was [naam bestuurder NOVAJA] gebleken uit de vragen uit het betrouwbaarheidsonderzoek – kennelijk waarde aan hechte bij de afweging of (en hoe) zij met [naam bestuurder NOVAJA] zou contracteren.",beoordeling,De beoordeling,1,Beoordeling,1,0.0388265,0.78586465,0.0011309831,0.027354684,0.14682317,1,beoordeling
ECLI:NL:RBOBR:2020:3584.txt,"Het door BDO aan [naam bestuurder NOVAJA] ter zake de ontbinding gemaakte verwijt is niet alleen zijn – door de rechtbank Midden-Nederland als opzettelijk misleidend gekwalificeerde – optreden jegens Achmea zelf maar – wellicht belangrijker - het feit dat [naam bestuurder NOVAJA] deze kwestie voortdurend heeft verzwegen tegenover BDO Holding, zodat BDO Holding die kwestie niet heeft kunnen betrekken in haar beoordeling of en in hoeverre deze, gelet op de door BDO Holding gehanteerde integriteitseisen, aan een verbintenis met [naam bestuurder NOVAJA] in de weg zou staan.",beoordeling,De beoordeling,1,Beoordeling,1,0.07695784,0.87760425,0.0010234233,0.012348368,0.032066192,1,beoordeling
ECLI:NL:RBOBR:2020:3584.txt,Het verweer van [naam bestuurder NOVAJA] dat de BTW-kwestie ziet op zijn ondernemerschap en de verzekeringszaak een privéaangelegenheid betreft gaat gelet op hetgeen hiervoor is overwogen niet op.,beoordeling,De beoordeling,1,Beoordeling,1,0.02680981,0.88476163,0.0009917051,0.019435324,0.06800163,1,beoordeling
ECLI:NL:RBOBR:2020:3584.txt,"[naam bestuurder NOVAJA] wist of had moeten weten dat de omstandigheid dat Achmea een substantiële vordering tegen hem pretendeerde welke later aanleiding gaf tot een veroordelend vonnis waarin het optreden van [naam bestuurder NOVAJA] jegens Achmea in zeer sterke bewoordingen werd gekwalificeerd voor BDO Holding – net als de BTW-kwestie - essentiële informatie vormde met het oog op de vraag of zij (nog langer) met [naam bestuurder NOVAJA] – als aspirant Equity Partner – wenste te contracteren, gegeven het kenbare belang dat zij hechte aan kernwaarden als eerlijkheid, betrouwbaarheid en integriteit.",beoordeling,De beoordeling,1,Beoordeling,1,0.32794696,0.35216752,0.0017586593,0.08580138,0.23232548,1,beoordeling
ECLI:NL:RBOBR:2020:3584.txt,Vast staat dat [naam bestuurder NOVAJA] op meerdere momenten [datum] [datum] heeft gezwegen terwijl hij had moeten spreken:,beoordeling,De beoordeling,1,Beoordeling,1,0.31200883,0.014927911,0.0010230959,0.64533824,0.026701916,3,materiele feiten
ECLI:NL:RBOBR:2020:3584.txt,Bij vraag 1 van het Betrouwbaarheidsonderzoek dat door [naam bestuurder NOVAJA] op [datum] is ingevuld en door hem op [datum] is ingeleverd ( bent u ooit betrokken geweest bij een strafbaar feit?) heeft [naam bestuurder NOVAJA] ja ingevuld en in de toelichting de BTW-kwestie uiteengezet.,None,De beoordeling,1,Beoordeling,0,0.100420386,0.006758927,0.0010134568,0.8508807,0.040926576,3,materiele feiten
ECLI:NL:RBOBR:2020:3584.txt,"Bij vraag 2.b ( Verwacht u binnen een jaar financiële problemen die kunnen leiden tot een juridische, invorderings- of incassoprocedure? ) heeft [naam bestuurder NOVAJA] nee ingevu",None,De beoordeling,1,Beoordeling,0,0.9687583,0.002830619,0.0016216895,0.015764546,0.011024902,0,None
ECLI:NL:RBOBR:2020:3584.txt,"Bij vraag 2d ( zijn er overige feiten en omstandigheden op financieel gebied, die voor het betrouwbaarheidsonderzoek van belang kunnen zijn?) heeft [naam bestuurder NOVAJA] nee ingevu",None,De beoordeling,1,Beoordeling,0,0.94585943,0.0048893476,0.001601951,0.024268027,0.023381235,0,None
ECLI:NL:RBOBR:2020:3584.txt,Bij vraag 5c ( zijn er andere feiten en/of omstandigheden die voor dit betrouwbaarheidsonderzoek van belang kunnen zijn?) heeft [naam bestuurder NOVAJA] nee ingevu,None,De beoordeling,1,Beoordeling,0,0.9223663,0.0069189477,0.0012400466,0.04015517,0.029319465,0,None
ECLI:NL:RBOBR:2020:3584.txt,[naam bestuurder NOVAJA] wist echter vanaf [datum] al dat Achmea de uitkering [datum] van hem terugvorderde.,materiele feiten,De beoordeling,1,Beoordeling,1,0.13314722,0.0354461,0.0008532827,0.6952853,0.135268,3,materiele feiten
ECLI:NL:RBOBR:2020:3584.txt,"[naam bestuurder NOVAJA] had de vragen 2b, 2d en 5c derhalve met ja moeten invullen.",proceshandelingen,De beoordeling,1,Beoordeling,1,0.24201143,0.070299,0.0014227659,0.25084352,0.43542328,4,proceshandelingen
ECLI:NL:RBOBR:2020:3584.txt,In het mailbericht waarmee [naam bestuurder NOVAJA] op [datum] het formulier betrouwbaarheidsonderzoek werd toegezonden wordt [naam bestuurder NOVAJA] expliciet gevraagd: “ Zijn er claims en/of tuchtzaken waarbij jij betrokken bent/bent geweest? ” In zijn mail van [datum] antwoordt [naam bestuurder NOVAJA] deze vraag met “ Neen ”.,None,De beoordeling,1,Beoordeling,0,0.32835767,0.0050840043,0.0017648585,0.61424655,0.05054694,3,materiele feiten
ECLI:NL:RBOBR:2020:3584.txt,"Bij vraag 6e (verklaring naleving meldingen fraude) van het Compliance statement Partner heeft [naam bestuurder NOVAJA] op [datum] ja geantwoord op de vraag of hij alle (vermoedelijke) fraudes/onregelmatigheden die hem bekend zijn geworden gedurende zijn beroepsuitoefening, heeft gemeld aan QRM, ongeacht de aard en omvang van ongeacht of herstel heeft plaatsgevonden.",None,De beoordeling,1,Beoordeling,0,0.32588717,0.009200913,0.0009982525,0.60997057,0.0539431,3,materiele feiten
ECLI:NL:RBOBR:2020:3584.txt,[naam bestuurder NOVAJA] wist op dat moment dat hij [datum] was gedagvaard door Achmea.,beoordeling,De beoordeling,1,Beoordeling,1,0.04092665,0.014114242,0.00096935144,0.84146994,0.10251979,3,materiele feiten
ECLI:NL:RBOBR:2020:3584.txt,[naam bestuurder NOVAJA] had deze vraag met nee moeten beantwoorden.,beoordeling,De beoordeling,1,Beoordeling,1,0.068258256,0.02117967,0.0016139637,0.34159738,0.56735075,4,proceshandelingen
ECLI:NL:RBOBR:2020:3584.txt,In de DSI-screening van [datum] heeft [naam bestuurder NOVAJA] melding gemaakt van de lopende strafzaak met betrekking tot de BTW-kwestie.,materiele feiten,De beoordeling,1,Beoordeling,1,0.022736536,0.006710188,0.00057721254,0.9556375,0.014338588,3,materiele feiten
ECLI:NL:RBOBR:2020:3584.txt,"Vraag 4 van de screening luidt: “ hebt u in de afgelopen vijf jaar financiële problemen gehad die hebben geleid tot juridische procedures? ” Vraag 6 van de screening luidt: “ bent u op dit moment in Nederland of elders verwikkeld in één of meer juridische procedures naar aanleiding van financiële problemen of verwacht u hierin betrokken te raken? ” Vraag 15 van de screening luidt: “ zijn er andere feiten of omstandigheden die redelijkerwijs van belang geacht kunnen worden voor de toetsing van uw integriteit, deskundigheid en vakbekwaamheid? ” Vraag 16 van de screening luidt: “ Is aan u de afgelopen vijf jaar melding gedaan van opname in een incidentenregister? ” [naam bestuurder NOVAJA] heeft naar aanleiding van al deze vragen geen melding gemaakt van de op dat moment lopende rechtszaak van Achmea tegen [naam bestuurder NOVAJA] strekkende tot (terug-)betaling van bijna [geld]- noch van de opname door Achmea in haar eigen Incidentenregister en in het EVR in",None,De beoordeling,1,Beoordeling,0,0.97634184,0.002947411,0.0016705429,0.014343536,0.0046966393,0,None
ECLI:NL:RBOBR:2020:3584.txt,Ter zake het gesprek van [datum] is door BDO Holding onweersproken gesteld dat [naam bestuurder NOVAJA] expliciet is gevraagd of er zaken zijn die nog op tafel moeten komen en of er dingen zouden zijn waar BDO Holding van zou moeten weten.,materiele feiten,De beoordeling,1,Beoordeling,1,0.09522535,0.121621445,0.0012961791,0.0739265,0.70793045,4,proceshandelingen
ECLI:NL:RBOBR:2020:3584.txt,"[naam bestuurder NOVAJA] had bij die gelegenheid het in de rechtszaak met Achmea gewezen vonnis en de in het verlengde daarvan overeengekomen betalingsregeling moeten melden, maar heeft dat niet gedaan.",beoordeling,De beoordeling,1,Beoordeling,1,0.03098482,0.07463136,0.0013327148,0.07318912,0.81986195,4,proceshandelingen
ECLI:NL:RBOBR:2020:3584.txt,Notabene had [naam bestuurder NOVAJA] een dag eerder deze regeling met Achmea getroffen.,beoordeling,De beoordeling,1,Beoordeling,1,0.032283563,0.009237998,0.0009728596,0.8219474,0.13555817,3,materiele feiten
ECLI:NL:RBOBR:2020:3584.txt,"In de Compliance Statement Partner 2019 dat door [naam bestuurder NOVAJA] op [datum] is ingevuld heeft hij bevestigd dat hij bekend is met de BDO Gedragscode en dat hij in overeenstemming hiermee heeft gehandeld en in de toekomst zal handelen en dat hij alle (vermoedelijke) fraudes/onregelmatigheden die hem bekend zijn geworden gedurende zijn beroepsuitoefening heeft gemeld aan QRM, ongeacht de aard en omvang en ongeacht of herstel heeft plaatsgevonden (vraag 6c en vraag 6e).",materiele feiten,De beoordeling,1,Beoordeling,1,0.56371766,0.018439122,0.0012365425,0.36044538,0.0561613,0,None
ECLI:NL:RBOBR:2020:3584.txt,Op dat moment was [naam bestuurder NOVAJA] al een paar maanden bekend met het vonnis en had hij inmiddels een schikking getroffen met Achmea.,beoordeling,De beoordeling,1,Beoordeling,1,0.031290974,0.029130362,0.0012347882,0.6217083,0.31663564,3,materiele feiten
ECLI:NL:RBOBR:2020:3584.txt,[naam bestuurder NOVAJA] heeft ook deze verklaring toen niet naar waarheid ingevu,beoordeling,De beoordeling,1,Beoordeling,1,0.033914912,0.021869337,0.0009774554,0.7442321,0.19900616,3,materiele feiten
ECLI:NL:RBOBR:2020:3584.txt,Alles overziend is de voorzieningenrechter voorshands van oordeel dat BDO Holding terecht en op goede gronden de overeenkomst heeft ontbonden wegens een tekortkoming in de nakoming van een wezenlijke verplichting.,beoordeling,De beoordeling,1,Beoordeling,1,0.07041496,0.9131516,0.0010338726,0.010715318,0.0046841996,1,beoordeling
ECLI:NL:RBOBR:2020:3584.txt,BDO Holding heeft het door de rechtbank Midden-Nederland als opzettelijk misleidend gekwalificeerde handelen van [naam bestuurder NOVAJA] jegens Achmea zoals blijkend uit het vonnis van die rechtbank alsook het meermaals niet naar waarheid beantwoorden van vragen omtrent de integriteit en betrouwbaarheid van [naam bestuurder NOVAJA] kunnen en mogen aanmerken als handelen in strijd met de verplichting om zich als goed opdrachtnemer te gedragen.,beoordeling,De beoordeling,1,Beoordeling,1,0.28897658,0.41672495,0.0018997617,0.08584219,0.20655645,1,beoordeling
ECLI:NL:RBOBR:2020:3584.txt,"Van een goed opdrachtnemer zoals [naam bestuurder NOVAJA] mag (gezien zijn rol en positie binnen een organisatie als BDO Holding) worden verwacht dat hij niet betrokken raakt in kwesties zoals die met Achmea en dat hij, indien van dergelijke betrokkenheid toch sprake is, BDO Holding desgevraagd ten minste eerlijk, tijdig en volledig informeert omtrent die betrokkenheid zodat BDO Holding als opdrachtgever op basis van die informatie zelf een beoordeling kan maken over de vraag of die betrokkenheid aan het (voortgezet) functioneren van de opdrachtnemer in de weg staat, gelet op de ter zake gehanteerde integriteitseisen.",beoordeling,De beoordeling,1,Beoordeling,1,0.5534783,0.35472697,0.0016062375,0.03231131,0.057877146,0,None
ECLI:NL:RBOBR:2020:3584.txt,Niet in geschil is dat schending van de verplichting om zich als een goed opdrachtnemer te gedragen geldt als een tekortkoming in de nakoming van een wezenlijke verplichting die grond kan opleveren tot ontbinding van de overeenkomst op voet van artikel 13 van de overeenkomst.,beoordeling,De beoordeling,1,Beoordeling,1,0.057015017,0.9304952,0.0020545106,0.006441044,0.0039942334,1,beoordeling
ECLI:NL:RBOBR:2020:3584.txt,"Voor zover [naam bestuurder NOVAJA] BDO Holding nog het verwijt maakt dat BDO Holding met betrekking tot de onderliggende kwestie Achmea geen hoor en wederhoor heeft toegepast, valt niet in te zien hoe dit tot een andere beoordeling bij BDO had kunnen leiden nu BDO Holding [naam bestuurder NOVAJA] immers niet alleen zijn rol in de kwestie Achmea zelf verwijt maar daarnaast ook het feit dat hij die kwestie voor BDO Holding aanhoudend heeft verzwegen, wetende welk belang BDO Holding daar aan hechtte.",beoordeling,De beoordeling,1,Beoordeling,1,0.043368284,0.9383387,0.0011367268,0.009111418,0.008044864,1,beoordeling
ECLI:NL:RBOBR:2020:3584.txt,De voorzieningenrechter is van oordeel dat dit laatste verwijt op zichzelf de beslissing van BDO Holding om de overeenkomst met [naam bestuurder NOVAJA] met onmiddellijke ingang te ontbinden zelfstandig kan dragen.,beoordeling,De beoordeling,1,Beoordeling,1,0.035614546,0.9475036,0.00085120864,0.010322685,0.005707906,1,beoordeling
ECLI:NL:RBOBR:2020:3584.txt,De in artikel 13 genoemde ingebrekestelling van 30 dagen heeft BDO Holding gelet op de omstandigheden achterwege kunnen laten.,beoordeling,De beoordeling,1,Beoordeling,1,0.021722898,0.92575353,0.0011779483,0.014288125,0.037057552,1,beoordeling
ECLI:NL:RBOBR:2020:3584.txt,"Deze termijn komt alleen relevantie toe in het geval sprake is van een wezenlijke tekortkoming die nog ongedaan kan worden gemaakt, in welk geval de nalatige partij daartoe in de gelegenheid dient te worden gesteld alvorens de overeenkomst kan worden ontbonden.",beoordeling,De beoordeling,1,Beoordeling,1,0.8447585,0.13622418,0.0071376627,0.0035443509,0.008335384,0,None
ECLI:NL:RBOBR:2020:3584.txt,In dit geval is nakoming blijvend onmogelijk.,beoordeling,De beoordeling,1,Beoordeling,1,0.09790149,0.8548743,0.0035855998,0.025149142,0.018489487,1,beoordeling
ECLI:NL:RBOBR:2020:3584.txt,Aan hetgeen partijen over en weer verder nog hebben gesteld over de beëindiging door opzegging kan gelet op het geslaagde beroep op ontbinding onbesproken blijven.,beoordeling,De beoordeling,1,Beoordeling,1,0.018868053,0.9428801,0.0015930604,0.0077251773,0.028933655,1,beoordeling
ECLI:NL:RBOBR:2020:3584.txt,Gelet op het vorenstaande ontbreekt een rechtsgrond voor toewijzing van vordering,beoordeling,De beoordeling,1,Beoordeling,1,0.092790626,0.8891107,0.0009391408,0.007896203,0.009263424,1,beoordeling
ECLI:NL:RBOBR:2020:3584.txt,Deze vordering zal worden afgewezen.,beoordeling,De beoordeling,1,Beoordeling,1,0.01740195,0.97218925,0.0015901217,0.0035058106,0.005312822,1,beoordeling
ECLI:NL:RBOBR:2020:3584.txt,Ten aanzien van vordering,None,De beoordeling,1,Beoordeling,0,0.94796664,0.035950057,0.008075094,0.0015105515,0.0064976285,0,None
ECLI:NL:RBOBR:2020:3584.txt,De voorzieningenrechter is van oordeel dat BDO Holding niet heeft gehandeld in strijd met haar geheimhoudingsplicht.,beoordeling,De beoordeling,1,Beoordeling,1,0.07553703,0.9028404,0.0010267571,0.01391167,0.006684196,1,beoordeling
ECLI:NL:RBOBR:2020:3584.txt,Bovendien heeft BDO Holding onweersproken gesteld dat met [naam bestuurder NOVAJA] in het telefoongesprek van [datum] is gesproken over de interne communicatie en dat [naam hoofd BDO Advisory] de bewoordingen ‘dringende redenen’ zou gebruiken.,materiele feiten,De beoordeling,1,Beoordeling,1,0.056273323,0.6576868,0.0012373112,0.046713956,0.23808862,1,beoordeling
ECLI:NL:RBOBR:2020:3584.txt,BDO Holding heeft blijkens het belscript haar medewerkers met ‘ vertrek wegens dringende reden ’ op neutrale wijze geïnformeerd over het vertrek van [naam bestuurder NOVAJA].,None,De beoordeling,1,Beoordeling,0,0.91290003,0.0077891694,0.0015880368,0.07212479,0.005598003,0,None
ECLI:NL:RBOBR:2020:3584.txt,BDO Holding heeft geen vertrouwelijke informatie over [naam bestuurder NOVAJA] of over zijn opdrachtvervulling gedeeld met derden noch melding gemaakt van de inhoud van de dringende reden die de belangen van [naam bestuurder NOVAJA] zouden kunnen schaden.,materiele feiten,De beoordeling,1,Beoordeling,1,0.1480852,0.06919168,0.0014993235,0.4993417,0.28188217,3,materiele feiten
ECLI:NL:RBOBR:2020:3584.txt,Dat de omschrijving ‘ vertrek wegens dringende reden ’ [naam bestuurder NOVAJA] zou schaden of diskwalificerend is heeft [naam bestuurder NOVAJA] overigens niet aannemelijk gemaakt.,None,De beoordeling,1,Beoordeling,0,0.093511164,0.873853,0.0011195499,0.021356285,0.010159964,1,beoordeling
ECLI:NL:RBOBR:2020:3584.txt,Voor zover de term ‘ dringende redenen ’ al een schadelijke of negatieve klank heeft moet er bovendien op worden gewezen dat de door [naam bestuurder NOVAJA] aangehaalde bepaling uit de overeenkomst daaraan niet in de weg staat.,None,De beoordeling,1,Beoordeling,0,0.12872696,0.8538125,0.0013645153,0.009030562,0.0070654517,1,beoordeling
ECLI:NL:RBOBR:2020:3584.txt,De aangehaalde bepaling ziet louter op het openbaar maken (dat wil zeggen bekendmaken buiten de onderneming van BDO Holding) van informatie die BDO Holding heeft verkregen in het kader van de uitvoering van de overeenkomst en waarvan BDO Holding het vertrouwelijke karakter kent of behoort te kennen en waarvan BDO Holding weet of kan weten dat kennisneming daarvan door een derde het belang van [naam bestuurder NOVAJA] kan schaden.,beoordeling,De beoordeling,1,Beoordeling,1,0.4020367,0.54586005,0.0020613482,0.015918555,0.03412341,1,beoordeling
ECLI:NL:RBOBR:2020:3584.txt,"Kortom, BDO Holding heeft niet in strijd met artikel 7.2. gehandeld zodat er geen boetes zijn verbeurd op grond van artike",beoordeling,De beoordeling,1,Beoordeling,1,0.14927095,0.7051737,0.001276888,0.020946555,0.123331934,1,beoordeling
ECLI:NL:RBOBR:2020:3584.txt,Vordering 2 zal derhalve worden afgewezen.,beoordeling,De beoordeling,1,Beoordeling,1,0.031203695,0.95960456,0.0012765658,0.004043653,0.003871459,1,beoordeling
ECLI:NL:RBOBR:2020:3584.txt,Ten aanzien van vordering,None,De beoordeling,1,Beoordeling,0,0.94796664,0.035950057,0.008075094,0.0015105515,0.0064976285,0,None
ECLI:NL:RBOBR:2020:3584.txt,Niet gebleken is dat BDO Holding interne (behoudens die volgens het belscript) en externe mededelingen doet of heeft gedaan over de achterliggende redenen dat [naam bestuurder NOVAJA] niet langer voor haar werkzaam is of over het geschil tussen [naam bestuurder NOVAJA] en Achmea.,None,De beoordeling,1,Beoordeling,0,0.21758196,0.7085953,0.0010476578,0.04639177,0.026383344,1,beoordeling
ECLI:NL:RBOBR:2020:3584.txt,BDO Holding heeft ook aangegeven dit niet van plan te zijn.,proceshandelingen,De beoordeling,1,Beoordeling,1,0.03730628,0.01897892,0.0015864983,0.6066537,0.3354746,3,materiele feiten
ECLI:NL:RBOBR:2020:3584.txt,BDO Holding heeft onweersproken gesteld dat zij overleg heeft gehad met AFM en daar heeft medegedeeld dat de gedaagde in het vonnis gelieerd was aan BDO Holding.,proceshandelingen,De beoordeling,1,Beoordeling,1,0.029093854,0.8882752,0.0011477661,0.017055074,0.06442806,1,beoordeling
ECLI:NL:RBOBR:2020:3584.txt,De naam van [naam bestuurder NOVAJA] is daarbij niet genoe,materiele feiten,De beoordeling,1,Beoordeling,1,0.12112101,0.39215925,0.0011260008,0.32706806,0.15852562,1,beoordeling
ECLI:NL:RBOBR:2020:3584.txt,"Dat BDO Holding Aon moest inlichten dat [naam bestuurder NOVAJA] vervangen zou worden omdat hij niet meer aan BDO Holding was verbonden, kan haar bezwaarlijk verweten worden.",beoordeling,De beoordeling,1,Beoordeling,1,0.022861186,0.9605578,0.0012305601,0.00616855,0.009181979,1,beoordeling
ECLI:NL:RBOBR:2020:3584.txt,Gelet hierop ontbeert [naam bestuurder NOVAJA] een gerechtvaardigd belang bij zijn vordering zodat hem deze moet worden ontzeg,beoordeling,De beoordeling,1,Beoordeling,1,0.050990134,0.68886894,0.0019298308,0.014717743,0.24349333,1,beoordeling
ECLI:NL:RBOBR:2020:3584.txt,Ten aanzien van vordering,None,De beoordeling,1,Beoordeling,0,0.9479665,0.03595012,0.008075076,0.0015105513,0.006497625,0,None
ECLI:NL:RBOBR:2020:3584.txt,Het hiervoor overwogene onder 4.17 heeft tot gevolg dat ook de vordering op grond van artikel 843a Rv moet worden afgewezen.,beoordeling,De beoordeling,1,Beoordeling,1,0.05162996,0.9195017,0.0012004314,0.006266502,0.021401439,1,beoordeling
ECLI:NL:RBOBR:2020:3584.txt,[naam bestuurder NOVAJA] heeft niet aangetoond dat schending van artikel 7.2. of artikel 8.2. heeft plaatsgevonden zodat hij geen rechtmatig belang aannemelijk heeft gemaakt bij het verkrijgen van de in vordering 4 genoemde informatie.,beoordeling,De beoordeling,1,Beoordeling,1,0.18746804,0.50284845,0.0015489066,0.047065753,0.26106888,1,beoordeling
ECLI:NL:RBOBR:2020:3584.txt,Bij deze stand van zaken is deze vordering aan te merken als een fishing expedition waarvoor artikel 843a Rv niet is bedoe,beoordeling,De beoordeling,1,Beoordeling,1,0.14280814,0.70605797,0.0021179717,0.017307596,0.13170838,1,beoordeling
ECLI:NL:RBOBR:2020:3584.txt,[naam bestuurder NOVAJA] zal als de in het ongelijk gestelde partij in de proceskosten worden veroordee,None,De beoordeling,1,Beoordeling,0,0.98448133,0.0037707167,0.005529525,0.0016256184,0.00459285,0,None
ECLI:NL:RBOBR:2020:3584.txt,Dit vonnis is gewezen door [naam] en in het openbaar uitgesproken op [datum],None,De beslissing,1,Beslissing,0,0.9867834,0.003134423,0.0021253098,0.005158244,0.0027986602,0,None
ECLI:NL:GHAMS:2017:4813.txt,"Dit arrest is gewezen naar aanleiding van het onderzoek ter terechtzitting in hoger beroep van [datum] en, overeenkomstig het bepaalde bij artikel 422, tweede lid, van het Wetboek van Strafvordering, naar aanleiding van het onderzoek ter terechtzitting in eerste aanleg.",None,Onderzoek van de zaak,1,Context,0,0.97576356,0.014169587,0.0042944383,0.0017547025,0.004017688,0,None
ECLI:NL:GHAMS:2017:4813.txt,Tegen voormeld vonnis is door de verdachte hoger beroep ingeste,None,Onderzoek van de zaak,1,Context,0,0.9872088,0.003804105,0.0021627194,0.0025381546,0.004286336,0,None
ECLI:NL:GHAMS:2017:4813.txt,Het hof heeft kennisgenomen van de vordering van de advocaat-generaal en van hetgeen door de verdachte en de raadsman naar voren is gebracht.,None,Onderzoek van de zaak,1,Context,0,0.70541775,0.28065115,0.0023964562,0.0059523713,0.005582248,0,None
ECLI:NL:GHAMS:2017:4813.txt,"Aan de verdachte is ten laste gelegd dat: hij op of omstreeks [datum] te Amsterdam, in elk geval in Nederland, met het oogmerk om zich en/of (een) ander(en) wederrechtelijk te bevoordelen door het aannemen van een valse naam en/of van een valse hoedanigheid en/of door een of meer listige kunstgrepen en/of door een samenweefsel van verdichtsels, horecabedrijf [naam] en/of [slachtoffer] heeft bewogen tot de afgifte van vier, in elk geval een of meer fles(sen) pils en/of een borrelhap, in elk geval van enig goed, hebbende verdachte met vorenomschreven oogmerk - zakelijk weergegeven - valselijk en/of listiglijk en/of bedrieglijk en/of in strijd met de waarheid in dat horecabedrijf en/of bij die Von der Mohlen een borrelhap en/of die fles(sen) pils besteld en/of zich daarbij voorgedaan als betalende klant, waardoor dat horecabedrijf en/of bij die Von der Mohlen werd(en) bewogen tot bovenomschreven afgifte.",proceshandelingen,Tenlastelegging,1,Proceshandelingen partijen,1,0.43681538,0.04895129,0.010483644,0.15212452,0.35162517,0,None
ECLI:NL:GHAMS:2017:4813.txt,"Voor zover in de tenlastelegging taal- en/of schrijffouten voorkomen, zal het hof deze verbeterd lezen.",None,Tenlastelegging,1,Proceshandelingen partijen,0,0.39013824,0.59243137,0.0034309328,0.009818403,0.0041809953,1,beoordeling
ECLI:NL:GHAMS:2017:4813.txt,De verdachte wordt daardoor niet in de verdediging geschaa,None,Tenlastelegging,1,Proceshandelingen partijen,0,0.1639086,0.82241446,0.005266872,0.0034422553,0.0049678003,1,beoordeling
ECLI:NL:GHAMS:2017:4813.txt,De advocaat-generaal heeft gevorderd dat de verdachte zal worden veroordeeld tot dezelfde straf als door de rechter in eerste aanleg opgeleg,proceshandelingen,Vordering van het openbaar ministerie,1,Proceshandelingen partijen,1,0.09727393,0.0076404577,0.012084021,0.005415783,0.87758577,4,proceshandelingen
ECLI:NL:GHAMS:2017:4813.txt,De raadsman heeft het hof ter terechtzitting in hoger beroep gevraagd de verdachte vrij te spreken van hetgeen hem ten laste is geleg,proceshandelingen,Vrijspraak,1,Beslissing,1,0.46828026,0.009101321,0.013522071,0.008218713,0.5008776,4,proceshandelingen
ECLI:NL:GHAMS:2017:4813.txt,"Daartoe is, kort gezegd, aangevoerd dat ‘de ondergrens van oplichting niet wordt gehaald’, omdat de opzet om niet voor de bestelde eet- en drinkwaren te betalen, niet van te voren aanwezig was.",proceshandelingen,Vrijspraak,1,Beslissing,1,0.025023906,0.02698533,0.0018726075,0.020327171,0.925791,4,proceshandelingen
ECLI:NL:GHAMS:2017:4813.txt,De advocaat-generaal heeft gesteld dat de verdachte zich van aanvang aan heeft voorgedaan als betalende klant en dus een valse hoedanigheid heeft aangenomen.,proceshandelingen,Vrijspraak,1,Beslissing,1,0.11998842,0.008786674,0.0046330676,0.00775638,0.8588355,4,proceshandelingen
ECLI:NL:GHAMS:2017:4813.txt,"Het hof ziet zich voor de vraag gesteld of de verdachte zich ten tijde van het aangaan van de overeenkomst tot koop en levering van eet- en drinkwaren, in strijd met de waarheid heeft voorgedaan als bonafide en kredietwaardige klant.",beoordeling,Vrijspraak,1,Beslissing,1,0.028842945,0.9561802,0.001331899,0.010367306,0.0032776338,1,beoordeling
ECLI:NL:GHAMS:2017:4813.txt,De verdachte heeft bij horecabedrijf [naam] vier (glazen) bier en een borrelhap beste,materiele feiten,Vrijspraak,1,Beslissing,1,0.01135241,0.03424905,0.0015831152,0.9273797,0.025435667,3,materiele feiten
ECLI:NL:GHAMS:2017:4813.txt,"Toen de verdachte het daarvoor verschuldigde bedrag van [geld] met behulp van een bankpas elektronisch wilde betalen, is gebleken dat hij hiertoe niet over voldoende saldo beschikte op de aan de pinpas gekoppelde betaalrekening.",materiele feiten,Vrijspraak,1,Beslissing,1,0.025852159,0.48861608,0.0016549771,0.4233966,0.060480155,1,beoordeling
ECLI:NL:GHAMS:2017:4813.txt,De eigenaar van het horecabedrijf [naam] heeft daarop de verdachte verzocht om plaats te nemen op het terras.,materiele feiten,Vrijspraak,1,Beslissing,1,0.017949602,0.013828448,0.0014171246,0.84009516,0.12670974,3,materiele feiten
ECLI:NL:GHAMS:2017:4813.txt,"De verdachte heeft dit in eerste instantie ook gedaan maar is vervolgens weggelopen om, naar eigen zeggen, op zoek te gaan naar een geldautomaat.",materiele feiten,Vrijspraak,1,Beslissing,1,0.017351849,0.36795577,0.0052335425,0.28218335,0.3272755,1,beoordeling
ECLI:NL:GHAMS:2017:4813.txt,Ter terechtzitting in hoger beroep heeft verdachte nog verklaard dat hij op een spaarrekening wel over voldoende saldo beschikte en bij een geldautomaat wilde trachten vanaf die rekening geld op te nemen of over te boeken om het verschuldigde bedrag te betalen.,proceshandelingen,Vrijspraak,1,Beslissing,1,0.10946361,0.06667784,0.0018897384,0.17647147,0.6454974,4,proceshandelingen
ECLI:NL:GHAMS:2017:4813.txt,Met de raadsman en anders dan de advocaat-generaal is het hof van oordeel dat niet is gebleken dat de verdachte een valse hoedanigheid heeft aangenomen.,beoordeling,Vrijspraak,1,Beslissing,1,0.04797771,0.9421943,0.0012180643,0.004659247,0.0039506443,1,beoordeling
ECLI:NL:GHAMS:2017:4813.txt,"De in de rechtspraak wel gebruikte formulering dat een verdachte zich als een 'bonafide' deelnemer aan het rechtsverkeer heeft gepresenteerd, is met betrekking tot het aannemen van een valse hoedanigheid slechts relevant als zo een valselijke presentatie als bonafide wederpartij berust op voldoende specifieke gedragingen die in de desbetreffende context erop zijn gericht bij het beoogde slachtoffer een onjuiste voorstelling van zaken in het leven te roepen teneinde daarvan misbruik te maken.",None,Vrijspraak,1,Beslissing,0,0.13378756,0.84969455,0.0013511884,0.0065781926,0.008588538,1,beoordeling
ECLI:NL:GHAMS:2017:4813.txt,De enkele omstandigheid dat de verdachte niet kon betalen leidt niet tot de conclusie dat de verdachte zich van stond af aan valselijk heeft voorgedaan als bonafide klant en zo een valse hoedanigheid heeft aangenomen.,beoordeling,Vrijspraak,1,Beslissing,1,0.030111112,0.9385159,0.0011142095,0.0110250125,0.019233799,1,beoordeling
ECLI:NL:GHAMS:2017:4813.txt,"Dat de verdachte al voorafgaand aan zijn bestellingen wist dat hij niet over voldoende geld of saldo beschikte om zijn consumpties te voldoen, blijkt niet uit het dossier.",materiele feiten,Vrijspraak,1,Beslissing,1,0.009243491,0.947166,0.0016220728,0.023589978,0.018378504,1,beoordeling
ECLI:NL:GHAMS:2017:4813.txt,"Nu ook overigens niet is gebleken dat de verdachte zich heeft schuldig gemaakt aan de verschillende tenlastegelegde oplichtingsmiddelen is naar het oordeel van het hof niet wettig en overtuigend bewezen hetgeen de verdachte is ten laste gelegd, zodat hij hiervan moet worden vrijgesproken.",beoordeling,Vrijspraak,1,Beslissing,1,0.12283145,0.8650849,0.0016699294,0.0071572117,0.003256593,1,beoordeling
ECLI:NL:GHAMS:2017:4813.txt,"De advocaat-generaal heeft gevorderd de tenuitvoerlegging van de bij vonnis van de politierechter te Haarlem van [datum] in de zaak met parketnummer 15/700548-12, opgelegde gevangenisstraf voor de duur van 8 weken met aftrek overeenkomstig artikel 27 Wetboek van Strafrecht waarvan 4 weken voorwaardelijk met een proeftijd van 2 jaren, voor een gedeelte van twee weken met een toevoeging van de bijzondere voorwaarde dat de verdachte zich moet laten opnemen in het Forensisch Psychiatrisch Centrum De Kijvelanden.",proceshandelingen,Vordering tenuitvoerlegging,1,Proceshandelingen partijen,1,0.09572376,0.004126443,0.016701633,0.021890191,0.861558,4,proceshandelingen
ECLI:NL:GHAMS:2017:4813.txt,Voorts vordert de advocaat-generaal de bijzondere voorwaarden dadelijk uitvoerbaar te verklaren.,proceshandelingen,Vordering tenuitvoerlegging,1,Proceshandelingen partijen,1,0.015124608,0.0037450835,0.008915294,0.0050073545,0.96720773,4,proceshandelingen
ECLI:NL:GHAMS:2017:4813.txt,Nu de verdachte zal worden vrijgesproken van het ten laste gelegde zal de vordering tot tenuitvoerlegging worden afgewezen.,beoordeling,Vordering tenuitvoerlegging,1,Proceshandelingen partijen,1,0.04715338,0.9426884,0.0037088234,0.002456995,0.003992397,1,beoordeling
ECLI:NL:GHAMS:2017:4813.txt,Het hof: Vernietigt het vonnis waarvan beroep en doet opnieuw recht: Verklaart niet bewezen dat de verdachte het ten laste gelegde heeft begaan en spreekt de verdachte daarvan vrij.,beslissing,BESLISSING,1,Beslissing,1,0.012926677,0.007096777,0.96829545,0.0015741121,0.010106949,2,beslissing
ECLI:NL:GHAMS:2017:4813.txt,"Wijst af de vordering van de officier van justitie in het arrondissement te Amsterdam van [datum] strekkende tot tenuitvoerlegging van een gedeelte van de bij vonnis van de politierechter in de rechtbank Amsterdam van [datum] parketnummer 15-700548-12, opgelegde gevangenisstraf voor de duur van 8 weken, waarvan 4 weken voorwaardelijk met een proeftijd 2 jaren.",beslissing,BESLISSING,1,Beslissing,1,0.09285641,0.04747818,0.80167645,0.004199873,0.053788994,2,beslissing
ECLI:NL:GHAMS:2017:4813.txt,"Dit arrest is gewezen door de meervoudige strafkamer van het gerechtshof Amsterdam, waarin zitting hadden [naam], [naam] en [naam] Voet, in tegenwoordigheid van [naam], griffier, en is uitgesproken op de openbare terechtzitting van dit gerechtshof van [datum]",None,BESLISSING,1,Beslissing,0,0.98629224,0.0027195923,0.0024457208,0.005063533,0.0034789587,0,None
ECLI:NL:GHDHA:2018:2168.txt,"Het hof: Verklaart de verdachte niet-ontvankelijk in het hoger beroep, voor zover gericht tegen de beslissing ter zake van het onder 2 en 3 ten laste gelegde.",beslissing,BESLISSING,1,Beslissing,1,0.051400263,0.007614719,0.9281791,0.001668879,0.0111370655,2,beslissing
ECLI:NL:GHDHA:2018:2168.txt,Vernietigt het vonnis waarvan beroep en doet opnieuw recht: Verklaart zoals hiervoor overwogen bewezen dat de verdachte het onder 1 en 4 ten laste gelegde heeft begaan.,beslissing,BESLISSING,1,Beslissing,1,0.015410197,0.0055647194,0.9612384,0.0019358076,0.015850944,2,beslissing
ECLI:NL:GHDHA:2018:2168.txt,Verklaart niet bewezen hetgeen de verdachte meer of anders is ten laste gelegd dan hierboven is bewezen verklaard en spreekt de verdachte daarvan vrij.,beslissing,BESLISSING,1,Beslissing,1,0.009159644,0.008454906,0.9694633,0.0016230416,0.011299136,2,beslissing
ECLI:NL:GHDHA:2018:2168.txt,"Verklaart het onder 1 en 4 bewezen verklaarde strafbaar, kwalificeert dit als hiervoor vermeld en verklaart de verdachte strafbaar.",beslissing,BESLISSING,1,Beslissing,1,0.009938179,0.0072564417,0.9691644,0.0016073899,0.012033624,2,beslissing
ECLI:NL:GHDHA:2018:2168.txt,Veroordeelt de verdachte tot jeugddetentie voor de duur van 134 (honderdvierendertig) dagen.,beslissing,BESLISSING,1,Beslissing,1,0.025372526,0.0073198555,0.940479,0.003796582,0.023032047,2,beslissing
ECLI:NL:GHDHA:2018:2168.txt,"Wijst toe de vordering tot schadevergoeding van de benadeelde partij [benadeelde partij] ter zake van het onder 1 bewezen verklaarde tot het bedrag van [geld] (duizend vierhonderdachtennegentig euro en veertig cent) bestaande uit [geld] (vierhonderdachtennegentig euro en veertig cent) materiële schade en [geld] (duizend euro) immateriële schade, waarvoor de verdachte met de mededader hoofdelijk voor het gehele bedrag aansprakelijk is, vermeerderd met de wettelijke rente vanaf de hierna te noemen aanvangsdatum tot aan de dag der voldoening.",beslissing,Vordering van de benadeelde partij [benadeelde partij],1,Proceshandelingen partijen,1,0.054434348,0.008842,0.9178159,0.0020291063,0.016878698,2,beslissing
ECLI:NL:GHDHA:2018:2168.txt,"Verwijst de verdachte in de door de benadeelde partij gemaakte en ten behoeve van de tenuitvoerlegging nog te maken kosten, tot aan de datum van deze uitspraak begroot op nih",None,Vordering van de benadeelde partij [benadeelde partij],1,Proceshandelingen partijen,0,0.081796795,0.007162117,0.89265466,0.0020178468,0.016368538,2,beslissing
ECLI:NL:GHDHA:2018:2168.txt,"Legt aan de verdachte de verplichting op om aan de Staat, ten behoeve van het slachtoffer, genaamd [benadeelde partij], ter zake van het onder 1 bewezen verklaarde een bedrag te betalen van [geld] (duizend vierhonderdachtennegentig euro en veertig cent) bestaande uit [geld] (vierhonderdachtennegentig euro en veertig cent) materiële schade en [geld] (duizend euro) immateriële schade, bij gebreke van betaling en verhaal te vervangen door 24 (vierentwintig) dagen jeugddetentie, vermeerderd met de wettelijke rente vanaf de hierna te noemen aanvangsdatum tot aan de dag der voldoening, met dien verstande dat de toepassing van die jeugddetentie de verplichting tot schadevergoeding aan de Staat ten behoeve van het slachtoffer niet opheft.",beslissing,Vordering van de benadeelde partij [benadeelde partij],1,Proceshandelingen partijen,1,0.8530008,0.005158984,0.115811385,0.0043860064,0.021642746,0,None
ECLI:NL:GHDHA:2018:2168.txt,"Bepaalt dat indien en voor zover de verdachte of zijn mededader aan een van beide betalingsverplichtingen heeft voldaan, de andere vervalt.",beslissing,Vordering van de benadeelde partij [benadeelde partij],1,Proceshandelingen partijen,1,0.015559463,0.0077202935,0.9613148,0.001483565,0.013921792,2,beslissing
ECLI:NL:GHDHA:2018:2168.txt,"Bepaalt de aanvangsdatum van de wettelijke rente voor de materiële en de immateriële schade op [datum] Dit arrest is gewezen door [naam] der Meulen, [naam] en [naam], in bijzijn van de griffier [naam].",None,Vordering van de benadeelde partij [benadeelde partij],1,Proceshandelingen partijen,0,0.9870487,0.0020352977,0.0036841198,0.0032371178,0.003994744,0,None
ECLI:NL:GHDHA:2018:2168.txt,Het is uitgesproken op de openbare terechtzitting van het hof van [datum],None,Vordering van de benadeelde partij [benadeelde partij],1,Proceshandelingen partijen,0,0.9852195,0.0037902193,0.0021163847,0.0059603816,0.0029135474,0,None
ECLI:NL:RBNNE:2015:2927.txt,"Aan verdachte is ten laste gelegd dat: hij op of omstreeks [datum] te [pleegplaats], (althans) in de gemeente Smallingerland, tezamen en in vereniging met anderen of een ander, althans alleen, ter uitvoering van het door verdachte voorgenomen misdrijf om aan [slachtoffer 1] en/of [slachtoffer 2], opzettelijk zwaar lichamelijk letsel toe te brengen, met dat opzet die [slachtoffer 1] meermalen, althans éénmaal, met kracht in het gezicht, althans op/tegen het hoofd, heeft gestompt en/of geslagen en/of meermalen, althans éénmaal, met kracht in de maagstreek, althans tegen het lichaam, heeft geschopt en/of getrapt en/of die [slachtoffer 2] met kracht in het gezicht, althans op/tegen het hoofd, heeft gestompt en/of geslagen, terwijl de uitvoering van dat voorgenomen misdrijf niet is voltooid; althans, indien ter zake van het vorenstaande geen veroordeling mocht volgen, dat hij op of omstreeks [datum] te [pleegplaats], (althans) in de gemeente Smallingerland, met een ander of anderen, op of aan de openbare weg, de [straat 2], in elk geval op of aan een openbare weg, openlijk in vereniging geweld heeft gepleegd tegen [slachtoffer 1] en/of [slachtoffer 2], welk geweld bestond uit -het stompen en/of slaan in het gezicht, althans op/tegen het hoofd, en/of (een) andere plaats(en) van het lichaam van die [slachtoffer 1] en/of -het stompen en/of slaan in het gezicht, althans op/tegen het hoofd, van die [slachtoffer 2] en/of -het schoppen en/of trappen in de maagstreek en/of op/tegen (een) andere plaats(en) van het lichaam van die [slachtoffer 1].",proceshandelingen,Tenlastelegging,1,Proceshandelingen partijen,1,0.98835284,0.0020273745,0.0022974892,0.0040359762,0.003286333,0,None
ECLI:NL:RBNNE:2015:2927.txt,In de tenlastelegging voorkomende schrijffouten of kennelijke misslagen worden verbeterd gelezen.,None,Tenlastelegging,1,Proceshandelingen partijen,0,0.5539654,0.1921614,0.0027936534,0.12333146,0.12774809,0,None
ECLI:NL:RBNNE:2015:2927.txt,De verdachte is hierdoor niet in zijn belangen geschaa,None,Tenlastelegging,1,Proceshandelingen partijen,0,0.1797841,0.80709755,0.003456965,0.0040407716,0.005620586,1,beoordeling
ECLI:NL:RBNNE:2015:2927.txt,"De officier van justitie heeft ter terechtzitting gevorderd: - veroordeling voor het primair ten laste gelegde, maar uitsluitend voor zover dit betrekking heeft op het slachtoffer [slachtoffer 1]; - oplegging van een taakstraf voor de duur van 180 uren waarvan 60 uren voorwaardelijk met een proeftijd van twee jaren.",proceshandelingen,Vordering officier van justitie,1,Proceshandelingen partijen,1,0.065545276,0.006253484,0.06451079,0.013130216,0.8505602,4,proceshandelingen
ECLI:NL:RBNNE:2015:2927.txt,Feitelijke gang van zaken Op grond van de stukken gaat de rechtbank uit van de volgende feitelijke gang van zaken in de nacht van [datum] Rond 3.00 uur 's nachts bevonden medeverdachten [medeverdachte 1] en [medeverdachte 2] en verdachte zich op de stoep voor de ingang van de bar [bedrijfsnaam] aan [straat 1] in [pleegplaats].,None,Beoordeling van het bewijs,1,Beoordeling,0,0.98617065,0.0034190605,0.0014649774,0.0065651657,0.0023802184,0,None
ECLI:NL:RBNNE:2015:2927.txt,Zij waren die avond gezamenlijk op stap en waren van plan [bedrijfsnaam] te bezoeken.,materiele feiten,Beoordeling van het bewijs,1,Beoordeling,1,0.02697181,0.010926959,0.0009867717,0.9387997,0.022314863,3,materiele feiten
ECLI:NL:RBNNE:2015:2927.txt,Op dat moment kwamen [slachtoffer 1] en [slachtoffer 2] naar buiten gelopen.,materiele feiten,Beoordeling van het bewijs,1,Beoordeling,1,0.01674638,0.006556516,0.00075462164,0.9531391,0.022803366,3,materiele feiten
ECLI:NL:RBNNE:2015:2927.txt,Tussen [slachtoffer 1] en verdachte ontstond ruzie.,materiele feiten,Beoordeling van het bewijs,1,Beoordeling,1,0.008429202,0.017962016,0.0012177414,0.9057987,0.066592425,3,materiele feiten
ECLI:NL:RBNNE:2015:2927.txt,De groepen gingen vervolgens uiteen.,materiele feiten,Beoordeling van het bewijs,1,Beoordeling,1,0.6039361,0.038491488,0.005712612,0.33754554,0.01431419,0,None
ECLI:NL:RBNNE:2015:2927.txt,"Verdachte, [medeverdachte 1] en [medeverdachte 2] besloten niet meer naar [bedrijfsnaam] te gaan en ze staken [straat 1] over in de richting van de [straat 2].",materiele feiten,Beoordeling van het bewijs,1,Beoordeling,1,0.972841,0.0038955724,0.0014890372,0.01717448,0.0045998367,0,None
ECLI:NL:RBNNE:2015:2927.txt,Korte tijd later kwam het op de [straat 2] opnieuw tot een confrontatie.,materiele feiten,Beoordeling van het bewijs,1,Beoordeling,1,0.039296582,0.015219885,0.0012610997,0.88767755,0.056544892,3,materiele feiten
ECLI:NL:RBNNE:2015:2927.txt,Hierbij is door verschillende personen geweld gebruikt.,materiele feiten,Beoordeling van het bewijs,1,Beoordeling,1,0.0151165305,0.012850785,0.0011089246,0.94206655,0.028857257,3,materiele feiten
ECLI:NL:RBNNE:2015:2927.txt,"Betrouwbaarheid van de getuigenverklaringen Het standpunt van de verdediging dat de verklaringen van de verschillende getuigen elkaar te weinig steun bieden om tot het wettig bewijs te komen, deelt de rechtbank niet.",None,Beoordeling van het bewijs,1,Beoordeling,0,0.97263587,0.020277832,0.0028325624,0.0019744209,0.0022793317,0,None
ECLI:NL:RBNNE:2015:2927.txt,"Weliswaar verschilt een aantal verklaringen op detailniveau, maar de hierna voor het bewijs gebezigde verklaringen komen op essentiële punten in voldoende mate met elkaar overeen om door de rechtbank als betrouwbaar te worden aangemerkt.",beoordeling,Beoordeling van het bewijs,1,Beoordeling,1,0.25006464,0.6855828,0.0009727109,0.047171008,0.016208807,1,beoordeling
ECLI:NL:RBNNE:2015:2927.txt,"De verklaringen worden bovendien ondersteund door objectief bewijs, zoals de bij [slachtoffer 1] en [slachtoffer 2] aangetroffen letsels.",beoordeling,Beoordeling van het bewijs,1,Beoordeling,1,0.033199243,0.9085823,0.00081105257,0.03254362,0.024863794,1,beoordeling
ECLI:NL:RBNNE:2015:2927.txt,"Overweging ten aanzien van het primair ten laste gelegde Aan verdachte is primair ten laste gelegd dat hij, tezamen en in vereniging dan wel alleen, gepoogd heeft om aan [slachtoffer 1] en [slachtoffer 2] zwaar lichamelijk letsel toe te brengen.",None,Beoordeling van het bewijs,1,Beoordeling,0,0.9872471,0.0030351402,0.0024452012,0.0030488945,0.004223583,0,None
ECLI:NL:RBNNE:2015:2927.txt,De rechtbank acht dit feit niet wettig en overtuigend bewezen.,beoordeling,Beoordeling van het bewijs,1,Beoordeling,1,0.017481333,0.9697733,0.002176164,0.0073144613,0.0032546825,1,beoordeling
ECLI:NL:RBNNE:2015:2927.txt,Verdachte zal daarom hiervan worden vrijgesproken.,beoordeling,Beoordeling van het bewijs,1,Beoordeling,1,0.03118911,0.95892996,0.0016606494,0.0046937657,0.0035264934,1,beoordeling
ECLI:NL:RBNNE:2015:2927.txt,De rechtbank overweegt hierbij het volgende.,None,Beoordeling van het bewijs,1,Beoordeling,0,0.9857546,0.0050935284,0.0024333908,0.0045404593,0.0021779505,0,None
ECLI:NL:RBNNE:2015:2927.txt,"Voor een bewezenverklaring van poging tot zware mishandeling is opzet, ten minste in voorwaardelijke zin, op het toebrengen van zwaar lichamelijk letsel vereist.",None,Beoordeling van het bewijs,1,Beoordeling,0,0.3977545,0.55521226,0.006122862,0.018612646,0.022297744,1,beoordeling
ECLI:NL:RBNNE:2015:2927.txt,Voorwaardelijk opzet is aanwezig indien de verdachte willens en wetens de aanmerkelijke kans op het ontstaan van zwaar lichamelijk letsel heeft aanvaar,None,Beoordeling van het bewijs,1,Beoordeling,0,0.4926257,0.48100206,0.003047324,0.006879242,0.016445687,0,None
ECLI:NL:RBNNE:2015:2927.txt,Uit de stukken blijkt dat verdachte en de medeverdachten [medeverdachte 1] en [medeverdachte 2] geweld hebben gebruikt tegen zowel [slachtoffer 1] als [slachtoffer 2].,materiele feiten,Beoordeling van het bewijs,1,Beoordeling,1,0.9666263,0.004460877,0.00145283,0.023239724,0.0042203083,0,None
ECLI:NL:RBNNE:2015:2927.txt,Dit geweld bestond uit slaan en schoppen.,materiele feiten,Beoordeling van het bewijs,1,Beoordeling,1,0.23576495,0.09517157,0.024039136,0.2494461,0.39557827,4,proceshandelingen
ECLI:NL:RBNNE:2015:2927.txt,"Naar het oordeel van de rechtbank kan niet worden vastgesteld dat het door verdachte en de medeverdachten gebruikte geweld zodanig hevig was, dat daardoor een aanmerkelijke kans op zwaar lichamelijk letsel bij de slachtoffers ontston",beoordeling,Beoordeling van het bewijs,1,Beoordeling,1,0.7183355,0.2555576,0.0018314696,0.019794999,0.004480403,0,None
ECLI:NL:RBNNE:2015:2927.txt,"De rechtbank acht daarom niet bewezen dat verdachte, al dan niet in vereniging met een ander of anderen, opzet heeft gehad op het toebrengen van zwaar lichamelijk letsel, ook niet in voorwaardelijke zin.",beoordeling,Beoordeling van het bewijs,1,Beoordeling,1,0.05768055,0.92241895,0.001447069,0.0150913,0.0033621464,1,beoordeling
ECLI:NL:RBNNE:2015:2927.txt,"Overwegingen ten aanzien van het subsidiair ten laste gelegde Subsidiair is aan verdachte ten laste gelegd dat hij zich samen met een ander of anderen schuldig heeft gemaakt aan openlijke geweldpleging tegen personen, te weten [slachtoffer 1] en [slachtoffer 2].",None,Beoordeling van het bewijs,1,Beoordeling,0,0.98907906,0.002079323,0.0021402077,0.0031735746,0.0035277966,0,None
ECLI:NL:RBNNE:2015:2927.txt,De rechtbank overweegt het volgende.,None,Beoordeling van het bewijs,1,Beoordeling,0,0.9854214,0.005064474,0.0038380215,0.0032471446,0.0024288988,0,None
ECLI:NL:RBNNE:2015:2927.txt,Voor een bewezenverklaring van openlijke geweldpleging is vereist dat ten aanzien van meerdere personen wordt vastgesteld dat zij opzet hadden op het openlijke geweld en dat zij daaraan een significante of wezenlijke bijdrage hebben gelever,None,Beoordeling van het bewijs,1,Beoordeling,0,0.91292435,0.071372196,0.0025251075,0.0063986587,0.006779633,0,None
ECLI:NL:RBNNE:2015:2927.txt,Tussen de verdachten moet bovendien sprake zijn van een voldoende nauwe en bewuste samenwerking.,None,Beoordeling van het bewijs,1,Beoordeling,0,0.04854204,0.752002,0.0018265598,0.055198073,0.1424314,1,beoordeling
ECLI:NL:RBNNE:2015:2927.txt,"Door [slachtoffer 1], [slachtoffer 2] en [getuige 1] is onder meer verklaard dat er in de [straat 2] door drie personen geweld is gebruikt tegen [slachtoffer 1].",materiele feiten,Beoordeling van het bewijs,1,Beoordeling,1,0.9839917,0.0026438744,0.001888607,0.0076698856,0.0038058595,0,None
ECLI:NL:RBNNE:2015:2927.txt,Dit geweld bestond uit slaan en schoppen.,materiele feiten,Beoordeling van het bewijs,1,Beoordeling,1,0.23576495,0.09517157,0.024039136,0.2494461,0.39557827,4,proceshandelingen
ECLI:NL:RBNNE:2015:2927.txt,[slachtoffer 2] heeft verklaard tussenbeide te willen komen om zo het gevecht te stoppen.,materiele feiten,Beoordeling van het bewijs,1,Beoordeling,1,0.009022034,0.0254477,0.0014154073,0.77312344,0.19099139,3,materiele feiten
ECLI:NL:RBNNE:2015:2927.txt,Deze gang van zaken wordt door de getuige [getuige 1] bevestig,materiele feiten,Beoordeling van het bewijs,1,Beoordeling,1,0.34514078,0.062038705,0.0013008739,0.44286186,0.14865774,3,materiele feiten
ECLI:NL:RBNNE:2015:2927.txt,"[slachtoffer 2] werd vrijwel direct door iemand uit de groep van verdachte met de vuist tegen zijn oog gestompt, waarna hij is vertrokken.",materiele feiten,Beoordeling van het bewijs,1,Beoordeling,1,0.007684908,0.036326043,0.001074309,0.887755,0.06715986,3,materiele feiten
ECLI:NL:RBNNE:2015:2927.txt,"Het geweld tegen [slachtoffer 1] werd vervolgens voortgezet, zo heeft getuige [getuige 1] verklaar",materiele feiten,Beoordeling van het bewijs,1,Beoordeling,1,0.04588744,0.18661338,0.0020188875,0.2187049,0.5467754,4,proceshandelingen
ECLI:NL:RBNNE:2015:2927.txt,Ten aanzien van zowel [slachtoffer 1] als [slachtoffer 2] is vastgesteld dat zij letsel hebben opgelopen.,materiele feiten,Beoordeling van het bewijs,1,Beoordeling,1,0.007664413,0.026287168,0.0009487829,0.8990087,0.06609098,3,materiele feiten
ECLI:NL:RBNNE:2015:2927.txt,De rechtbank stelt vast dat meerdere getuigen hebben verklaard dat alle drie de verdachten aan het geweld hebben deelgenomen.,beoordeling,Beoordeling van het bewijs,1,Beoordeling,1,0.077178955,0.8034615,0.0011136447,0.10028632,0.017959582,1,beoordeling
ECLI:NL:RBNNE:2015:2927.txt,"De verdachten bevonden zich in groepsverband en richtten zich gelijktijdig, binnen een kort tijdsbestek en op dezelfde locatie, op dezelfde slachtoffers.",beoordeling,Beoordeling van het bewijs,1,Beoordeling,1,0.0101677375,0.018091025,0.0020621298,0.91978526,0.049893893,3,materiele feiten
ECLI:NL:RBNNE:2015:2927.txt,"Daarmee is naar het oordeel van de rechtbank sprake geweest van een voldoende nauwe en bewuste samenwerking tussen verdachte en de medeverdachten, waarbij door elk van de verdachten een wezenlijke bijdrage aan het geweld is gelever",beoordeling,Beoordeling van het bewijs,1,Beoordeling,1,0.4134653,0.56198233,0.0017453104,0.01827294,0.0045341,1,beoordeling
ECLI:NL:RBNNE:2015:2927.txt,"De rechtbank acht wettig en overtuigend bewezen dat verdachte op [datum] samen met de medeverdachten openlijk geweld heeft gepleegd, tegen zowel [slachtoffer 1] als [slachtoffer 2].",beoordeling,Beoordeling van het bewijs,1,Beoordeling,1,0.9732131,0.0091397185,0.0012743238,0.013067667,0.003305237,0,None
ECLI:NL:RBNNE:2015:2927.txt,Bewijsmiddelen De rechtbank past bij de beoordeling van het subsidiair ten laste gelegde de volgende bewijsmiddelen toe.,None,Beoordeling van het bewijs,1,Beoordeling,0,0.986955,0.0045072874,0.0046648514,0.0014778868,0.0023949533,0,None
ECLI:NL:RBNNE:2015:2927.txt,"De door verdachte op de terechtzitting van [datum] afgelegde verklaring, voor zover inhoudende, zakelijk weergegeven: Ik was op [datum] samen met [medeverdachte 1] en [medeverdachte 2] op [straat 1] in [pleegplaats].",materiele feiten,Beoordeling van het bewijs,1,Beoordeling,1,0.97825223,0.0032424734,0.0013523583,0.014045266,0.0031076074,0,None
ECLI:NL:RBNNE:2015:2927.txt,"De inhoud van een zaaksdossier, OPS-dossiernummer PL02R2-2013115212, gesloten op [datum] bestaande uit diverse processen-verbaal waaronder: 2.1. een ambtsedig proces-verbaal, nummer PL02CD-2013115212-1,",materiele feiten,Beoordeling van het bewijs,1,Beoordeling,1,0.046919547,0.0118897,0.001611298,0.908351,0.031228483,3,materiele feiten
ECLI:NL:RBNNE:2015:2927.txt,"[datum] opgemaakt in wettelijke vorm door een daartoe bevoegde opsporingsambtenaar, voor zover inhoudende, zakelijk weergegeven, als verklaring van [slachtoffer 2]: Ik was op [datum] samen met [slachtoffer 1] te [pleegplaats].",materiele feiten,Beoordeling van het bewijs,1,Beoordeling,1,0.97890145,0.0031625552,0.0016229982,0.01317188,0.0031412032,0,None
ECLI:NL:RBNNE:2015:2927.txt,Ik zag een man en twee andere mannen die bij deze man hoorden.,materiele feiten,Beoordeling van het bewijs,1,Beoordeling,1,0.5415906,0.010607414,0.0023118916,0.43155193,0.013938118,0,None
ECLI:NL:RBNNE:2015:2927.txt,Ik zag dat de eerste en de tweede jongen ons wenkten.,materiele feiten,Beoordeling van het bewijs,1,Beoordeling,1,0.96099883,0.005365163,0.0019140061,0.026733559,0.0049885283,0,None
ECLI:NL:RBNNE:2015:2927.txt,We liepen achter hen aan op de [straat 2].,materiele feiten,Beoordeling van het bewijs,1,Beoordeling,1,0.9746823,0.004697939,0.0023351817,0.013584678,0.0046999846,0,None
ECLI:NL:RBNNE:2015:2927.txt,Daar zag ik dat [slachtoffer 1] door die drie jongens in elkaar geslagen wer,materiele feiten,Beoordeling van het bewijs,1,Beoordeling,1,0.7288869,0.01568208,0.0016802779,0.24152921,0.012221526,0,None
ECLI:NL:RBNNE:2015:2927.txt,Ik zag dat [slachtoffer 1] veel klappen kreeg van alle drie mannen.,materiele feiten,Beoordeling van het bewijs,1,Beoordeling,1,0.77521676,0.014326289,0.0015848421,0.19722313,0.011648906,0,None
ECLI:NL:RBNNE:2015:2927.txt,Ik zag vervolgens dat de derde man met de blauwe jas op mij afkwa,materiele feiten,Beoordeling van het bewijs,1,Beoordeling,1,0.90483505,0.0065161353,0.0020127983,0.08056957,0.0060665477,0,None
ECLI:NL:RBNNE:2015:2927.txt,Ik zag dat hij uithaalde.,materiele feiten,Beoordeling van het bewijs,1,Beoordeling,1,0.9090815,0.032040488,0.002467493,0.020474218,0.035936236,0,None
ECLI:NL:RBNNE:2015:2927.txt,Ik voelde pijn aan mijn oog.,materiele feiten,Beoordeling van het bewijs,1,Beoordeling,1,0.9364257,0.010633684,0.0024919617,0.044540226,0.0059085144,0,None
ECLI:NL:RBNNE:2015:2927.txt,"Ik heb nu nog een blauw oog. 2.2. een schriftelijk stuk, als bijlage gevoegd bij een ambtsedig proces-verbaal, nummer PL02CD-2013115212-AH-6,",materiele feiten,Beoordeling van het bewijs,1,Beoordeling,1,0.94482756,0.0039711236,0.0020505693,0.043337785,0.005813,0,None
ECLI:NL:RBNNE:2015:2927.txt,"[datum] voor zover inhoudende, zakelijk weergegeven: Letsel linkeroog [slachtoffer 2]. 2.3. een ambtsedig proces-verbaal, nummer PL02R2-2013115212-17,",materiele feiten,Beoordeling van het bewijs,1,Beoordeling,1,0.9825022,0.00332377,0.0016575583,0.009121345,0.0033951225,0,None
ECLI:NL:RBNNE:2015:2927.txt,"[datum] opgemaakt in wettelijke vorm door daartoe bevoegde opsporingsambtenaren, voor zover inhoudende, zakelijk weergegeven, als verklaring van [slachtoffer 1]: Ik was op [datum] net voor middernacht in de [bedrijfsnaam] te [pleegplaats].",materiele feiten,Beoordeling van het bewijs,1,Beoordeling,1,0.978726,0.003181591,0.0016126939,0.013230738,0.0032489772,0,None
ECLI:NL:RBNNE:2015:2927.txt,Ik ben naar buiten gegaan.,materiele feiten,Beoordeling van het bewijs,1,Beoordeling,1,0.8821021,0.009147888,0.0031248946,0.098427184,0.007197928,0,None
ECLI:NL:RBNNE:2015:2927.txt,Ik kreeg ruzie met drie mannen.,materiele feiten,Beoordeling van het bewijs,1,Beoordeling,1,0.12407297,0.0095472485,0.0014572489,0.8503922,0.014530303,3,materiele feiten
ECLI:NL:RBNNE:2015:2927.txt,"Ik ben over mijn hele lichaam geslagen. 2.4. een ambtsedig proces-verbaal, nummer PL02R2-2013115212-36,",materiele feiten,Beoordeling van het bewijs,1,Beoordeling,1,0.69685894,0.0077713616,0.005644907,0.2725911,0.017133716,0,None
ECLI:NL:RBNNE:2015:2927.txt,"[datum] opgemaakt in wettelijke vorm door daartoe bevoegde opsporingsambtenaren, voor zover inhoudende, zakelijk weergegeven, als verklaring van [getuige 1]: Drie blanke jongens en een negroïde jongen zijn op [datum] de [straat 2] te [pleegplaats] in gelopen.",materiele feiten,Beoordeling van het bewijs,1,Beoordeling,1,0.7144268,0.0072315848,0.0015417724,0.26875255,0.008047275,0,None
ECLI:NL:RBNNE:2015:2927.txt,Er werd door de drie blanke mannen geschopt en geslagen.,materiele feiten,Beoordeling van het bewijs,1,Beoordeling,1,0.030199375,0.014346282,0.0022924517,0.83163804,0.121523805,3,materiele feiten
ECLI:NL:RBNNE:2015:2927.txt,Ik zag dat een licht getinte man op hen afstapte.,materiele feiten,Beoordeling van het bewijs,1,Beoordeling,1,0.59646124,0.01146526,0.002177662,0.3787719,0.011123981,0,None
ECLI:NL:RBNNE:2015:2927.txt,Eén van de blanke jongens stapte op hem toe en gaf een harde vuistslag op het linkeroog van de man.,materiele feiten,Beoordeling van het bewijs,1,Beoordeling,1,0.025600614,0.012498836,0.0049913167,0.65176076,0.30514845,3,materiele feiten
ECLI:NL:RBNNE:2015:2927.txt,"Terwijl de negroïde man op de grond lag, zag ik dat een blanke man op de negroïde man inschopte, tegen zijn hoofd en in zijn maag. 2.5. een ambtsedig proces-verbaal, nummer PL02CD-2013115212-AH-5,",materiele feiten,Beoordeling van het bewijs,1,Beoordeling,1,0.611264,0.0051248614,0.0021191647,0.36556658,0.015925348,0,None
ECLI:NL:RBNNE:2015:2927.txt,"[datum] opgemaakt in wettelijke vorm door een daartoe bevoegde opsporingsambtenaar, voor zover inhoudende, zakelijk weergegeven, als verklaring van verbalisant: Foto van [slachtoffer 1]; zijn linkerwang oogde iets opgezwollen op [datum] Onder zijn linkeroog bevindt zich iets wat lijkt op een bloeduitstorting en een kleine verwonding.",materiele feiten,Beoordeling van het bewijs,1,Beoordeling,1,0.7734988,0.004929636,0.0017083002,0.21056904,0.009294199,0,None
ECLI:NL:RBNNE:2015:2927.txt,Ook had hij een verwonding aan zijn linkerpink en liep hij een beetje stijfjes.,materiele feiten,Beoordeling van het bewijs,1,Beoordeling,1,0.012675344,0.02026615,0.0022533438,0.84168357,0.12312159,3,materiele feiten
ECLI:NL:RBNNE:2015:2927.txt,"De rechtbank acht het subsidiair ten laste gelegde bewezen, met dien verstande dat: hij op [datum] te [pleegplaats], in de gemeente Smallingerland, met anderen, op de openbare weg, de [straat 2], openlijk in vereniging geweld heeft gepleegd tegen [slachtoffer 1] en [slachtoffer 2], welk geweld bestond uit: - het slaan in het gezicht van die [slachtoffer 1] en - het stompen in het gezicht van die [slachtoffer 2] en - het schoppen in de maagstreek en tegen een andere plaats van het lichaam van die [slachtoffer 1].",beoordeling,Bewezenverklaring,1,Beoordeling,1,0.9867836,0.0026675789,0.0017655579,0.005546038,0.0032371976,0,None
ECLI:NL:RBNNE:2015:2927.txt,"De verdachte zal van het meer of anders ten laste gelegde worden vrijgesproken, aangezien de rechtbank dat niet bewezen acht.",beoordeling,Bewezenverklaring,1,Beoordeling,1,0.013487397,0.9759227,0.004209156,0.0029671483,0.0034135827,1,beoordeling
ECLI:NL:RBNNE:2015:2927.txt,Het bewezen verklaarde levert op: Subsidiair: openlijk in vereniging geweld plegen tegen personen.,beoordeling,Strafbaarheid van het bewezen verklaarde,1,Beoordeling,1,0.026797632,0.88542503,0.029743912,0.004967613,0.053065803,1,beoordeling
ECLI:NL:RBNNE:2015:2927.txt,Ten aanzien van het door de raadsman gedane beroep op noodweer overweegt de rechtbank het volgende.,None,Strafbaarheid van het bewezen verklaarde,1,Beoordeling,0,0.9443972,0.04529165,0.0020057657,0.0045696422,0.0037357563,0,None
ECLI:NL:RBNNE:2015:2927.txt,Voor een geslaagd beroep op noodweer is vereist dat de feitelijke toedracht die door een verdachte wordt geschetst op grond van de bewijsmiddelen aannemelijk is geworden.,None,Strafbaarheid van het bewezen verklaarde,1,Beoordeling,0,0.8059421,0.17523107,0.0035908467,0.008153131,0.007082881,0,None
ECLI:NL:RBNNE:2015:2927.txt,"Slechts indien dat het geval is, moet worden beoordeeld of aan de voorwaarden voor aanvaarding van een beroep op noodweer is voldaan.",None,Strafbaarheid van het bewezen verklaarde,1,Beoordeling,0,0.8353362,0.14818119,0.0046367394,0.004897081,0.006948772,0,None
ECLI:NL:RBNNE:2015:2927.txt,Deze voorwaarden houden in dat het door verdachte gepleegde feit geboden was ter noodzakelijke verdediging van lijf of goed tegen een ogenblikkelijke wederrechtelijke aanranding.,None,Strafbaarheid van het bewezen verklaarde,1,Beoordeling,0,0.31399983,0.6591552,0.0061136344,0.004824545,0.015906775,1,beoordeling
ECLI:NL:RBNNE:2015:2927.txt,"De rechtbank leidt uit de verklaringen van onder meer de getuigen [getuige 2], [getuige 3] en [getuige 1] af, dat [slachtoffer 1] en [slachtoffer 2] na de confrontatie voor de [bedrijfsnaam]-bar al op hun fietsen zaten en weg wilden rijden.",materiele feiten,Strafbaarheid van het bewezen verklaarde,1,Beoordeling,1,0.98190075,0.0053338422,0.0012721774,0.008179772,0.0033133351,0,None
ECLI:NL:RBNNE:2015:2927.txt,[slachtoffer 2] heeft verklaard dat zij daadwerkelijk van plan waren te vertrekken.,materiele feiten,Strafbaarheid van het bewezen verklaarde,1,Beoordeling,1,0.006586529,0.055570483,0.0017493909,0.77140903,0.16468455,3,materiele feiten
ECLI:NL:RBNNE:2015:2927.txt,"Vervolgens werd [slachtoffer 1] echter, zo blijkt uit de verklaringen van [getuige 2], [slachtoffer 2] en [getuige 1], toegeroepen en gewenkt door één of meer personen uit het groepje van verdachte.",materiele feiten,Strafbaarheid van het bewezen verklaarde,1,Beoordeling,1,0.98024654,0.003684678,0.0016673123,0.01039605,0.0040054745,0,None
ECLI:NL:RBNNE:2015:2927.txt,Daarop zijn [slachtoffer 1] en [slachtoffer 2] van hun fietsen gestapt en op het groepje van verdachte toegelopen.,materiele feiten,Strafbaarheid van het bewezen verklaarde,1,Beoordeling,1,0.010562956,0.014029683,0.0010239828,0.93647426,0.037909053,3,materiele feiten
ECLI:NL:RBNNE:2015:2927.txt,Hierop volgde het hiervoor bewezenverklaarde gewe,materiele feiten,Strafbaarheid van het bewezen verklaarde,1,Beoordeling,1,0.60189867,0.3657193,0.0039098016,0.017211378,0.011260771,0,None
ECLI:NL:RBNNE:2015:2927.txt,"In HR [datum] ECLI:NL:HR:2006:AU8087 overwoog de Hoge Raad dat het zich willens en wetens in een situatie begeven waarin een agressieve reactie van het latere slachtoffer te verwachten is, op zichzelf niet uitsluit dat daarna sprake kan zijn van een geslaagd beroep op noodweer.",None,Strafbaarheid van het bewezen verklaarde,1,Beoordeling,0,0.16308667,0.7824816,0.0023594229,0.0065722386,0.045500033,1,beoordeling
ECLI:NL:RBNNE:2015:2927.txt,De rechtbank constateert dat de beide latere slachtoffers aanstalten hebben gemaakt om weg te fietsen.,materiele feiten,Strafbaarheid van het bewezen verklaarde,1,Beoordeling,1,0.02579498,0.8540085,0.0009411117,0.09402042,0.025234943,1,beoordeling
ECLI:NL:RBNNE:2015:2927.txt,Pas na de provocaties vanuit de groep van verdachte kwam het tot een confrontatie in de [straat 2].,materiele feiten,Strafbaarheid van het bewezen verklaarde,1,Beoordeling,1,0.96036524,0.006200711,0.0018725044,0.026123507,0.0054380195,0,None
ECLI:NL:RBNNE:2015:2927.txt,"Vervolgens is [slachtoffer 2] vrijwel direct uitgeschakeld, waarna het handgemeen tussen verdachte en de beide medeverdachten enerzijds en [slachtoffer 1] anderzijds verder ging.",materiele feiten,Strafbaarheid van het bewezen verklaarde,1,Beoordeling,1,0.043249764,0.029498242,0.0022335504,0.4666809,0.4583376,3,materiele feiten
ECLI:NL:RBNNE:2015:2927.txt,Feitelijk was er vanaf dat moment dus sprake van een situatie waarbij drie personen gezamenlijk geweld gebruikten tegen één andere persoon.,materiele feiten,Strafbaarheid van het bewezen verklaarde,1,Beoordeling,1,0.3097529,0.34112802,0.0009564594,0.29134873,0.056813832,1,beoordeling
ECLI:NL:RBNNE:2015:2927.txt,Uit de stukken blijkt dat [slachtoffer 1] zich tijdens het handgemeen niet onbetuigd heeft gelaten.,materiele feiten,Strafbaarheid van het bewezen verklaarde,1,Beoordeling,1,0.04526286,0.5461198,0.0017209891,0.13418375,0.27271262,1,beoordeling
ECLI:NL:RBNNE:2015:2927.txt,"De rechtbank is echter van oordeel dat de hiervoor beschreven gang van zaken, waarbij verdachte samen met twee andere personen in vereniging geweld uitoefende op één andere persoon, niet valt te rijmen met de door de verdediging geschetste noodweersituatie.",beoordeling,Strafbaarheid van het bewezen verklaarde,1,Beoordeling,1,0.029903568,0.9486623,0.0009544182,0.015909497,0.0045701806,1,beoordeling
ECLI:NL:RBNNE:2015:2927.txt,Niet blijkt dat verdachte en de medeverdachten zich niet aan de confrontatie hadden kunnen onttrekken of dat dit in redelijkheid niet van hen kon worden geverg,beoordeling,Strafbaarheid van het bewezen verklaarde,1,Beoordeling,1,0.026023822,0.95215,0.0024114447,0.0044995123,0.014915281,1,beoordeling
ECLI:NL:RBNNE:2015:2927.txt,"Integendeel, het provocerend roepen en wenken vanuit de groep van verdachte in de richting van [slachtoffer 1], die op dat moment al op zijn fiets zat, is mede aanleiding geweest voor het ontstaan van de confrontatie.",beoordeling,Strafbaarheid van het bewezen verklaarde,1,Beoordeling,1,0.9649165,0.021542162,0.0013496627,0.008192233,0.003999532,0,None
ECLI:NL:RBNNE:2015:2927.txt,"Als er daarna al enige noodzaak ontstond voor zelfverdediging, liet het getalsmatige overwicht van verdachte en de twee medeverdachten ten opzichte van [slachtoffer 1] voldoende mogelijkheden open om dat op een andere, minder gewelddadige wijze te doen.",beoordeling,Strafbaarheid van het bewezen verklaarde,1,Beoordeling,1,0.04241594,0.7731585,0.0024151653,0.032828428,0.14918195,1,beoordeling
ECLI:NL:RBNNE:2015:2927.txt,Dit alles in aanmerking nemend is de rechtbank dan ook van oordeel dat het door verdachte gepleegde geweld niet kan worden aangemerkt als te zijn gepleegd ter noodzakelijke verdediging.,beoordeling,Strafbaarheid van het bewezen verklaarde,1,Beoordeling,1,0.0460172,0.9375184,0.0013090926,0.011956117,0.0031992658,1,beoordeling
ECLI:NL:RBNNE:2015:2927.txt,De rechtbank verwerpt het beroep op noodweer en acht het feit strafbaar nu geen omstandigheden aannemelijk zijn geworden die de strafbaarheid uitsluiten.,beoordeling,Strafbaarheid van het bewezen verklaarde,1,Beoordeling,1,0.048988763,0.9419011,0.0017251389,0.003973786,0.0034111703,1,beoordeling
ECLI:NL:RBNNE:2015:2927.txt,De rechtbank acht verdachte strafbaar nu niet van enige strafuitsluitingsgrond is gebleken.,beoordeling,Strafbaarheid van verdachte,1,Beoordeling,1,0.06710742,0.9209309,0.0015405982,0.0065549496,0.0038661074,1,beoordeling
ECLI:NL:RBNNE:2015:2927.txt,Verklaart niet bewezen hetgeen verdachte primair is ten laste gelegd en spreekt verdachte daarvan vrij.,beslissing,DE UITSPRAAK VAN DE RECHTBANK LUIDT:,1,Beslissing,1,0.009155448,0.00848294,0.9638924,0.0018234813,0.016645752,2,beslissing
ECLI:NL:RBNNE:2015:2927.txt,"Verklaart het subsidiair ten laste gelegde bewezen, te kwalificeren en strafbaar zoals voormeld en verdachte daarvoor strafbaar.",beslissing,DE UITSPRAAK VAN DE RECHTBANK LUIDT:,1,Beslissing,1,0.009115413,0.008895601,0.96723986,0.0016450572,0.013104131,2,beslissing
ECLI:NL:RBNNE:2015:2927.txt,"Veroordeelt verdachte tot: Een taakstraf, bestaande uit het verrichten van 120 uren onbetaalde arbe",beslissing,DE UITSPRAAK VAN DE RECHTBANK LUIDT:,1,Beslissing,1,0.022077743,0.0068411953,0.9436687,0.0031767038,0.024235677,2,beslissing
ECLI:NL:RBNNE:2015:2927.txt,"Bepaalt, dat van deze taakstraf een gedeelte, groot 40 uren, niet zal worden ten uitvoer gelegd, tenzij de rechter later anders mocht gelasten, op grond, dat de veroordeelde zich voor het einde van een proeftijd, welke hierbij wordt vastgesteld op twee jaren, aan een strafbaar feit heeft schuldig gemaakt.",beslissing,DE UITSPRAAK VAN DE RECHTBANK LUIDT:,1,Beslissing,1,0.02154971,0.007452128,0.9503058,0.0015166723,0.019175686,2,beslissing
ECLI:NL:RBNNE:2015:2927.txt,"Beveelt dat voor het geval de veroordeelde het onvoorwaardelijk opgelegde deel van de taakstraf niet naar behoren verricht, vervangende hechtenis voor de duur van 40 dagen zal worden toegepast.",beslissing,DE UITSPRAAK VAN DE RECHTBANK LUIDT:,1,Beslissing,1,0.011935432,0.0073673185,0.9670241,0.0016202413,0.012052974,2,beslissing
ECLI:NL:RBNNE:2015:2927.txt,"Beveelt voorts dat, indien het mocht komen tot de tenuitvoerlegging van het voorwaardelijk opgelegde deel van de taakstraf, vervangende hechtenis voor de duur van 20 dagen zal worden toegepast, indien de veroordeelde dat deel van de taakstraf niet naar behoren verricht.",beslissing,DE UITSPRAAK VAN DE RECHTBANK LUIDT:,1,Beslissing,1,0.029058749,0.008403628,0.9287388,0.0024439492,0.031354994,2,beslissing
ECLI:NL:RBNNE:2015:2927.txt,Verklaart niet bewezen hetgeen aan verdachte meer of anders is ten laste gelegd dan het bewezen verklaarde en spreekt verdachte daarvan vrij.,beslissing,DE UITSPRAAK VAN DE RECHTBANK LUIDT:,1,Beslissing,1,0.009032681,0.007852521,0.96975076,0.0016382197,0.01172587,2,beslissing
ECLI:NL:RBNNE:2015:2927.txt,"Dit vonnis is gewezen door [naam], voorzitter, [naam] en [naam], rechters, bijgestaan door [naam], griffier, en uitgesproken ter openbare terechtzitting van deze rechtbank op [datum] w.g.",None,DE UITSPRAAK VAN DE RECHTBANK LUIDT:,1,Beslissing,0,0.98714113,0.002533919,0.0022496425,0.0046506273,0.0034247567,0,None
ECLI:NL:RBNNE:2015:2927.txt,"Dölle VOOR EENSLUIDEND AFSCHRIFT Jansen de griffier van de rechtbank Noord-Nederland, Wijma locatie Leeuwarden, Huizenga",None,DE UITSPRAAK VAN DE RECHTBANK LUIDT:,1,Beslissing,0,0.9629351,0.0029589785,0.018910084,0.0028478042,0.012348063,0,None
ECLI:NL:RBOBR:2016:6963.txt,"De zaak is aanhangig gemaakt bij dagvaarding van [datum] Aan verdachte is ten laste gelegd dat: 1. zij op één of meer tijdstip(pen) in of omstreeks de periode van [datum] tot en met [datum] te s-Hertogenbosch te Keldonk (gemeente Veghel), en/of te Venlo en/of te Helmond en/of te Deurne, in ieder geval in Nederland, wederrechtelijk stelselmatig opzettelijk inbreuk heeft gemaakt op de persoonlijke levenssfeer van [slachtoffer 1] (toen) van beroep voetballer), in elk geval van een ander, met het oogmerk die [slachtoffer 1], in elk geval die ander, te dwingen iets te doen, niet te doen, te dulden en/of vrees aan te jagen, door (telkens)",None,De tenlastelegging.,1,Proceshandelingen partijen,0,0.98698086,0.0015383883,0.0019606575,0.0060684,0.0034516808,0,None
ECLI:NL:RBOBR:2016:6963.txt,"die [slachtoffer 1] en/of (een of meer van) zijn familieleden (veelvuldig) brieven en/of kaarten en/of e-mailberichten toe te sturen; 2. zij op één of meer tijdstip(pen) in of omstreeks de periode van [datum] tot [datum] te Keldonk (gemeente Veghel), en/of te Venlo en/of te Helmond en/of te Deurne, in elk geval in Nederland, wederrechtelijk stelselmatig opzettelijk inbreuk heeft gemaakt op de persoonlijke levenssfeer van [slachtoffer 1] (toen van beroep voetballer), in elk geval van een ander, met het oogmerk die [slachtoffer 1], in elk geval die ander, te dwingen iets te doen, niet te doen, te dulden en/of vrees aan te jagen, door (telkens)",None,De tenlastelegging.,1,Proceshandelingen partijen,0,0.9756386,0.0022498548,0.008408281,0.004738746,0.008964565,0,None
ECLI:NL:RBOBR:2016:6963.txt,"die [slachtoffer 1] en/of (een of meer van) zijn familieleden (veelvuldig) brieven en/of kaarten en/of e-mailberichten toe te sturen; 3. zij op één of meer tijdstippen in of omstreeks de periode van [datum] tot en met [datum] te Erp, gemeente Veghel, in elk geval in Nederland, (telkens) wederrechtelijk stelselmatig opzettelijk inbreuk heeft gemaakt op de persoonlijke levenssfeer van [slachtoffer 2] en/of [slachtoffer 3], in elk geval van een ander, met het oogmerk die voorgenoemde [slachtoffer 2] en/of [slachtoffer 3], in elk geval die ander te dwingen iets te doen, niet te doen, te dulden en/of vrees aan te jagen, immers heeft verdachte, aldaar in genoemde periode:",None,De tenlastelegging.,1,Proceshandelingen partijen,0,0.9875729,0.0020877759,0.004280599,0.0022469272,0.0038117776,0,None
ECLI:NL:RBOBR:2016:6963.txt,"die [slachtoffer 2] en/of [slachtoffer 3] en/of zijn/haar/hun kennissen en/of zijn/haar/hun familieleden (veelvuldig) brieven en/of kaarten toegestuurd, en/of - die [slachtoffer 2] en/of [slachtoffer 3] en/of zijn/haar/hun kennissen en/of zijn/haar/hun familieleden (veelvuldig) cadeaus, althans voorwerpen toegestuurd; 4. zij op één of meer tijdstippen in of omstreeks de periode van [datum] tot en met [datum] te Erp, gemeente Veghel, in elk geval in Nederland, (telkens) opzettelijk heeft gehandeld in strijd met de gedragsaanwijzing gegeven krachtens artikel 509hh, eerste lid, onderdeel b van het Wetboek van strafvordering, te weten de gedragsaanwijzing",None,De tenlastelegging.,1,Proceshandelingen partijen,0,0.6341515,0.029595027,0.04883807,0.10072888,0.18668653,0,None
ECLI:NL:RBOBR:2016:6963.txt,"[datum] gegeven door de officier van justitie te 's-Hertogenbosch immers heeft verdachte opzettelijk (meermalen) brieven en/of kaarten en/of cadeaus, althans voorwerpen gestuurd naar [slachtoffer 4] en/of zijn familieleden en/of zijn bekenden; Voor zover in de tenlastelegging taal- en/of schrijffouten voorkomen, zijn deze in de bewezenverklaring verbeter",proceshandelingen,De tenlastelegging.,1,Proceshandelingen partijen,1,0.8127806,0.1001367,0.038602978,0.00450941,0.04397016,0,None
ECLI:NL:RBOBR:2016:6963.txt,Blijkens het verhandelde ter terechtzitting is verdachte daardoor niet in de verdediging geschaa,proceshandelingen,De tenlastelegging.,1,Proceshandelingen partijen,1,0.49998057,0.4697165,0.001184827,0.014901817,0.014216346,0,None
ECLI:NL:RBOBR:2016:6963.txt,Bij het onderzoek ter terechtzitting is gebleken dat de dagvaarding geldig is.,None,De formele voorvragen.,1,Context,0,0.28346917,0.24433245,0.0015738291,0.4128973,0.05772731,3,materiele feiten
ECLI:NL:RBOBR:2016:6963.txt,De rechtbank is bevoegd van het ten laste gelegde kennis te nemen en de officier van justitie kan in zijn vervolging worden ontvangen.,None,De formele voorvragen.,1,Context,0,0.8762985,0.106402755,0.009615246,0.0016938123,0.0059897266,0,None
ECLI:NL:RBOBR:2016:6963.txt,Voorts zijn er geen gronden gebleken voor schorsing van de vervolging.,None,De formele voorvragen.,1,Context,0,0.34083244,0.26172155,0.001251968,0.087650664,0.30854335,0,None
ECLI:NL:RBOBR:2016:6963.txt,"De raadsvrouw van verdachte heeft ten aanzien van de feiten 1 en 2 bepleit dat de kaarten, brieven en cadeaus niet rechtstreeks naar [slachtoffer 1], maar naar zijn ouders of anderen zijn gestuur",None,Bewijsoverweging ten aanzien van de feiten 1 en 2.,1,Feiten,0,0.97204465,0.0026206188,0.0017393179,0.015555307,0.008040056,0,None
ECLI:NL:RBOBR:2016:6963.txt,Daardoor is er geen sprake van een inbreuk op de persoonlijke levenssfeer van [slachtoffer 1].,None,Bewijsoverweging ten aanzien van de feiten 1 en 2.,1,Feiten,0,0.97953576,0.003719661,0.0016624648,0.010967132,0.0041149333,0,None
ECLI:NL:RBOBR:2016:6963.txt,Ook is niet voldaan aan de eis van stelselmatigheid in de ten laste gelegde periode.,proceshandelingen,Bewijsoverweging ten aanzien van de feiten 1 en 2.,1,Feiten,1,0.015028403,0.3910602,0.0028023184,0.07759529,0.51351374,4,proceshandelingen
ECLI:NL:RBOBR:2016:6963.txt,De rechtbank is van oordeel dat ten aanzien van de onder 1 en 2 ten laste gelegde feiten telkens sprake is van belaging door verdachte van de in de ten laste gelegde genoemde [slachtoffer 1].,None,Bewijsoverweging ten aanzien van de feiten 1 en 2.,1,Feiten,0,0.97393936,0.007936563,0.0013887042,0.013020597,0.0037147226,0,None
ECLI:NL:RBOBR:2016:6963.txt,De rechtbank overweegt daartoe als volgt.,None,Bewijsoverweging ten aanzien van de feiten 1 en 2.,1,Feiten,0,0.969563,0.019340808,0.0032856981,0.0052735494,0.0025368547,0,None
ECLI:NL:RBOBR:2016:6963.txt,[slachtoffer 1] heeft op [datum] aangifte gedaan van stalking door verdachte.,materiele feiten,Bewijsoverweging ten aanzien van de feiten 1 en 2.,1,Feiten,1,0.00828914,0.012380187,0.0008019775,0.9546485,0.023880191,3,materiele feiten
ECLI:NL:RBOBR:2016:6963.txt,"Verdachte bleef hem brieven schrijven, terwijl hij en zijn familie niet gediend waren van haar benaderingen.",materiele feiten,Bewijsoverweging ten aanzien van de feiten 1 en 2.,1,Feiten,1,0.006090867,0.104852885,0.008658528,0.040229812,0.8401678,4,proceshandelingen
ECLI:NL:RBOBR:2016:6963.txt,Verdachte heeft de brieven en kaartjes via familieleden en de voetbalclub(s) aan [slachtoffer 1] doen toekomen.,materiele feiten,Bewijsoverweging ten aanzien van de feiten 1 en 2.,1,Feiten,1,0.019715494,0.47195688,0.01371002,0.12226286,0.37235478,1,beoordeling
ECLI:NL:RBOBR:2016:6963.txt,Gemiddeld kreeg aangever één keer per week post van verdachte.,materiele feiten,Bewijsoverweging ten aanzien van de feiten 1 en 2.,1,Feiten,1,0.009470767,0.021094797,0.0012868504,0.9290638,0.03908375,3,materiele feiten
ECLI:NL:RBOBR:2016:6963.txt,De laatste brief is op [datum] ontvangen.,materiele feiten,Bewijsoverweging ten aanzien van de feiten 1 en 2.,1,Feiten,1,0.5128658,0.012341897,0.0019195873,0.45999277,0.012879947,0,None
ECLI:NL:RBOBR:2016:6963.txt,"Uit een overzicht van de door aangever overgelegde stukken blijkt dat verdachte in 2014 in ieder geval op 10, 11, 16, 20 en [datum] 2 en [datum] in 2015 op [datum], 1, 8, 15, 19, 20, 22, [datum] op [datum] en/of brieven heeft gestuurd, (onder meer) gericht aan [slachtoffer 1].",None,Bewijsoverweging ten aanzien van de feiten 1 en 2.,1,Feiten,0,0.98378676,0.0034813047,0.0016381979,0.007903942,0.0031898436,0,None
ECLI:NL:RBOBR:2016:6963.txt,"[slachtoffer 2], de vader van [slachtoffer 1], heeft op [datum] aangifte gedaan van stalking door verdachte.",None,Bewijsoverweging ten aanzien van de feiten 1 en 2.,1,Feiten,0,0.980634,0.0026014475,0.0019755336,0.010989174,0.0037998275,0,None
ECLI:NL:RBOBR:2016:6963.txt,Uit deze aangifte blijkt dat verdachte in de periode van [datum] tot [datum] 17 brieven en/of kaarten en/of voorwerpen via het adres van de ouders van [slachtoffer 1] en via andere familieleden en/of kennissen heeft gestuur,materiele feiten,Bewijsoverweging ten aanzien van de feiten 1 en 2.,1,Feiten,1,0.022567278,0.021193068,0.00080287055,0.93865085,0.016785908,3,materiele feiten
ECLI:NL:RBOBR:2016:6963.txt,Deze brieven en/of kaarten waren (onder meer) gericht aan zijn zoon [slachtoffer 1].,None,Bewijsoverweging ten aanzien van de feiten 1 en 2.,1,Feiten,0,0.9706779,0.0044087563,0.0016192829,0.018954001,0.004340078,0,None
ECLI:NL:RBOBR:2016:6963.txt,[slachtoffer 4] is van alles op de hoogte en wil niks met verdachte te maken hebben.,materiele feiten,Bewijsoverweging ten aanzien van de feiten 1 en 2.,1,Feiten,1,0.0068639675,0.15358691,0.0059209,0.09517288,0.73845536,4,proceshandelingen
ECLI:NL:RBOBR:2016:6963.txt,"Verdachte erkent in de onder 1 en/of 2 ten laste gelegde periodes brieven, kaarten en cadeaus naar [slachtoffer 1] te hebben gestuurd via de ouders van [slachtoffer 1], familieleden en kennissen en via de voetbalclub.",None,Bewijsoverweging ten aanzien van de feiten 1 en 2.,1,Feiten,0,0.98101074,0.0028951052,0.002065248,0.0077067045,0.00632223,0,None
ECLI:NL:RBOBR:2016:6963.txt,Zij wist in die periodes dat [slachtoffer 1] geen contact met haar wilde en is desondanks doorgegaan met het zoeken van schriftelijk contact.,proceshandelingen,Bewijsoverweging ten aanzien van de feiten 1 en 2.,1,Feiten,1,0.014769976,0.18155292,0.0025796336,0.35831466,0.44278282,4,proceshandelingen
ECLI:NL:RBOBR:2016:6963.txt,De brieven en kaarten zijn gericht aan [slachtoffer 1] en zijn hem ook ter kennis gekomen.,materiele feiten,Bewijsoverweging ten aanzien van de feiten 1 en 2.,1,Feiten,1,0.0753182,0.018348727,0.0010961824,0.82977074,0.07546621,3,materiele feiten
ECLI:NL:RBOBR:2016:6963.txt,Verdachte stelde deze correspondentie van verdachte niet op prijs en dit is verdachte ook meerdere keren kenbaar gemaakt.,materiele feiten,Bewijsoverweging ten aanzien van de feiten 1 en 2.,1,Feiten,1,0.010239044,0.5063502,0.005057892,0.06704279,0.41131005,1,beoordeling
ECLI:NL:RBOBR:2016:6963.txt,"Gelet op de duur, de frequentie en intensiteit van het sturen van de kaarten, brieven en voorwerpen gericht aan [slachtoffer 1] in de onder 1 en 2 ten laste gelegde periodes, zoals onder meer blijkt uit de aangiftes en de overgelegde bescheiden, is de rechtbank van oordeel is dat sprake is van een stelselmatige inbreuk op de persoonlijke levenssfeer van [slachtoffer 1].",None,Bewijsoverweging ten aanzien van de feiten 1 en 2.,1,Feiten,0,0.97885495,0.008403644,0.0013914423,0.008410855,0.0029391774,0,None
ECLI:NL:RBOBR:2016:6963.txt,"Dat de brieven, kaarten en voorwerpen niet rechtstreeks naar [slachtoffer 1] zijn gestuurd, maakt niet dat er geen sprake is van een inbreuk op de persoonlijke levenssfeer van [slachtoffer 1].",None,Bewijsoverweging ten aanzien van de feiten 1 en 2.,1,Feiten,0,0.9794501,0.005613191,0.0014953342,0.009342867,0.004098439,0,None
ECLI:NL:RBOBR:2016:6963.txt,De brieven e.d. waren immers gericht aan [slachtoffer 1] en zijn hem ook ter kennis gekomen.,beoordeling,Bewijsoverweging ten aanzien van de feiten 1 en 2.,1,Feiten,1,0.04791797,0.8145446,0.0011539006,0.042531125,0.09385239,1,beoordeling
ECLI:NL:RBOBR:2016:6963.txt,"De rechtbank acht, op grond van de feiten en omstandigheden die zijn vervat in de bewijsmiddelen, wettig en overtuigend bewezen, dat verdachte: 1. op tijdstippen in de periode van [datum] tot en met [datum] te ’s-Hertogenbosch, te Keldonk (gemeente Veghel) en/of te Venlo wederrechtelijk stelselmatig opzettelijk inbreuk heeft gemaakt op de persoonlijke levenssfeer van [slachtoffer 1] (toen van beroep voetballer), met het oogmerk die [slachtoffer 1], te dwingen iets te dulden, door telkens",None,De bewezenverklaring.,1,Beoordeling,0,0.98600894,0.0065359487,0.0014542273,0.003544113,0.0024567833,0,None
ECLI:NL:RBOBR:2016:6963.txt,"die [slachtoffer 1] en/of (een of meer van) zijn familieleden (veelvuldig) brieven en/of kaarten toe te sturen. 2. op tijdstippen in de periode van [datum] tot [datum] te Keldonk (gemeente Veghel), en/of te Venlo wederrechtelijk stelselmatig opzettelijk inbreuk heeft gemaakt op de persoonlijke levenssfeer van [slachtoffer 1] (toen van beroep voetballer), met het oogmerk die [slachtoffer 1], te dwingen iets te dulden door (telkens)",None,De bewezenverklaring.,1,Beoordeling,0,0.9839462,0.0018006124,0.0030041218,0.0056044534,0.0056444895,0,None
ECLI:NL:RBOBR:2016:6963.txt,"die [slachtoffer 1] en/of (een of meer van) zijn familieleden (veelvuldig) brieven en/of kaarten toe te sturen. 3. op tijdstippen in de periode van [datum] tot en met [datum] te Erp, gemeente Veghel, telkens wederrechtelijk stelselmatig opzettelijk inbreuk heeft gemaakt op de persoonlijke levenssfeer van [slachtoffer 2] en [slachtoffer 3], met het oogmerk die voorgenoemde [slachtoffer 2] en [slachtoffer 3], te dwingen iets te dulden, immers heeft verdachte, aldaar in genoemde periode:",None,De bewezenverklaring.,1,Beoordeling,0,0.98802316,0.002362815,0.002936531,0.0030727906,0.0036046566,0,None
ECLI:NL:RBOBR:2016:6963.txt,"die [slachtoffer 2] en [slachtoffer 3] en/of hun kennissen en hun familieleden veelvuldig brieven en/of kaarten toegestuurd, en/of - die [slachtoffer 2] en [slachtoffer 3] en/of hun kennissen en hun familieleden (veelvuldig) voorwerpen toegestuurd. 4. op tijdstippen in de periode van [datum] tot en met [datum] te Erp, gemeente Veghel, telkens opzettelijk heeft gehandeld in strijd met de gedragsaanwijzing gegeven krachtens artikel 509hh, eerste lid, onderdeel b van het Wetboek van Strafvordering, te weten de gedragsaanwijzing",beoordeling,De bewezenverklaring.,1,Beoordeling,1,0.19301185,0.04964597,0.01817687,0.28075847,0.45840687,4,proceshandelingen
ECLI:NL:RBOBR:2016:6963.txt,[datum] gegeven door de officier van justitie te 's-Hertogenbosch immers heeft verdachte opzettelijk meermalen brieven en/of kaarten en/of voorwerpen gestuurd naar [slachtoffer 4] en/of zijn familieleden en/of zijn bekenden.,beoordeling,De bewezenverklaring.,1,Beoordeling,1,0.6204506,0.12992682,0.008689947,0.025621979,0.21531063,0,None
ECLI:NL:RBOBR:2016:6963.txt,De bewijsmiddelen worden slechts gebezigd met betrekking tot het feit waarop zij in het bijzonder betrekking hebben.,beoordeling,De bewezenverklaring.,1,Beoordeling,1,0.13325399,0.8464943,0.0015153419,0.006078346,0.012658054,1,beoordeling
ECLI:NL:RBOBR:2016:6963.txt,"Hetgeen meer of anders is ten laste gelegd dan hierboven bewezen is verklaard, is naar het oordeel van de rechtbank niet bewezen.",beoordeling,De bewezenverklaring.,1,Beoordeling,1,0.14816464,0.8392444,0.0018833603,0.007183485,0.003524096,1,beoordeling
ECLI:NL:RBOBR:2016:6963.txt,Verdachte zal hiervan worden vrijgesproken.,beoordeling,De bewezenverklaring.,1,Beoordeling,1,0.012048304,0.9787354,0.0019793757,0.0037034755,0.0035333992,1,beoordeling
ECLI:NL:RBOBR:2016:6963.txt,Het bewezen verklaarde levert op de in de uitspraak vermelde strafbare feiten.,beoordeling,De strafbaarheid van het feit.,1,Beoordeling,1,0.012228008,0.83890694,0.004849052,0.023888322,0.12012773,1,beoordeling
ECLI:NL:RBOBR:2016:6963.txt,Er zijn geen feiten of omstandigheden gebleken die de strafbaarheid van de feiten uitsluiten.,beoordeling,De strafbaarheid van het feit.,1,Beoordeling,1,0.76086515,0.1620909,0.0017973754,0.039547168,0.03569947,0,None
ECLI:NL:RBOBR:2016:6963.txt,Er zijn geen feiten of omstandigheden gebleken die de strafbaarheid van verdachte uitsluiten.,beoordeling,De strafbaarheid van verdachte.,1,Beoordeling,1,0.57859826,0.3583214,0.001968405,0.028461296,0.03265061,0,None
ECLI:NL:RBOBR:2016:6963.txt,Verdachte is daarom strafbaar voor hetgeen bewezen is verklaar,beoordeling,De strafbaarheid van verdachte.,1,Beoordeling,1,0.11900757,0.8633187,0.007044562,0.0037851585,0.0068440177,1,beoordeling
ECLI:NL:RBOBR:2016:6963.txt,"Ten aanzien van de feiten 1, 2, 3 en 4: een gevangenisstraf van 5 maanden voorwaardelijk met een proeftijd van 2 jaren en de bijzondere voorwaarde van een contactverbod gedurende de proeftijd met [slachtoffer 1], [slachtoffer 2] en [slachtoffer 3].",None,De eis van de officier van justitie.,1,Proceshandelingen partijen,0,0.98702556,0.00220042,0.0026088122,0.00412701,0.0040381723,0,None
ECLI:NL:RBOBR:2016:6963.txt,"Onder dit contactverbod vallen ook het bezoeken van wedstrijden van [slachtoffer 1] en het hebben van indirect contact met genoemde personen; de maatregel van een contactverbod (38v van het Wetboek van Strafrecht), inhoudende dat verdachte voor een periode van twee jaren op geen enkele wijze – direct of indirect – contact op zal nemen met [slachtoffer 1], [slachtoffer 2] en [slachtoffer 3] met een vervangende hechtenis van ten hoogste zes maanden; Voor iedere keer dat niet aan de maatregel wordt voldaan, is de vervangende hechtenis die ten uitvoer wordt gelegd ten hoogste één maand. dadelijke uitvoerbaarheid van de maatregel van contactverbod; gehele toewijzing van de vorderingen van de benadeelde partijen [slachtoffer 2] en [slachtoffer 3], met wettelijke rente en het telkens opleggen van de maatregel 36f van het Wetboek van Strafrecht.",None,De eis van de officier van justitie.,1,Proceshandelingen partijen,0,0.98485667,0.0017220973,0.0052240975,0.002808346,0.005388842,0,None
ECLI:NL:RBOBR:2016:6963.txt,Een kopie van de vordering van de officier van justitie is aan dit vonnis gehecht.,proceshandelingen,De eis van de officier van justitie.,1,Proceshandelingen partijen,1,0.96680015,0.011379099,0.0017336532,0.0068286615,0.013258387,0,None
ECLI:NL:RBOBR:2016:6963.txt,De raadsvrouw van verdachte heeft verzocht de behandeling van de zaak aan te houden teneinde een onderzoek naar de geestvermogens van verdachte te doen plaatsvinden.,proceshandelingen,Het verzoek om aanhouding.,1,Proceshandelingen partijen,1,0.032478966,0.0061957813,0.0037886803,0.13141616,0.8261204,4,proceshandelingen
ECLI:NL:RBOBR:2016:6963.txt,"Het enkel opleggen van een voorwaardelijke gevangenisstraf zal, aldus de raadsvrouw, niet leiden tot het op de rit krijgen van het leven van verdachte.",proceshandelingen,Het verzoek om aanhouding.,1,Proceshandelingen partijen,1,0.00902803,0.049967047,0.004034767,0.014855271,0.92211485,4,proceshandelingen
ECLI:NL:RBOBR:2016:6963.txt,Het opmaken van een rapportage met aansluitend een behandeling is nodig om recidive te voorkomen.,proceshandelingen,Het verzoek om aanhouding.,1,Proceshandelingen partijen,1,0.064467914,0.049631502,0.0012201545,0.8306083,0.05407216,3,materiele feiten
ECLI:NL:RBOBR:2016:6963.txt,De rechtbank wijst het verzoek om aanhouding af en overweegt als volgt.,beoordeling,Het verzoek om aanhouding.,1,Proceshandelingen partijen,1,0.371841,0.58445454,0.030834265,0.006928959,0.0059411703,1,beoordeling
ECLI:NL:RBOBR:2016:6963.txt,"Los van het feit of een klinische behandeling wel of niet op zijn plaats is voor de eventuele psychiatrische problematiek van verdachte, is de rechtbank van oordeel dat het opleggen van een verplichte klinische behandeling, gelet op de aard van de bewezen verklaarde delicten, niet proportioneel is.",beoordeling,Het verzoek om aanhouding.,1,Proceshandelingen partijen,1,0.033856187,0.9437305,0.0009402834,0.016853224,0.0046197153,1,beoordeling
ECLI:NL:RBOBR:2016:6963.txt,"Wat door de raadsvrouw wordt beoogd, namelijk een rapportage en een eventuele behandeling, kan naar het oordeel van de rechtbank ook bereikt worden door het stellen van de bijzondere voorwaarden, zoals hierna verme",beoordeling,Het verzoek om aanhouding.,1,Proceshandelingen partijen,1,0.28322634,0.6983486,0.001348409,0.010198215,0.006878378,1,beoordeling
ECLI:NL:RBOBR:2016:6963.txt,Bij de beoordeling van de ernst van de door verdachte gepleegde strafbare feiten betrekt de rechtbank het wettelijke strafmaximum en de straffen die voor soortgelijke feiten worden opgeleg,beoordeling,Het oordeel van de rechtbank.,1,Beoordeling,1,0.10879099,0.86603856,0.0017515684,0.019668471,0.003750442,1,beoordeling
ECLI:NL:RBOBR:2016:6963.txt,Daarnaast houdt de rechtbank bij de strafbepaling rekening met de persoon en de persoonlijke omstandigheden van verdachte.,beoordeling,Het oordeel van de rechtbank.,1,Beoordeling,1,0.04661689,0.923582,0.000968406,0.021810923,0.0070217224,1,beoordeling
ECLI:NL:RBOBR:2016:6963.txt,De rechtbank heeft in het bijzonder het volgende in aanmerking genomen.,None,Het oordeel van de rechtbank.,1,Beoordeling,0,0.26931664,0.71120256,0.00438351,0.011797973,0.0032992745,1,beoordeling
ECLI:NL:RBOBR:2016:6963.txt,"Verdachte heeft zich schuldig gemaakt aan belaging van [slachtoffer 1], op dat moment van beroep voetballer, en zijn ouders.",None,Het oordeel van de rechtbank.,1,Beoordeling,0,0.9877972,0.0034090572,0.001611383,0.0036518427,0.0035305335,0,None
ECLI:NL:RBOBR:2016:6963.txt,"Verdachte heeft daartoe gedurende een periode van ruim 11 maanden veelvuldig brieven, kaarten en voorwerpen gestuurd naar voornoemde personen of hun familieleden en/of kennissen, terwijl haar meerdere malen duidelijk was gemaakt dat dit niet op prijs werd gesteld en als zeer hinderlijk werd ervaren door [slachtoffer 1] en/of zijn ouders.",materiele feiten,Het oordeel van de rechtbank.,1,Beoordeling,1,0.018786909,0.13693252,0.0023968595,0.48350617,0.35837755,3,materiele feiten
ECLI:NL:RBOBR:2016:6963.txt,Het handelen van verdachte heeft het leven van voornoemde personen in behoorlijke mate verstoor,materiele feiten,Het oordeel van de rechtbank.,1,Beoordeling,1,0.014253218,0.8279821,0.0026732343,0.097764336,0.057327133,1,beoordeling
ECLI:NL:RBOBR:2016:6963.txt,Verdachte is er meerdere keren op gewezen dat zij daarmee moest stoppen.,materiele feiten,Het oordeel van de rechtbank.,1,Beoordeling,1,0.017732585,0.7921375,0.0023202251,0.042533986,0.14527568,1,beoordeling
ECLI:NL:RBOBR:2016:6963.txt,Verdachte bleek echter niet voor rede vatbaar en zelfs interventies van de politie en een gedragsaanwijzing hebben verdachte er niet van weerhouden voornoemde personen op de hiervoor beschreven wijze lastig te blijven vallen.,beoordeling,Het oordeel van de rechtbank.,1,Beoordeling,1,0.019225752,0.9324809,0.0010698502,0.026346792,0.020876776,1,beoordeling
ECLI:NL:RBOBR:2016:6963.txt,"De bewezen verklaarde feiten hebben, zo blijkt ook uit de schriftelijke slachtofferverklaring van de heer [slachtoffer 2] en mevrouw [slachtoffer 3] een zware wissel op hun gezinsleven getrokken en veel spanningen veroorzaakt.",beoordeling,Het oordeel van de rechtbank.,1,Beoordeling,1,0.020648178,0.61974597,0.0018652834,0.17829151,0.17944907,1,beoordeling
ECLI:NL:RBOBR:2016:6963.txt,De rechtbank weegt in het voordeel van verdachte mee dat verdachte niet eerder is veroordeeld voor een soortgelijk of andersoortig feit.,beoordeling,Het oordeel van de rechtbank.,1,Beoordeling,1,0.02615885,0.962883,0.0014924479,0.006974595,0.0024911352,1,beoordeling
ECLI:NL:RBOBR:2016:6963.txt,De rechtbank is van oordeel dat aan verdachte een voldoende strak kader dient te worden gegeven om recidive te voorkomen.,beoordeling,Het oordeel van de rechtbank.,1,Beoordeling,1,0.025025463,0.9552555,0.0011167881,0.014834182,0.003768021,1,beoordeling
ECLI:NL:RBOBR:2016:6963.txt,De rechtbank zal een voorwaardelijke gevangenisstraf opleggen om verdachte ervan te weerhouden opnieuw strafbare feiten te plegen.,beoordeling,Het oordeel van de rechtbank.,1,Beoordeling,1,0.016253471,0.9619385,0.007990593,0.010013668,0.0038038113,1,beoordeling
ECLI:NL:RBOBR:2016:6963.txt,Aan deze voorwaardelijke straf zullen na te noemen bijzondere voorwaarden worden gekoppe,beoordeling,Het oordeel van de rechtbank.,1,Beoordeling,1,0.052746523,0.92525524,0.011526842,0.002457921,0.008013508,1,beoordeling
ECLI:NL:RBOBR:2016:6963.txt,De rechtbank acht een proeftijd van 3 jaren passend en geboden.,beoordeling,Het oordeel van de rechtbank.,1,Beoordeling,1,0.037292607,0.9460869,0.0020849193,0.011108134,0.003427475,1,beoordeling
ECLI:NL:RBOBR:2016:6963.txt,"Uit het onderzoek ter terechtzitting is gebleken dat verdachte recentelijk, [datum] [datum] nog contact heeft gezocht met de in de tenlastelegging genoemde personen.",materiele feiten,Het oordeel van de rechtbank.,1,Beoordeling,1,0.07194656,0.32070896,0.0010273617,0.55633223,0.049984932,3,materiele feiten
ECLI:NL:RBOBR:2016:6963.txt,"Ter voorkoming van strafbare feiten zal de rechtbank tevens een maatregel opleggen strekkende tot beperking van de vrijheid, inhoudende dat verdachte zich zal onthouden van contact met [slachtoffer 1] en zijn ouders [slachtoffer 2] en [slachtoffer 3].",None,Het oordeel van de rechtbank.,1,Beoordeling,0,0.9824984,0.0064259754,0.0011693144,0.0069922875,0.002913925,0,None
ECLI:NL:RBOBR:2016:6963.txt,De maatregel zal voor een periode van twee jaren worden opgeleg,beoordeling,Het oordeel van de rechtbank.,1,Beoordeling,1,0.063293785,0.18035108,0.012841016,0.19605015,0.54746395,4,proceshandelingen
ECLI:NL:RBOBR:2016:6963.txt,"De rechtbank zal bevelen dat de maatregel dadelijk uitvoerbaar is, nu er ernstig rekening mee moet worden gehouden dat de verdachte opnieuw een strafbaar feit pleegt of zich belastend gedraagt jegens voornoemde personen.",beoordeling,Het oordeel van de rechtbank.,1,Beoordeling,1,0.04905088,0.93971694,0.0023325686,0.0060376893,0.002861924,1,beoordeling
ECLI:NL:RBOBR:2016:6963.txt,De rechtbank zal bepalen dat de duur van de vervangende hechtenis één week zal zijn voor iedere keer dat niet aan de maatregel wordt voldaan.,beoordeling,Het oordeel van de rechtbank.,1,Beoordeling,1,0.14890029,0.8290146,0.011358372,0.007150067,0.0035767073,1,beoordeling
ECLI:NL:RBOBR:2016:6963.txt,De totale duur van de ten uitvoer te leggen vervangende hechtenis bedraagt ten hoogste zes maanden.,beoordeling,Het oordeel van de rechtbank.,1,Beoordeling,1,0.12178057,0.1234245,0.6680451,0.017256092,0.06949372,2,beslissing
ECLI:NL:RBOBR:2016:6963.txt,De rechtbank zal de benadeelde partij niet-ontvankelijk verklaren in de hierna te noemen onderdelen van de vordering.,beoordeling,"De vordering van de benadeelde partij [slachtoffer 2] . De rechtbank acht toewijsbaar, als rechtstreeks door het bewezen verklaarde feit toegebrachte schade, de volgende onderdelen van de vordering te weten immateriële schadevergoeding € 250,-- en materiële schadevergoeding van € 7,78 vermeerderd met de wettelijke rente vanaf 23 mei 2015 tot aan de dag der algehele voldoening.",1,Proceshandelingen partijen,1,0.08141971,0.90828,0.0038814952,0.0032531873,0.0031656753,1,beoordeling
ECLI:NL:RBOBR:2016:6963.txt,"De rechtbank is van oordeel is dat de behandeling van de immateriële schade, voor zover deze het bedrag van [geld]-- te boven gaat, een onevenredige belasting van het strafgeding oplevert.",beoordeling,"De vordering van de benadeelde partij [slachtoffer 2] . De rechtbank acht toewijsbaar, als rechtstreeks door het bewezen verklaarde feit toegebrachte schade, de volgende onderdelen van de vordering te weten immateriële schadevergoeding € 250,-- en materiële schadevergoeding van € 7,78 vermeerderd met de wettelijke rente vanaf 23 mei 2015 tot aan de dag der algehele voldoening.",1,Proceshandelingen partijen,1,0.06359823,0.91919714,0.0011290177,0.0115927,0.004482922,1,beoordeling
ECLI:NL:RBOBR:2016:6963.txt,Ten aanzien van de reiskosten van [geld] is het causaal verband onvoldoende gebleken.,beoordeling,"De vordering van de benadeelde partij [slachtoffer 2] . De rechtbank acht toewijsbaar, als rechtstreeks door het bewezen verklaarde feit toegebrachte schade, de volgende onderdelen van de vordering te weten immateriële schadevergoeding € 250,-- en materiële schadevergoeding van € 7,78 vermeerderd met de wettelijke rente vanaf 23 mei 2015 tot aan de dag der algehele voldoening.",1,Proceshandelingen partijen,1,0.032902498,0.8765632,0.00088728196,0.044620093,0.04502693,1,beoordeling
ECLI:NL:RBOBR:2016:6963.txt,De benadeelde partij kan deze onderdelen van de vordering slechts bij de burgerlijke rechter aanbrengen.,beoordeling,"De vordering van de benadeelde partij [slachtoffer 2] . De rechtbank acht toewijsbaar, als rechtstreeks door het bewezen verklaarde feit toegebrachte schade, de volgende onderdelen van de vordering te weten immateriële schadevergoeding € 250,-- en materiële schadevergoeding van € 7,78 vermeerderd met de wettelijke rente vanaf 23 mei 2015 tot aan de dag der algehele voldoening.",1,Proceshandelingen partijen,1,0.027318735,0.9518229,0.0060129035,0.0023745878,0.012470942,1,beoordeling
ECLI:NL:RBOBR:2016:6963.txt,De rechtbank zal verdachte veroordelen in de kosten van de benadeelde partij tot op heden begroot op nih,None,"De vordering van de benadeelde partij [slachtoffer 2] . De rechtbank acht toewijsbaar, als rechtstreeks door het bewezen verklaarde feit toegebrachte schade, de volgende onderdelen van de vordering te weten immateriële schadevergoeding € 250,-- en materiële schadevergoeding van € 7,78 vermeerderd met de wettelijke rente vanaf 23 mei 2015 tot aan de dag der algehele voldoening.",1,Proceshandelingen partijen,0,0.43017432,0.5519172,0.009460816,0.0045812125,0.0038664378,1,beoordeling
ECLI:NL:RBOBR:2016:6963.txt,Verder wordt verdachte veroordeeld in de ten behoeve van de tenuitvoerlegging nog te maken kosten.,None,"De vordering van de benadeelde partij [slachtoffer 2] . De rechtbank acht toewijsbaar, als rechtstreeks door het bewezen verklaarde feit toegebrachte schade, de volgende onderdelen van de vordering te weten immateriële schadevergoeding € 250,-- en materiële schadevergoeding van € 7,78 vermeerderd met de wettelijke rente vanaf 23 mei 2015 tot aan de dag der algehele voldoening.",1,Proceshandelingen partijen,0,0.64411694,0.20604491,0.044093117,0.003761937,0.1019831,0,None
ECLI:NL:RBOBR:2016:6963.txt,De rechtbank zal de benadeelde partij niet-ontvankelijk verklaren in de hierna te noemen onderdelen van de vordering.,beoordeling,"De vordering van de benadeelde partij [slachtoffer 2] . De rechtbank acht toewijsbaar, als rechtstreeks door het bewezen verklaarde feit toegebrachte schade, de volgende onderdelen van de vordering te weten immateriële schadevergoeding € 250,-- en materiële schadevergoeding van € 7,78 vermeerderd met de wettelijke rente vanaf 23 mei 2015 tot aan de dag der algehele voldoening.",1,Proceshandelingen partijen,1,0.08141971,0.90828,0.0038814952,0.0032531873,0.0031656753,1,beoordeling
ECLI:NL:RBOBR:2016:6963.txt,"De rechtbank is van oordeel is dat de behandeling van de immateriële schade, voor zover deze het bedrag van [geld]-- te boven gaat, een onevenredige belasting van het strafgeding oplevert.",beoordeling,"De vordering van de benadeelde partij [slachtoffer 2] . De rechtbank acht toewijsbaar, als rechtstreeks door het bewezen verklaarde feit toegebrachte schade, de volgende onderdelen van de vordering te weten immateriële schadevergoeding € 250,-- en materiële schadevergoeding van € 7,78 vermeerderd met de wettelijke rente vanaf 23 mei 2015 tot aan de dag der algehele voldoening.",1,Proceshandelingen partijen,1,0.06359823,0.91919714,0.0011290177,0.0115927,0.004482922,1,beoordeling
ECLI:NL:RBOBR:2016:6963.txt,Ten aanzien van de reiskosten van [geld] is het causaal verband onvoldoende gebleken.,beoordeling,"De vordering van de benadeelde partij [slachtoffer 2] . De rechtbank acht toewijsbaar, als rechtstreeks door het bewezen verklaarde feit toegebrachte schade, de volgende onderdelen van de vordering te weten immateriële schadevergoeding € 250,-- en materiële schadevergoeding van € 7,78 vermeerderd met de wettelijke rente vanaf 23 mei 2015 tot aan de dag der algehele voldoening.",1,Proceshandelingen partijen,1,0.032902468,0.87656325,0.0008872821,0.04462005,0.04502688,1,beoordeling
ECLI:NL:RBOBR:2016:6963.txt,De benadeelde partij kan deze onderdelen van de vordering slechts bij de burgerlijke rechter aanbrengen.,beoordeling,"De vordering van de benadeelde partij [slachtoffer 2] . De rechtbank acht toewijsbaar, als rechtstreeks door het bewezen verklaarde feit toegebrachte schade, de volgende onderdelen van de vordering te weten immateriële schadevergoeding € 250,-- en materiële schadevergoeding van € 7,78 vermeerderd met de wettelijke rente vanaf 23 mei 2015 tot aan de dag der algehele voldoening.",1,Proceshandelingen partijen,1,0.027318738,0.95182276,0.0060129026,0.0023745853,0.012470941,1,beoordeling
ECLI:NL:RBOBR:2016:6963.txt,De rechtbank zal verdachte veroordelen in de kosten van de benadeelde partij tot op heden begroot op nih,None,"De vordering van de benadeelde partij [slachtoffer 2] . De rechtbank acht toewijsbaar, als rechtstreeks door het bewezen verklaarde feit toegebrachte schade, de volgende onderdelen van de vordering te weten immateriële schadevergoeding € 250,-- en materiële schadevergoeding van € 7,78 vermeerderd met de wettelijke rente vanaf 23 mei 2015 tot aan de dag der algehele voldoening.",1,Proceshandelingen partijen,0,0.43017477,0.55191684,0.009460805,0.0045812144,0.0038664353,1,beoordeling
ECLI:NL:RBOBR:2016:6963.txt,Verder wordt verdachte veroordeeld in de ten behoeve van de tenuitvoerlegging nog te maken kosten.,None,"De vordering van de benadeelde partij [slachtoffer 2] . De rechtbank acht toewijsbaar, als rechtstreeks door het bewezen verklaarde feit toegebrachte schade, de volgende onderdelen van de vordering te weten immateriële schadevergoeding € 250,-- en materiële schadevergoeding van € 7,78 vermeerderd met de wettelijke rente vanaf 23 mei 2015 tot aan de dag der algehele voldoening.",1,Proceshandelingen partijen,0,0.64411694,0.2060446,0.044093117,0.0037619409,0.10198342,0,None
ECLI:NL:RBOBR:2016:6963.txt,Schadevergoedingsmaatrege,beoordeling,"De vordering van de benadeelde partij [slachtoffer 3] . De rechtbank acht toewijsbaar, als rechtstreeks door het bewezen verklaarde feit toegebrachte schade, de volgende onderdelen van de vordering te weten immateriële schadevergoeding € 250,-- en materiële schadevergoeding van € 7,78 vermeerderd met de wettelijke rente vanaf 23 mei 2015 tot aan de dag der algehele voldoening.",1,Proceshandelingen partijen,1,0.83417434,0.104723886,0.05115153,0.0024316958,0.007518574,0,None
ECLI:NL:RBOBR:2016:6963.txt,"De rechtbank zal voor de toegewezen bedragen tevens telkens de schadevergoedingsmaatregel opleggen, nu de rechtbank het wenselijk acht dat de Staat schadevergoeding aan het slachtoffer bevordert, vermeerderd met de wettelijke rente vanaf [datum] tot de dag der algehele voldoening.",beoordeling,"De vordering van de benadeelde partij [slachtoffer 3] . De rechtbank acht toewijsbaar, als rechtstreeks door het bewezen verklaarde feit toegebrachte schade, de volgende onderdelen van de vordering te weten immateriële schadevergoeding € 250,-- en materiële schadevergoeding van € 7,78 vermeerderd met de wettelijke rente vanaf 23 mei 2015 tot aan de dag der algehele voldoening.",1,Proceshandelingen partijen,1,0.6219516,0.36321232,0.006640524,0.0035964893,0.004599144,0,None
ECLI:NL:RBOBR:2016:6963.txt,"Aangezien aan verdachte meer verplichtingen tot vergoeding van dezelfde schade worden opgelegd, zal de rechtbank bepalen dat als verdachte heeft voldaan aan haar verplichting tot betaling aan de Staat daarmee haar verplichting tot betaling aan de benadeelde partij komt te vervallen en andersom, indien verdachte heeft voldaan aan haar verplichting tot betaling aan de benadeelde partij, daarmee haar verplichting tot betaling aan de Staat komt te vervallen.",beoordeling,"De vordering van de benadeelde partij [slachtoffer 3] . De rechtbank acht toewijsbaar, als rechtstreeks door het bewezen verklaarde feit toegebrachte schade, de volgende onderdelen van de vordering te weten immateriële schadevergoeding € 250,-- en materiële schadevergoeding van € 7,78 vermeerderd met de wettelijke rente vanaf 23 mei 2015 tot aan de dag der algehele voldoening.",1,Proceshandelingen partijen,1,0.90880126,0.07910717,0.0020410863,0.006506176,0.003544408,0,None
ECLI:NL:RBOBR:2016:6963.txt,"Verklaart het onder 1, 2, 3 en 4 ten laste gelegde bewezen zoals hiervoor is omschreven.",beslissing,DE UITSPRAAK,1,Beslissing,1,0.009678645,0.009103576,0.9649093,0.0015878129,0.014720681,2,beslissing
ECLI:NL:RBOBR:2016:6963.txt,Verklaart niet bewezen hetgeen verdachte meer of anders is ten laste gelegd dan hiervoor bewezen is verklaard en spreekt haar daarvan vrij.,beslissing,DE UITSPRAAK,1,Beslissing,1,0.00901056,0.0079429345,0.9691608,0.0016615011,0.012224176,2,beslissing
ECLI:NL:RBOBR:2016:6963.txt,Het bewezen verklaarde levert op de misdrijven: T.a.v. feit 1: Belaging,beslissing,DE UITSPRAAK,1,Beslissing,1,0.051502835,0.6148121,0.03233896,0.019656412,0.28168964,1,beoordeling
ECLI:NL:RBOBR:2016:6963.txt,a.v. feit 2: Belaging,beslissing,DE UITSPRAAK,1,Beslissing,1,0.7486049,0.12572554,0.004992534,0.058868166,0.061808843,0,None
ECLI:NL:RBOBR:2016:6963.txt,a.v. feit 3: Belaging,beslissing,DE UITSPRAAK,1,Beslissing,1,0.8181422,0.08996324,0.0050781216,0.038285393,0.048531067,0,None
ECLI:NL:RBOBR:2016:6963.txt,"a.v. feit 4: Opzettelijk handelen in strijd met een gedragsaanwijzing, gegeven krachtens artikel 509hh,eerste lid, onderdeel b, van het Wetboek van Strafvordering",beslissing,DE UITSPRAAK,1,Beslissing,1,0.93964267,0.016996298,0.018046578,0.0032289128,0.02208564,0,None
ECLI:NL:RBOBR:2016:6963.txt,Verklaart verdachte hiervoor strafbaar.,beslissing,DE UITSPRAAK,1,Beslissing,1,0.010376916,0.019027667,0.9573806,0.0018563633,0.011358397,2,beslissing
ECLI:NL:RBOBR:2016:6963.txt,Legt op de volgende straf(fen) en/of maatregel(en).,beslissing,DE UITSPRAAK,1,Beslissing,1,0.051307183,0.006514149,0.9218556,0.0022735344,0.018049508,2,beslissing
ECLI:NL:RBOBR:2016:6963.txt,"a.v. feit 1, feit 2, feit 3, feit 4:  Gevangenisstraf voor de duur van 5 maanden voorwaardelijk met aftrek overeenkomstig artikel 27 van het Wetboek van Strafrecht met een proeftijd van 3 jaren.",beslissing,DE UITSPRAAK,1,Beslissing,1,0.7924429,0.0117811,0.16594242,0.0043673776,0.025466202,0,None
ECLI:NL:RBOBR:2016:6963.txt,"Stelt als algemene voorwaarden dat de veroordeelde: - zich voor het einde van de proeftijd niet schuldig maakt aan een strafbaar feit en - ten behoeve van het vaststellen van haar identiteit medewerking verleent aan het nemen van een of meer vingerafdrukken of een identiteitsbewijs als bedoeld in artikel 1 van de Wet op de identificatieplicht ter inzage aanbiedt en - medewerking verleent aan het reclasseringstoezicht, bedoeld in artikel 14d, tweede lid, van het Wetboek van Strafrecht, de medewerking aan huisbezoeken daaronder begrepen.",beslissing,DE UITSPRAAK,1,Beslissing,1,0.07082437,0.007268822,0.9036534,0.0025803435,0.01567309,2,beslissing
ECLI:NL:RBOBR:2016:6963.txt,"Stelt als bijzondere voorwaarden dat de veroordeelde: - zich gedurende de proeftijd gedraagt naar de voorschriften en aanwijzingen die worden gegeven door de reclassering, ook als deze aanwijzingen inhouden het verlenen van medewerking aan een diagnostisch onderzoek betreffende veroordeelde en het verlenen van haar medewerking aan een ambulante behandeling, indien een dergelijke behandeling door de reclassering nodig wordt geacht; - zich gedurende de proeftijd op de door de Reclassering te bepalen tijdstippen zal melden bij de Reclassering Nederland te 's-Hertogenbosch, zolang de reclassering dit noodzakelijk acht; - gedurende de proeftijd op geen enkele wijze - direct of indirect - contact op zal nemen, zoeken of hebben met [slachtoffer 1], [slachtoffer 2] en [slachtoffer 3].; De Reclassering Nederland, Regio's-Hertogenbosch, Eekbrouwersweg 6, 5233 VG te 's-Hertogenbosch,wordt opdracht gegeven toezicht te houden op de naleving van de voorwaarden en de veroordeelde ten behoeve daarvan te begeleiden.",None,DE UITSPRAAK,1,Beslissing,0,0.9715067,0.002044356,0.016000003,0.003910983,0.0065379622,0,None
ECLI:NL:RBOBR:2016:6963.txt,"a.v. feit 1, feit 2, feit 3, feit 4: * Contactverbod voor de duur van 2 jaar subsidiair ten hoogste 6 maanden vervangende hechtenis.",beslissing,DE UITSPRAAK,1,Beslissing,1,0.12724543,0.0153149,0.79599965,0.004245566,0.057194475,2,beslissing
ECLI:NL:RBOBR:2016:6963.txt,Legt op de maatregel dat de veroordeelde op geen enkele wijze - direct of indirect,beslissing,DE UITSPRAAK,1,Beslissing,1,0.04806477,0.19533794,0.5835502,0.004871475,0.16817552,2,beslissing
ECLI:NL:RBOBR:2016:6963.txt,"contact zal opnemen, zoeken of hebben met [slachtoffer 1], [slachtoffer 2] en [slachtoffer 3].",None,DE UITSPRAAK,1,Beslissing,0,0.981625,0.0035747178,0.002038876,0.00854429,0.004217069,0,None
ECLI:NL:RBOBR:2016:6963.txt,Beveelt dat vervangende hechtenis van ten hoogste 6 maanden zal worden toegepast voor het geval niet aan de maatregel wordt voldaan.,beslissing,DE UITSPRAAK,1,Beslissing,1,0.014744008,0.007981892,0.95891327,0.0018182264,0.016542593,2,beslissing
ECLI:NL:RBOBR:2016:6963.txt,De duur van deze vervangende hechtenis bedraagt één week voor iedere keer dat niet aan de maatregel wordt voldaan.,beslissing,DE UITSPRAAK,1,Beslissing,1,0.031790778,0.0593048,0.86997116,0.005503929,0.033429258,2,beslissing
ECLI:NL:RBOBR:2016:6963.txt,Toepassing van de vervangende hechtenis heft de verplichtingen ingevolge de opgelegde maatregel niet op.,beslissing,DE UITSPRAAK,1,Beslissing,1,0.04945864,0.013691999,0.9245415,0.0015656101,0.010742352,2,beslissing
ECLI:NL:RBOBR:2016:6963.txt,"Wijst de vordering van de benadeelde partij toe en veroordeelt verdachte mitsdien tot betaling aan de benadeelde partij [slachtoffer 2], van een bedrag van [geld] (zegge: tweehonderdzevenenvijftig euro en achtenzeventig cent), te weten [geld]-- immateriële schadevergoeding en [geld] materiële schadevergoeding (post: reiskosten slachtofferhulp).",None,Beslissing op de vordering van de benadeelde partij [slachtoffer 2] :,1,Beslissing,0,0.9629176,0.0025333078,0.024452943,0.002297285,0.0077988436,0,None
ECLI:NL:RBOBR:2016:6963.txt,Het totale toegewezen bedrag te vermeerderen met de wettelijke rente vanaf [datum] tot aan de dag der algehele voldoening.,beslissing,Beslissing op de vordering van de benadeelde partij [slachtoffer 2] :,1,Beslissing,1,0.5087099,0.05226567,0.24307132,0.027015885,0.16893722,0,None
ECLI:NL:RBOBR:2016:6963.txt,Veroordeelt verdachte tevens in de kosten van de benadeelde partij tot heden begroot op nih,beslissing,Beslissing op de vordering van de benadeelde partij [slachtoffer 2] :,1,Beslissing,1,0.21943094,0.02080964,0.67297804,0.0029009157,0.083880424,2,beslissing
ECLI:NL:RBOBR:2016:6963.txt,Veroordeelt verdachte verder in de ten behoeve van de tenuitvoerlegging nog te maken kosten.,beslissing,Beslissing op de vordering van de benadeelde partij [slachtoffer 2] :,1,Beslissing,1,0.08585392,0.013687499,0.8577541,0.002217301,0.040487092,2,beslissing
ECLI:NL:RBOBR:2016:6963.txt,Bepaalt dat de benadeelde partij in het overige deel van de vordering nietontvankelijk is.,None,Beslissing op de vordering van de benadeelde partij [slachtoffer 2] :,1,Beslissing,0,0.027874155,0.030811992,0.8574391,0.002470165,0.08140456,2,beslissing
ECLI:NL:RBOBR:2016:6963.txt,"Indien de verdachte heeft voldaan aan haar verplichting tot betaling aan de Staat, komt daarmee haar verplichting tot betaling aan de benadeelde partij te vervallen en andersom, indien verdachte heeft voldaan aan haar verplichting tot betaling aan de benadeelde partij, komt daarmee haar verplichting tot betaling aan de Staat te vervallen.",beslissing,Beslissing op de vordering van de benadeelde partij [slachtoffer 2] :,1,Beslissing,1,0.84278804,0.0929029,0.011924885,0.006632857,0.045751408,0,None
ECLI:NL:RBOBR:2016:6963.txt,"a.v. feit 1, feit 2, feit 3, feit 4: Maatregel van schadevergoeding van [geld] subsidiair 5 dagen hechtenis.",beslissing,Beslissing op de vordering van de benadeelde partij [slachtoffer 2] :,1,Beslissing,1,0.112103395,0.02388217,0.81762797,0.0019720418,0.04441437,2,beslissing
ECLI:NL:RBOBR:2016:6963.txt,"Legt derhalve aan verdachte op de verplichting tot betaling aan de Staat ten behoeve van het slachtoffer [slachtoffer 3] van een bedrag van [geld] (zegge: tweehonderdzevenenvijftig euro en achtenzeventig cent), bij gebreke van betaling en verhaal te vervangen door vijf dagen hechtenis.",beslissing,Beslissing op de vordering van de benadeelde partij [slachtoffer 2] :,1,Beslissing,1,0.1322602,0.727461,0.0963012,0.007202228,0.036775436,1,beoordeling
ECLI:NL:RBOBR:2016:6963.txt,Het bedrag bestaat uit een bedrag van [geld]-- immateriële schadevergoeding en [geld] materiële schadevergoeding (post: reiskosten slachtofferhulp).,beslissing,Beslissing op de vordering van de benadeelde partij [slachtoffer 2] :,1,Beslissing,1,0.06527836,0.026002217,0.002734548,0.7717949,0.13419001,3,materiele feiten
ECLI:NL:RBOBR:2016:6963.txt,De toepassing van deze vervangende hechtenis heft de hiervoor genoemde betalingsverplichting niet op.,beslissing,Beslissing op de vordering van de benadeelde partij [slachtoffer 2] :,1,Beslissing,1,0.051183302,0.19802073,0.7250444,0.0038460076,0.02190554,2,beslissing
ECLI:NL:RBOBR:2016:6963.txt,Het totale bedrag te vermeerderen met de wettelijke rente vanaf [datum] tot aan de dag der algehele voldoening.,beslissing,Beslissing op de vordering van de benadeelde partij [slachtoffer 2] :,1,Beslissing,1,0.68014395,0.024968205,0.14737807,0.03055913,0.11695061,0,None
ECLI:NL:RBOBR:2016:6963.txt,"Wijst de vordering van de benadeelde partij toe en veroordeelt verdachte mitsdien tot betaling aan de benadeelde partij [slachtoffer 3], van een bedrag van [geld] (zegge: tweehonderdzevenenvijftig euro en achtenzeventig cent), te weten [geld]-- immateriële schadevergoeding en [geld] materiële schadevergoeding (post: reiskosten slachtofferhulp).",None,Beslissing op de vordering van de benadeelde partij [slachtoffer 3] :,1,Beslissing,0,0.96488965,0.002485035,0.022739701,0.0023076024,0.0075780465,0,None
ECLI:NL:RBOBR:2016:6963.txt,Het totale toegewezen bedrag te vermeerderen met de wettelijke rente vanaf [datum] tot aan de dag der algehele voldoening.,beslissing,Beslissing op de vordering van de benadeelde partij [slachtoffer 2] :,1,Beslissing,1,0.5087099,0.05226567,0.24307132,0.027015885,0.16893722,0,None
ECLI:NL:RBOBR:2016:6963.txt,Veroordeelt verdachte tevens in de kosten van de benadeelde partij tot heden begroot op nih,beslissing,Beslissing op de vordering van de benadeelde partij [slachtoffer 2] :,1,Beslissing,1,0.21943094,0.02080964,0.67297804,0.0029009157,0.083880424,2,beslissing
ECLI:NL:RBOBR:2016:6963.txt,Veroordeelt verdachte verder in de ten behoeve van de tenuitvoerlegging nog te maken kosten.,beslissing,Beslissing op de vordering van de benadeelde partij [slachtoffer 2] :,1,Beslissing,1,0.08585392,0.013687499,0.8577541,0.002217301,0.040487092,2,beslissing
ECLI:NL:RBOBR:2016:6963.txt,Bepaalt dat de benadeelde partij in het overige deel van de vordering nietontvankelijk is.,None,Beslissing op de vordering van de benadeelde partij [slachtoffer 2] :,1,Beslissing,0,0.027874155,0.030811992,0.8574391,0.002470165,0.08140456,2,beslissing
ECLI:NL:RBOBR:2016:6963.txt,"Indien de verdachte heeft voldaan aan haar verplichting tot betaling aan de Staat, komt daarmee haar verplichting tot betaling aan de benadeelde partij te vervallen en andersom, indien verdachte heeft voldaan aan haar verplichting tot betaling aan de benadeelde partij, komt daarmee haar verplichting tot betaling aan de Staat te vervallen.",beslissing,Beslissing op de vordering van de benadeelde partij [slachtoffer 2] :,1,Beslissing,1,0.84278804,0.0929029,0.011924885,0.006632857,0.045751408,0,None
ECLI:NL:RBOBR:2016:6963.txt,"Heft op het bevel tot voorlopige hechtenis in de zaak met parketnummer 01/845423-15, welke voorlopige hechtenis reeds bij beschikking van [datum] is geschorst.",beslissing,Beslissing op de vordering van de benadeelde partij [slachtoffer 3] :,1,Beslissing,1,0.025528058,0.016547794,0.79913384,0.008090964,0.15069933,2,beslissing
ECLI:NL:RBOBR:2016:6963.txt,"Dit vonnis is gewezen door: [naam], voorzitter, [naam] en [naam], leden, in tegenwoordigheid van [naam], griffier, en is uitgesproken op [datum]",None,Beslissing op de vordering van de benadeelde partij [slachtoffer 3] :,1,Beslissing,0,0.9855379,0.0027341817,0.0022772565,0.005644174,0.0038065086,0,None
ECLI:NL:RBROT:2018:8513.txt,Bij de beoordeling van de vordering dient getoetst te worden of de vordering – gegeven de detentie van de ter beschikking gestelde gedurende de voorwaardelijke beëindiging van diens TBS en vervolgens gedurende de hervatting daarvan – op de juiste (wettelijk voorgeschreven) wijze is geschie,None,De ontvankelijkheid van de officier van justitie in haar vordering,1,Proceshandelingen partijen,0,0.59686506,0.36334997,0.0016790783,0.022274924,0.015830927,0,None
ECLI:NL:RBROT:2018:8513.txt,Standpunt van de officier van justitie De officier van justitie heeft geconcludeerd tot ontvankelijkheid in de vordering.,None,De ontvankelijkheid van de officier van justitie in haar vordering,1,Proceshandelingen partijen,0,0.988369,0.002272453,0.0030278417,0.002328497,0.0040021534,0,None
ECLI:NL:RBROT:2018:8513.txt,Standpunt van de ter beschikking gestelde De ter beschikking gestelde en zijn raadsman hebben ontvankelijkheid van de officier van justitie in haar vordering bepleit.,None,De ontvankelijkheid van de officier van justitie in haar vordering,1,Proceshandelingen partijen,0,0.9891143,0.003030116,0.002371444,0.001724619,0.0037594973,0,None
ECLI:NL:RBROT:2018:8513.txt,"Beoordeling De rechtbank ziet zich in deze zaak voor de vraag gesteld of de TBS-termijn is opgeschort vanaf de aanvang van de voorlopige hechtenis in de zaak met het parketnummer 15/800526-15 ([datum] op het moment dat de dwangverpleging nog voorwaardelijk was beëindigd of zoals de officier van justitie heeft betoogd eerst vanaf het moment dat de beschikking tot hervatting van de dwangverpleging onherroepelijk is geworden ([datum] Op grond van artikel 38f eerste lid van het Wetboek van Strafrecht (Sr) loopt de termijn van de terbeschikkingstelling niet: a. gedurende de tijd dat de ter beschikking gestelde die van overheidswege wordt verpleegd uit anderen hoofde rechtens zijn vrijheid is ontnomen en gedurende de tijd dat hij uit zodanige vrijheidsontneming ongeoorloofd afwezig is; b. gedurende de tijd dat de ter beschikking gestelde met voorwaarden, bedoeld in artikel 38, eerste lid, rechtens zijn vrijheid is ontnomen en gedurende de tijd dat hij uit zodanige vrijheidsontneming ongeoorloofd afwezig is.",None,De ontvankelijkheid van de officier van justitie in haar vordering,1,Proceshandelingen partijen,0,0.9902532,0.0039020358,0.0018021023,0.0019828582,0.0020597924,0,None
ECLI:NL:RBROT:2018:8513.txt,De tekst van voornoemd artikel is in 2005 gewijzig,None,De ontvankelijkheid van de officier van justitie in haar vordering,1,Proceshandelingen partijen,0,0.96380144,0.010552525,0.0013877277,0.019720428,0.0045378814,0,None
ECLI:NL:RBROT:2018:8513.txt,In de memorie van toelichting is daarover het volgende gezegd. “Uit jurisprudentie is gebleken dat vervangende hechtenis tijdens de terbeschikkingstelling met voorwaarden de termijn van de terbeschikkingstelling niet opschort.,None,De ontvankelijkheid van de officier van justitie in haar vordering,1,Proceshandelingen partijen,0,0.98120695,0.0049816705,0.0014325186,0.007887948,0.004490926,0,None
ECLI:NL:RBROT:2018:8513.txt,"Bij een terbeschikkingstelling met voorwaarden is immers geen sprake van detentie “uit anderen hoofde” zoals aangegeven in artikel 38f, eerste lid, onderdeel a, Sr omdat de TBS met voorwaarden geen detentie met zich meebrengt.",None,De ontvankelijkheid van de officier van justitie in haar vordering,1,Proceshandelingen partijen,0,0.09123491,0.8481221,0.00097632344,0.030212754,0.02945395,1,beoordeling
ECLI:NL:RBROT:2018:8513.txt,Met de voorgestelde wijziging wordt vastgelegd dat de termijn van een TBS met voorwaarden wordt opgeschort gedurende een vrijheidsontneming.,None,De ontvankelijkheid van de officier van justitie in haar vordering,1,Proceshandelingen partijen,0,0.85931885,0.039490357,0.0029627618,0.057838503,0.040389586,0,None
ECLI:NL:RBROT:2018:8513.txt,Zou dit niet het geval zijn dan kan bij langdurige detentie de terbeschikkingstelling aflopen zonder dat aan de gestelde voorwaarden kan worden voldaan.” De rechtbank overweegt dat in het Wetboek van Strafrecht twee soorten TBS worden onderscheiden: TBS met dwangverpleging (artikel 37b Sr) en TBS met voorwaarden (artikel 38 Sr).,None,De ontvankelijkheid van de officier van justitie in haar vordering,1,Proceshandelingen partijen,0,0.9832259,0.0073135006,0.0015540862,0.005154514,0.0027520002,0,None
ECLI:NL:RBROT:2018:8513.txt,"Bij TBS met voorwaarden wordt de ter beschikking gestelde niet gedwongen verpleegd, maar moet hij zich aan voorwaarden houden.",None,De ontvankelijkheid van de officier van justitie in haar vordering,1,Proceshandelingen partijen,0,0.02093953,0.018986091,0.0019442919,0.8067817,0.15134843,3,materiele feiten
ECLI:NL:RBROT:2018:8513.txt,Bij TBS met dwangverpleging wordt de ter beschikking gestelde verplicht verpleegd in een gesloten inrichting.,None,De ontvankelijkheid van de officier van justitie in haar vordering,1,Proceshandelingen partijen,0,0.07984989,0.01342191,0.0016955358,0.88087577,0.024156895,3,materiele feiten
ECLI:NL:RBROT:2018:8513.txt,Daarnaast krijgt de ter beschikking gestelde een behandeling die gericht is op terugkeer in de maatschappij (deze behandeling wordt gegeven tijdens de voorwaardelijke beëindiging van de dwangverpleging).,None,De ontvankelijkheid van de officier van justitie in haar vordering,1,Proceshandelingen partijen,0,0.05089727,0.010551018,0.0010779842,0.9189864,0.018487284,3,materiele feiten
ECLI:NL:RBROT:2018:8513.txt,De rechtbank maakt uit het voorgaande op dat de voorwaardelijke beëindiging van de dwangverpleging een onderdeel is van de wettelijke regeling voor de TBS met dwangverpleging.,beoordeling,De ontvankelijkheid van de officier van justitie in haar vordering,1,Proceshandelingen partijen,1,0.027319657,0.95317876,0.0010540654,0.014311254,0.0041362005,1,beoordeling
ECLI:NL:RBROT:2018:8513.txt,Dit brengt met zich dat waar in artikel 38f wordt gesproken over TBS met dwangverpleging daaronder ook de TBS met voorwaardelijk beëindigde dwangverpleging valt.,beoordeling,De ontvankelijkheid van de officier van justitie in haar vordering,1,Proceshandelingen partijen,1,0.09067536,0.8636962,0.0014513718,0.027201049,0.01697596,1,beoordeling
ECLI:NL:RBROT:2018:8513.txt,"De opvatting van de rechtbank dat de wetgever het ook zo heeft bedoeld, vindt onder meer steun in de plaatsing van het artikel over de voorwaardelijke beëindiging van de dwangverpleging in het Wetboek van Strafrecht, namelijk in artikel 38g, ná het artikel waarin wordt besproken in welke gevallen de termijn van de TBS niet loopt (artikel 38f Sr).",beoordeling,De ontvankelijkheid van de officier van justitie in haar vordering,1,Proceshandelingen partijen,1,0.09132198,0.882053,0.0017592723,0.006795233,0.018070465,1,beoordeling
ECLI:NL:RBROT:2018:8513.txt,Eveneens wordt steun voor deze opvatting gevonden in de voornoemde memorie van toelichting in,beoordeling,De ontvankelijkheid van de officier van justitie in haar vordering,1,Proceshandelingen partijen,1,0.026182905,0.9519096,0.0009743365,0.007963843,0.012969294,1,beoordeling
ECLI:NL:RBROT:2018:8513.txt,"De wetswijziging was volgens de wetgever nodig om ervoor te zorgen dat een uit andere hoofde gedetineerde ter beschikking gestelde die onder het regime van de TBS met voorwaarden valt, na zijn detentie alsnog aan gestelde voorwaarden kan voldoen.",None,De ontvankelijkheid van de officier van justitie in haar vordering,1,Proceshandelingen partijen,0,0.8515599,0.041400295,0.0027070981,0.022346513,0.08198627,0,None
ECLI:NL:RBROT:2018:8513.txt,"Voor de TBS met voorwaardelijke beëindigde dwangverpleging hoefde kennelijk een dergelijke voorziening niet te worden getroffen, terwijl zich daar eenzelfde situatie kon voordoen, nu een voorwaardelijke beëindiging ten tijde van die wetswijziging qua duur ook gemaximeerd was (artikel 38j Sr ou",beoordeling,De ontvankelijkheid van de officier van justitie in haar vordering,1,Proceshandelingen partijen,1,0.085574664,0.8157942,0.0011316026,0.029605206,0.067894265,1,beoordeling
ECLI:NL:RBROT:2018:8513.txt,"Naar het oordeel van de rechtbank en anders dan geoordeeld door het gerechtshof Arnhem (ECLI:NL:GHARN:2011:BU7382) is op dit punt geen sprake van een kennelijke omissie van de wetgever, maar van een situatie die niet separaat geregeld hoefde te worden, omdat deze vorm van TBS valt onder TBS met dwangverpleging.",beoordeling,De ontvankelijkheid van de officier van justitie in haar vordering,1,Proceshandelingen partijen,1,0.66918874,0.3124918,0.0014255114,0.010654012,0.0062399814,0,None
ECLI:NL:RBROT:2018:8513.txt,"De termijn van de TBS in de onderhavige zaak is daarom op grond van artikel 38f eerste lid, onder a Sr opgeschort vanaf het moment dat de ter beschikking gestelde is aangehouden in de strafzaak met het parketnummer 15/800526-15 en dus uit anderen hoofde rechtens zijn vrijheid is ontnomen, te weten op [datum] De voorgaande termijn van de TBS liep af op [datum] Dat jaar is de TBS met twee jaar verleng",beoordeling,De ontvankelijkheid van de officier van justitie in haar vordering,1,Proceshandelingen partijen,1,0.5166692,0.24906705,0.0012303127,0.12301494,0.11001851,0,None
ECLI:NL:RBROT:2018:8513.txt,De ter beschikking gestelde heeft op grond van de strafzaak met parketnummer 10/800526-15 twee jaar en elf dagen in hechtenis gezeten.,beoordeling,De ontvankelijkheid van de officier van justitie in haar vordering,1,Proceshandelingen partijen,1,0.01562333,0.114803866,0.007141952,0.42346063,0.43897018,4,proceshandelingen
ECLI:NL:RBROT:2018:8513.txt,"De nieuwe einddatum van de termijn dient daarom te worden gesteld op 4 jaar en elf dagen later, te weten op [datum] Hiervan uitgaande heeft de officier van justitie de vordering tot verlenging van de maatregel van terbeschikkingstelling voortijdig ingediend en dus niet binnen de daarvoor in artikel 509o, eerste lid, van het Wetboek van Strafvordering genoemde termijn.",beoordeling,De ontvankelijkheid van de officier van justitie in haar vordering,1,Proceshandelingen partijen,1,0.17903356,0.6649301,0.0010610899,0.029791418,0.12518384,1,beoordeling
ECLI:NL:RBROT:2018:8513.txt,Nu de vordering ver buiten de wettelijke termijn is ingediend – namelijk bijna een jaar – acht de rechtbank de officier van justitie thans niet-ontvankelijk in haar vordering.,beoordeling,De ontvankelijkheid van de officier van justitie in haar vordering,1,Proceshandelingen partijen,1,0.22899728,0.7593239,0.0019960895,0.0047459803,0.0049367636,1,beoordeling
ECLI:NL:RBROT:2018:8513.txt,De rechtbank: verklaart de officier van justitie niet-ontvankelijk in haar vordering tot verlenging van de terbeschikkingstelling.,beslissing,Beslissing,1,Beslissing,1,0.6041133,0.06883974,0.30359778,0.002098617,0.021350546,0,None
ECLI:NL:RBROT:2018:8513.txt,"Deze beschikking is gegeven door [naam], voorzitter, en [naam] en [naam], rechters, in tegenwoordigheid van [naam], griffier, en is in het openbaar uitgesproken.",None,Beslissing,1,Beslissing,0,0.98630816,0.0026901772,0.0023818174,0.0047007883,0.0039190906,0,None
ECLI:NL:RBROT:2018:8513.txt,Tegen deze beslissing kan het openbaar ministerie binnen veertien dagen na de uitspraak en de ter beschikking gestelde binnen veertien dagen na betekening daarvan beroep instellen bij het gerechtshof Arnhem-Leeuwarden.,None,Beslissing,1,Beslissing,0,0.9730426,0.0065465593,0.007982719,0.0047469814,0.007681172,0,None
ECLI:NL:RBAMS:2021:1917.txt,De voorzieningenrechter: - verklaart het beroep ongegrond; - wijst het verzoek om voorlopige voorziening af.,beslissing,Beslissing,1,Beslissing,1,0.034228113,0.0058676917,0.94704217,0.0015791653,0.011282785,2,beslissing
ECLI:NL:RBAMS:2021:1917.txt,"Deze uitspraak is gedaan door [naam], voorzieningenrechter, in aanwezigheid van [naam], griffier.",None,Beslissing,1,Beslissing,0,0.9864218,0.0026146,0.0024204287,0.004993308,0.0035498415,0,None
ECLI:NL:RBAMS:2021:1917.txt,De beslissing is bekend gemaakt door verzending aan partijen op [datum] de griffier voorzieningenrechter is verhinderd de uitspraak te ondertekenen Afschrift verzonden aan partijen op:,None,Beslissing,1,Beslissing,0,0.9888736,0.0021141332,0.0027111548,0.0032493796,0.0030516728,0,None
ECLI:NL:GHARL:2015:6258.txt,"In het tussenarrest van [datum] heeft het hof SWV en [geïntimeerde sub 1] in de gelegenheid gesteld zich uit te laten met betrekking tot het verweer van [geïntimeerde sub 2], [geïntimeerde sub 3], [geïntimeerde sub 4] en [geïntimeerde sub 5] dat SWV niet-ontvankelijk is in haar hoger beroep.",None,De verdere motivering van de beslissing in hoger beroep,1,Beoordeling,0,0.9876775,0.0025870672,0.0016500105,0.0044312044,0.0036541629,0,None
ECLI:NL:GHARL:2015:6258.txt,SWV heeft in haar akte op grond van verschillende argumenten betoogd dat zij wel ontvankelijk is in haar hoger beroep.,None,De verdere motivering van de beslissing in hoger beroep,1,Beoordeling,0,0.06869183,0.063707516,0.0014080779,0.08643226,0.7797603,4,proceshandelingen
ECLI:NL:GHARL:2015:6258.txt,"[geïntimeerde sub 1] heeft zich in haar akte gerefereerd aan het oordeel van het hof. 2.2 De Hoge Raad heeft in zijn arrest van [datum] ECLI:NL:HR:2013:BZ8317, met verwijzing naar eerdere arresten, het volgende overwogen: “4.1 De vraag rijst of (...) ontvankelijk zijn in het cassatieberoep nu (...) bij één dagvaarding cassatieberoep heeft ingesteld van de arresten van het hof en het volgens vaste rechtspraak in het algemeen in strijd is met een goede procesorde om bij één dagvaarding beroep in te stellen tegen uitspraken die in verschillende procedures zijn gedaan.",None,De verdere motivering van de beslissing in hoger beroep,1,Beoordeling,0,0.98766845,0.00503071,0.0014497972,0.0031458351,0.0027051896,0,None
ECLI:NL:GHARL:2015:6258.txt,Met betrekking tot deze vraag wordt als volgt overwogen. 4.2 De arresten van het hof zijn op dezelfde dag door dezelfde rechter tussen dezelfde partijen gewezen en beide zaken hangen voldoende met elkaar samen om gezamenlijk door de rechter te worden behandeld en beslist.,None,De verdere motivering van de beslissing in hoger beroep,1,Beoordeling,0,0.980168,0.0060457727,0.0013773876,0.008643997,0.003764821,0,None
ECLI:NL:GHARL:2015:6258.txt,"In een dergelijk geval is het toegestaan om bij één dagvaarding een rechtsmiddel aan te wenden (vgl. HR [datum] LJN AB7499, NJ 1980/611, en HR [datum] LJN BK8100, NJ 2010/116). 4.3 Opmerking verdient dat zich hier dus niet het geval voordoet dat het gaat om uitspraken die tussen verschillende partijen zijn gewezen, in welk geval voor de ontvankelijkheid van de bij één exploot ingestelde rechtsmiddelen de strengere eis geldt dat ook aanstonds voldoende moet vaststaan dat een genoegzame samenhang bestaat tussen de verschillende zaken om een gezamenlijke behandeling daarvan te rechtvaardigen.",None,De verdere motivering van de beslissing in hoger beroep,1,Beoordeling,0,0.97201216,0.019199567,0.0018629591,0.0033430385,0.0035822224,0,None
ECLI:NL:GHARL:2015:6258.txt,"Dit laatste kan onder meer worden aangenomen als in een eerdere instantie een voeging van die zaken heeft plaatsgevonden.” Weliswaar ging het in de hiervoor vermelde uitspra(a)k(en) van de Hoge Raad om een cassatieberoep, maar niet valt aan te nemen dat voor een procedure in hoger beroep iets anders zou moeten gelden. 2.3 In zaken die tussen verschillende partijen zijn gewezen is dus van belang of aanstonds voldoende vaststaat dat een genoegzame samenhang bestaat tussen de verschillende zaken om een gezamenlijke behandeling te rechtvaardigen.",None,De verdere motivering van de beslissing in hoger beroep,1,Beoordeling,0,0.9691868,0.019824808,0.0016793247,0.005766582,0.0035425874,0,None
ECLI:NL:GHARL:2015:6258.txt,Dit laatste kan (cursivering door het hof) onder meer worden aangenomen als in een eerdere instantie een voeging van die zaken heeft plaatsgevonden.,None,De verdere motivering van de beslissing in hoger beroep,1,Beoordeling,0,0.0667292,0.9138856,0.0008895128,0.010316778,0.00817898,1,beoordeling
ECLI:NL:GHARL:2015:6258.txt,"Dit betekent niet zonder meer dat voeging van die zaken een vereiste is, zodat ook in andere gevallen een gezamenlijke behandeling gerechtvaardigd kan zijn (zie bijvoorbeeld Hoge Raad [datum] ECLI:NL:HR:2013: 848). 2.4 Geïntimeerden, allen werkzaam bij dezelfde werkgever (SWV), hebben in eerste aanleg identieke vorderingen ingesteld, te weten - kort gezegd - veroordeling van SWV om aan hen wachtgeld te betalen (zowel achterstallig als toekomstig wachtgeld), met dien verstande dat de omvang en de duur van de wachtgeldverplichting per geïntimeerde verschilde.",None,De verdere motivering van de beslissing in hoger beroep,1,Beoordeling,0,0.9638718,0.016722837,0.0011640764,0.01336595,0.0048753424,0,None
ECLI:NL:GHARL:2015:6258.txt,De zaken zijn in eerste aanleg gelijktijdig en door dezelfde rechter behande,None,De verdere motivering van de beslissing in hoger beroep,1,Beoordeling,0,0.92681754,0.026172178,0.0013863741,0.030124884,0.015498988,0,None
ECLI:NL:GHARL:2015:6258.txt,SWV heeft haar standpunt tijdens die behandeling door middel van één pleitnota toegelicht.,None,De verdere motivering van de beslissing in hoger beroep,1,Beoordeling,0,0.7810102,0.031267792,0.0017540106,0.11605665,0.06991139,0,None
ECLI:NL:GHARL:2015:6258.txt,"Dat de individuele situatie per geïntimeerde, behoudens de hiervoor vermelde omvang en duur van de wachtgeldverplichting, in belangrijke mate verschillend was, is vooralsnog niet aannemelijk geworden.",None,De verdere motivering van de beslissing in hoger beroep,1,Beoordeling,0,0.11728945,0.8512651,0.0010985936,0.021354772,0.0089920685,1,beoordeling
ECLI:NL:GHARL:2015:6258.txt,"De motivering van de bestreden vonnissen is gelijkluidend en de vorderingen van geïntimeerden zijn, met inachtneming van hetgeen hiervoor is vermeld met betrekking tot de omvang en duur van de wachtgeldverplichting, op dezelfde wijze toe- en afgewezen.",None,De verdere motivering van de beslissing in hoger beroep,1,Beoordeling,0,0.08475599,0.703195,0.0019097625,0.028098693,0.18204063,1,beoordeling
ECLI:NL:GHARL:2015:6258.txt,SWV had ook geen afzonderlijk verweer gevoerd tegen de hoogte van de vorderingen.,None,De verdere motivering van de beslissing in hoger beroep,1,Beoordeling,0,0.121260114,0.15142503,0.0023378052,0.024004823,0.70097214,4,proceshandelingen
ECLI:NL:GHARL:2015:6258.txt,"De kantonrechter heeft SWV in de proceskosten veroordeeld en het salaris van de gemachtigde van [geïntimeerde sub 2], [geïntimeerde sub 3], [geïntimeerde sub 4] en [geïntimeerde sub 5] in vieren gedeeld vanwege het feit dat deze partijen één gezamenlijke gemachtigde hadden en zij in de procedures inhoudelijk hetzelfde standpunt hadden ingenomen.",None,De verdere motivering van de beslissing in hoger beroep,1,Beoordeling,0,0.98823637,0.0027440828,0.0018753152,0.0034885101,0.0036556271,0,None
ECLI:NL:GHARL:2015:6258.txt,De motivering van het hoger beroep en de door SWV geformuleerde grieven zijn gelijkluidend voor alle geïntimeerden (SWV bepleit in hoger beroep de volledige afwijzing van de vorderingen van geïntimeerden).,None,De verdere motivering van de beslissing in hoger beroep,1,Beoordeling,0,0.5321446,0.047838695,0.0016981603,0.050320037,0.36799857,0,None
ECLI:NL:GHARL:2015:6258.txt,Van belang is dat SWV aan elk van de geïntimeerden een hoger beroep exploot heeft laten betekenen.,None,De verdere motivering van de beslissing in hoger beroep,1,Beoordeling,0,0.8922995,0.0641469,0.0019320383,0.016805105,0.024816537,0,None
ECLI:NL:GHARL:2015:6258.txt,"Op grond van de hiervoor geschetste feiten en omstandigheden, in onderling verband beschouwd, is het hof voorlopig van oordeel dat aanstonds een genoegzame samenhang bestaat tussen de verschillende zaken om een gezamenlijke behandeling te rechtvaardigen.",None,De verdere motivering van de beslissing in hoger beroep,1,Beoordeling,0,0.07695183,0.9111506,0.0012992143,0.007787143,0.002811292,1,beoordeling
ECLI:NL:GHARL:2015:6258.txt,"De omstandigheid dat [geïntimeerde sub 2], [geïntimeerde sub 3], [geïntimeerde sub 4] en [geïntimeerde sub 5] in eerste aanleg en in hoger beroep zijn bijgestaan door dezelfde advocaat en dat [geïntimeerde sub 1] een eigen advocaat had/heeft, is geen grond om voorlopig anders te oordelen.",None,De verdere motivering van de beslissing in hoger beroep,1,Beoordeling,0,0.9858461,0.0041702623,0.0014136975,0.0046602325,0.0039096694,0,None
ECLI:NL:GHARL:2015:6258.txt,"[geïntimeerde sub 1] heeft zich met betrekking tot de ontvankelijkheid van SWV gerefereerd aan het oordeel van het hof. Het hiervoor overwogene brengt mee dat het feit dat het hoger beroep is ingesteld bij één - aan ieder van de geïntimeerden afzonderlijk betekende - appeldagvaarding, niet aan de ontvankelijkheid van SWV in haar hoger beroep in de weg staat. 2.5 Het hof gaat in hoger beroep uit van de feiten zoals beschreven in de rechtsoverwegingen 2.1 tot en met 2.3 van de bestreden vonnissen. 2.6 Anders dan [geïntimeerde sub 2], [geïntimeerde sub 3], [geïntimeerde sub 4] en [geïntimeerde sub 5] in hun memorie van antwoord onder 11 tot en met 13 hebben betoogd, is de onderhavige zaak terecht als een spoedappel aangemerkt.",None,De verdere motivering van de beslissing in hoger beroep,1,Beoordeling,0,0.98521495,0.007579157,0.0012595889,0.0029413379,0.0030048331,0,None
ECLI:NL:GHARL:2015:6258.txt,SWV heeft haar grieven en de toelichting daarop in de door haar op [datum] betekende exploten van dagvaarding opgenomen en voorts in deze exploten onder i. tot en met xi. naar het oordeel van het hof voldoende gemotiveerd op welke gronden zij een spoedbehandeling wenst.,proceshandelingen,De verdere motivering van de beslissing in hoger beroep,1,Beoordeling,1,0.081063636,0.8990957,0.0009463136,0.0075510624,0.011343274,1,beoordeling
ECLI:NL:GHARL:2015:6258.txt,"Ook bij het aanbrengen van de zaak bij het hof heeft SWV door middel van de bij het H1 formulier gevoegde toelichting, waarin de procesadvocaat van SWV de hiervoor vermelde punten i. tot en met xi heeft herhaald, gemotiveerd om een spoedbehandeling verzocht. 2.7 Geïntimeerden hebben in eerste aanleg - kort gezegd - gevorderd SWV te veroordelen aan hen (achterstallig) wachtgeld, te vermeerderen met wettelijke rente, alsmede buitengerechtelijke incassokosten te betalen en voorts aan hen specificaties van die wachtgeldtermijnen te verstrekken op straffe van verbeurte van een dwangsom, met veroordeling van SWV in de proceskosten. 2.8 De kantonrechter heeft in de bestreden vonnissen, na te hebben overwogen dat geïntimeerden een spoedeisend belang hadden bij de door hen gevorderde voorzieningen, de vorderingen tot betaling van het achterstallige wachtgeld (tot en [datum] te vermeerderen met wettelijke rente toegewezen. De kantonrechter heeft ter zake van achterstallig wachtgeld de volgende bedragen toegewezen: - aan [geïntimeerde sub 1] een bedrag van [geld] bruto over de [datum] tot en [datum] - aan [geïntimeerde sub 2] een bedrag van [geld]- bruto over de [datum] tot en [datum] - aan [geïntimeerde sub 3] een bedrag van [geld]- bruto over de [datum] tot en [datum] - aan [geïntimeerde sub 4] een bedrag van [geld]- bruto over de [datum] tot en [datum] - aan [geïntimeerde sub 5] een bedrag van [geld]- bruto over de [datum] tot en [datum] in totaal een bedrag van [geld] bruto. Voorts heeft de kantonrechter de vordering tot vergoeding van buitengerechtelijke incassokosten toegewezen, is SWV veroordeeld specificaties van de achterstallige wachtgeldtermijnen te verstrekken, op straffe van verbeurte van een dwangsom, waaraan een maximum is verbonden en is SWV in de proceskosten veroordeeld. De kantonrechter heeft de vordering tot betaling van het toekomstige wachtgeld (vanaf [datum] afgewezen. 2.9 SWV heeft vijf grieven tegen het bestreden vonnis aangevoerd. Geïntimeerden hebben geen (incidenteel) hoger beroep ingesteld tegen de afwijzing door de kantonrechter in de bestreden vonnissen van de door hen gevorderde betaling van het toekomstige wachtgeld. 2.10 In dit hoger beroep dient allereerst beoordeeld te worden of, zoals ook met de grieven 1 tot en met 3 ter beoordeling aan het hof wordt voorgelegd, geïntimeerden een spoedeisend belang hadden bij de door hen in eerste aanleg gevorderde en door de kantonrechter toegewezen voorlopige voorzieningen en of zij dit spoedeisend belang ten tijde van het wijzen van dit arrest nog hebben. 2.11 Het hof stelt voorop dat met betrekking tot een voorziening in kort geding, bestaande in een veroordeling tot betaling van een geldsom, terughoudendheid op zijn plaats is en dienaangaande naar behoren feiten en omstandigheden moeten worden aangewezen die meebrengen dat een zodanige voorziening uit hoofde van onverwijlde spoed is geboden.",None,De verdere motivering van de beslissing in hoger beroep,1,Beoordeling,0,0.96160144,0.008072325,0.0008883093,0.011527107,0.017910833,0,None
ECLI:NL:GHARL:2015:6258.txt,"Daarbij zal de rechter niet alleen moeten onderzoeken of de vordering van de eisende partij voldoende aannemelijk is, maar ook - kort gezegd - of een spoedeisend belang bestaat, terwijl hij bij de afweging van de belangen van de partijen mede (als één van de voor toewijsbaarheid in aanmerking te nemen factoren) het restitutierisico zal hebben te betrekken. 2.12 De vraag of een eisende partij in kort geding voldoende spoedeisend belang heeft bij de gevraagde voorziening, dient beantwoord te worden aan de hand van een afweging van de belangen van partijen, beoordeeld naar de toestand ten tijde van de uitspraak.",None,De verdere motivering van de beslissing in hoger beroep,1,Beoordeling,0,0.93164843,0.055191983,0.0013144871,0.0069966344,0.0048484476,0,None
ECLI:NL:GHARL:2015:6258.txt,"De omstandigheid dat de eisende partij lang heeft stilgezeten, kan bij die afweging een rol spelen, en de omstandigheid dat een rechtsvraag in geschil is waarop het antwoord niet evident is, kan leiden tot behoedzaamheid bij de toewijzing van de gevraagde voorziening, maar deze omstandigheden kunnen noch ieder voor zich noch in onderlinge samenhang het oordeel rechtvaardigen dat de eisende partij geen spoedeisend belang bij de gevraagde voorziening (meer) heeft.",None,De verdere motivering van de beslissing in hoger beroep,1,Beoordeling,0,0.29586524,0.68073297,0.0022985563,0.0071893795,0.013913933,1,beoordeling
ECLI:NL:GHARL:2015:6258.txt,"Evenmin zijn die omstandigheden op zichzelf voldoende voor het oordeel dat de eisende partij, door een vordering in kort geding in te stellen, handelt in strijd met de eisen van een goede procesorde. 2.13 Uitgangspunt (ook) in hoger beroep is dat de duur en omvang van de aanspraak van geïntimeerden op het door hen gevorderde wachtgeld vaststaat. 2.14 De kantonrechter heeft in rechtsoverweging 4.1 van de bestreden vonnissen overwogen dat de vordering tot betaling van wachtgeld samenhangt met een loonvordering - waaraan het spoedeisend belang inherent is - en heeft op die grond geoordeeld dat geïntimeerden een spoedeisend belang hadden bij hun vorderingen.",None,De verdere motivering van de beslissing in hoger beroep,1,Beoordeling,0,0.8269304,0.15542541,0.0015236748,0.0069272006,0.00919331,0,None
ECLI:NL:GHARL:2015:6258.txt,Deze - naar het oordeel van het hof in beginsel juiste - parallel die de kantonrechter trekt tussen een vordering tot betaling van wachtgeld en een vordering tot betaling van loon is niet de enige grond geweest voor het oordeel van de kantonrechter dat geïntimeerden een spoedeisend belang hadden bij hun vorderingen.,beoordeling,De verdere motivering van de beslissing in hoger beroep,1,Beoordeling,1,0.24070518,0.7454156,0.0016808576,0.006297325,0.005900947,1,beoordeling
ECLI:NL:GHARL:2015:6258.txt,De kantonrechter heeft in de rechtsoverwegingen 4.2 en 4.3 de over een weer door partijen aangevoerde argumenten gewogen en heeft (ook) op grond daarvan het bestaan van een spoedeisend belang aan de zijde van geïntimeerden aangenomen.,None,De verdere motivering van de beslissing in hoger beroep,1,Beoordeling,0,0.04805793,0.9407375,0.0010067193,0.005004712,0.00519317,1,beoordeling
ECLI:NL:GHARL:2015:6258.txt,De grieven van SWV tegen die rechtsoverwegingen worden hierna besproken.,None,De verdere motivering van de beslissing in hoger beroep,1,Beoordeling,0,0.84248036,0.06914743,0.0012498209,0.04858279,0.038539596,0,None
ECLI:NL:GHARL:2015:6258.txt,"Voor zover de kantonrechter tijdens de mondelinge behandeling uitlatingen heeft gedaan die niet in overeenstemming zijn met het oordeel in het bestreden vonnis geldt dat dergelijke uitlatingen niet bindend zijn en dat slechts het uiteindelijke oordeel van de kantonrechter in het bestreden vonnis relevant is. 2.15 Het hof is voorts van oordeel dat de omstandigheid dat geïntimeerden met inachtneming van de voor hen geldende opzegtermijn zijn ontslagen, dat zij een correcte eindafrekening en een mobiliteitsvergoeding en een ontslagvergoeding hebben ontvangen, vooralsnog niet betekent dat geïntimeerden geen spoedeisend belang hadden bij de door hen gevorderde betaling van wachtge",None,De verdere motivering van de beslissing in hoger beroep,1,Beoordeling,0,0.8417664,0.14439702,0.001985634,0.0070522893,0.0047986284,0,None
ECLI:NL:GHARL:2015:6258.txt,"De aan geïntimeerden uitbetaalde mobiliteitsvergoeding is niet bestemd om in het levensonderhoud te voorzien, de ontslagvergoeding en de aanspraak op wachtgeld we",beoordeling,De verdere motivering van de beslissing in hoger beroep,1,Beoordeling,1,0.015995933,0.049155045,0.002028022,0.67336607,0.2594549,3,materiele feiten
ECLI:NL:GHARL:2015:6258.txt,In de toepasselijke CAO is zowel een aanspraak op een ontslagvergoeding als een aanspraak op een wachtgelduitkering vastgeleg,beoordeling,De verdere motivering van de beslissing in hoger beroep,1,Beoordeling,1,0.84068334,0.09173144,0.0040429356,0.02587486,0.037667472,0,None
ECLI:NL:GHARL:2015:6258.txt,De wachtgelduitkering bestaat uit een aanvulling op een WW-uitkering.,beoordeling,De verdere motivering van de beslissing in hoger beroep,1,Beoordeling,1,0.12426555,0.015093378,0.0022359514,0.8316002,0.026804935,3,materiele feiten
ECLI:NL:GHARL:2015:6258.txt,Voor [geïntimeerde sub 2] en [geïntimeerde sub 3] wordt de WW-uitkering gedurende 6 maanden aangevuld tot 100% van het laatstgenoten salaris en daarna tot 90%.,beoordeling,De verdere motivering van de beslissing in hoger beroep,1,Beoordeling,1,0.114096776,0.009520613,0.0010700041,0.82846063,0.04685198,3,materiele feiten
ECLI:NL:GHARL:2015:6258.txt,"Voor [geïntimeerde sub 1], [geïntimeerde sub 4] en [geïntimeerde sub 5] wordt de WW-uitkering gedurende 6 maanden aangevuld tot 93% van het laatstgenoten salaris en daarna tot 83%.",beoordeling,De verdere motivering van de beslissing in hoger beroep,1,Beoordeling,1,0.9799432,0.0028426803,0.0017220802,0.010744895,0.004747086,0,None
ECLI:NL:GHARL:2015:6258.txt,"Dat betekent in de praktijk dat geïntimeerden, wanneer zij een wachtgelduitkering ontvangen, al een deel van hun ontslagvergoeding moeten aanwenden om op hun oude 100% salarisniveau te blijven.",beoordeling,De verdere motivering van de beslissing in hoger beroep,1,Beoordeling,1,0.24037066,0.44522655,0.0023605865,0.22343448,0.08860772,1,beoordeling
ECLI:NL:GHARL:2015:6258.txt,Zonder wachtgelduitkering moeten zij nog meer van hun ontslagvergoeding aanwenden om dit inkomensniveau te handhaven.,beoordeling,De verdere motivering van de beslissing in hoger beroep,1,Beoordeling,1,0.07804177,0.039447732,0.0015621536,0.80241036,0.078538,3,materiele feiten
ECLI:NL:GHARL:2015:6258.txt,Ook op de hiervoor vermelde gronden hadden geïntimeerden een spoedeisend belang bij hun vorderingen. 2.16 SWV zelf heeft bij herhaling betoogd dat zij pas na een gunstige afloop van de procedure tegen Vitras/CMD aan haar wachtgeldverplichtingen kan voldoen en voorts dat zij over beperkte liquide middelen beschikt.,beoordeling,De verdere motivering van de beslissing in hoger beroep,1,Beoordeling,1,0.08704297,0.036708,0.00094876665,0.11530292,0.75999737,4,proceshandelingen
ECLI:NL:GHARL:2015:6258.txt,Volgens SWV dient zij deze beperkte financiële middelen te besteden aan de afwikkeling van nog twee lopende dienstverbanden en enkele andere verplichtingen (punt 22 en 33 hoger beroep exploten).,proceshandelingen,De verdere motivering van de beslissing in hoger beroep,1,Beoordeling,1,0.055908985,0.006856591,0.0025438387,0.0689828,0.8657077,4,proceshandelingen
ECLI:NL:GHARL:2015:6258.txt,"Welke andere verplichtingen dit zijn, heeft SWV niet nader toegelicht, terwijl geïntimeerden gemotiveerd hebben betwist dat SWV over dusdanig beperkte middelen beschikt dat zij niet aan haar wachtgeldverplichtingen kan voldoen.",proceshandelingen,De verdere motivering van de beslissing in hoger beroep,1,Beoordeling,1,0.03355864,0.5731824,0.001367318,0.05816987,0.33372176,1,beoordeling
ECLI:NL:GHARL:2015:6258.txt,In dit verband hebben geïntimeerden gemotiveerd betwist dat de totale wachtgeldverplichting [geld]- bedraagt en hebben zij er terecht op gewezen dat een wachtgelduitkering periodiek moet worden betaald en niet op voorhand vaststaat dat dat geïntimeerden van de volledige termijn in de regeling gebruik zullen maken.,proceshandelingen,De verdere motivering van de beslissing in hoger beroep,1,Beoordeling,1,0.03555248,0.15632154,0.0014195254,0.029258056,0.7774483,4,proceshandelingen
ECLI:NL:GHARL:2015:6258.txt,"Ook indien het hof vooralsnog ervan zou uitgaan dat SWV slechts over beperkte financiële middelen beschikt(e) - tijdens de behandeling in eerste aanleg heeft zij een bedrag van [geld]- genoemd -, bevestigt dit temeer het spoedeisend belang dat geïntimeerden bij hun vorderingen hadden omdat bij toewijzing van hun vorderingen (een deel van) deze financiële middelen kan worden aangewend om hun vaststaande aanspraak op wachtgeld tot uitbetaling te laten komen.",None,De verdere motivering van de beslissing in hoger beroep,1,Beoordeling,0,0.2767564,0.70540553,0.0041163345,0.0069291717,0.006792552,1,beoordeling
ECLI:NL:GHARL:2015:6258.txt,"Voorts valt zonder nadere toelichting van SWV, die ontbreekt, vooralsnog in redelijkheid niet te rechtvaardigen dat de - op grond van het bestreden vonnis - in omvang beperkte aanspraak van geïntimeerden op uitbetaling van het toekomende wachtgeld achterwege zou moeten blijven en dat in plaats daarvan niet nader genoemde andere financiële verplichtingen van SWV wel zouden worden voldaan. 2.17 Het hof is, evenals de kantonrechter, van oordeel dat de omstandigheid dat geïntimeerden niet direct een procedure tegen SWV hebben aangespannen om hun vorderingen geldend te maken, onvoldoende is om voorlopig te oordelen dat geïntimeerden geen spoedeisend belang hadden bij hun vorderingen.",None,De verdere motivering van de beslissing in hoger beroep,1,Beoordeling,0,0.743633,0.23934281,0.0017054814,0.008718701,0.006599979,0,None
ECLI:NL:GHARL:2015:6258.txt,"SWV heeft onvoldoende gemotiveerd betwist dat geïntimeerden aanvankelijk hebben gewacht tot meer duidelijkheid bestond met betrekking tot de afwikkeling van de procedure die SWV tegen Vitras/CMD heeft aangespannen bij de kantonrechter (rechtbank Midden-Nederland, afdeling civiel recht, kantonrechter Utrecht).",beoordeling,De verdere motivering van de beslissing in hoger beroep,1,Beoordeling,1,0.10268586,0.82860726,0.0009147478,0.026238168,0.041554,1,beoordeling
ECLI:NL:GHARL:2015:6258.txt,"Toen bleek dat deze afwikkeling steeds langer op zich liet wachten en blijkens de nieuwsbrief [datum] (productie 8 inleidende dagvaarding) op termijn een liquidatie van SWV dreigde, hebben geïntimeerden SWV op respectievelijk 18 en [datum] in rechte betrokken.",beoordeling,De verdere motivering van de beslissing in hoger beroep,1,Beoordeling,1,0.10355267,0.017165832,0.0012918242,0.48230553,0.39568415,3,materiele feiten
ECLI:NL:GHARL:2015:6258.txt,Onder die omstandigheden kan het aanvankelijk stilzitten van geïntimeerden niet aan hen worden tegengeworpen.,beoordeling,De verdere motivering van de beslissing in hoger beroep,1,Beoordeling,1,0.028799964,0.7639857,0.0018936346,0.048820473,0.1565002,1,beoordeling
ECLI:NL:GHARL:2015:6258.txt,"Het hof neemt hierbij in aanmerking dat gesteld noch gebleken is dat inmiddels in de procedure tussen SWV en Vitras/CMD een (eind)uitspraak is gedaan terwijl voorts onzeker is of een eventuele uitspraak gunstig voor SWV zal uitpakken. 2.18 Op grond van hetgeen hiervoor is overwogen in de rechtsoverwegingen 2.14 tot en met 2.17 falen de grieven 1 tot en met 3. 2.19 Het hof is van oordeel dat geïntimeerden dit spoedeisend belang ook thans nog hebben en verwijst naar hetgeen in de rechtsoverwegingen 2.14 tot en met 2.17 is overwogen. 2.20 Grief 4 is gericht tegen rechtsoverweging 4.5 van de bestreden vonnissen, waarin de kantonrechter heeft overwogen dat SWV onvoldoende heeft onderbouwd dat haar financiële middelen ontoereikend zijn om aan haar wachtgeldverplichtingen jegens geïntimeerden te voldoen.",None,De verdere motivering van de beslissing in hoger beroep,1,Beoordeling,0,0.91812056,0.06985525,0.0015211275,0.00649437,0.004008616,0,None
ECLI:NL:GHARL:2015:6258.txt,Het hof verwijst kortheidshalve naar hetgeen hiervoor in rechtsoverweging 2.16 is overwogen.,beoordeling,De verdere motivering van de beslissing in hoger beroep,1,Beoordeling,1,0.07495517,0.91031647,0.0014318454,0.0070501827,0.0062462883,1,beoordeling
ECLI:NL:GHARL:2015:6258.txt,Grief 4 faalt. 2.21 SWV heeft met grief 5 betoogd dat zij alle werknemers gelijk dient te behandelen en dat dit aan toewijzing van de vorderingen van geïntimeerden in de weg staat.,None,De verdere motivering van de beslissing in hoger beroep,1,Beoordeling,0,0.33392134,0.14746156,0.004397634,0.010809186,0.5034103,4,proceshandelingen
ECLI:NL:GHARL:2015:6258.txt,"Wil een beroep op het gelijkheidsbeginsel worden gehonoreerd, dan betekent dit dat sprake moet zijn van gelijke gevallen.",beoordeling,De verdere motivering van de beslissing in hoger beroep,1,Beoordeling,1,0.56599426,0.38340154,0.004486175,0.012304423,0.03381353,0,None
ECLI:NL:GHARL:2015:6258.txt,SWV heeft vooralsnog onvoldoende onderbouwd dat zij bij de uitbetaling aan geïntimeerden van het aan hen toekomende wachtgeld in strijd met het gelijkheidsbeginsel zou handelen.,beoordeling,De verdere motivering van de beslissing in hoger beroep,1,Beoordeling,1,0.082398295,0.7986957,0.0012507691,0.041924495,0.07573074,1,beoordeling
ECLI:NL:GHARL:2015:6258.txt,Dat andere werknemers om hen moverende redenen wel bereid zijn met het opeisen van het aan hen verschuldigde wachtgeld te wachten tot de uitspraak in de bodemprocedure tussen SWV en Vitras/CMD betekent dan ook vooralsnog niet dat SWV in strijd met dit beginsel handelt. 2.22 Ook de stelling van SWV dat de werknemers een afwachtende houding moeten aannemen met een beroep op artikel 7:611 BW faalt.,None,De verdere motivering van de beslissing in hoger beroep,1,Beoordeling,0,0.4398353,0.53196377,0.0014152167,0.011063174,0.015722554,1,beoordeling
ECLI:NL:GHARL:2015:6258.txt,Het hof verwijst naar hetgeen hiervoor in rechtsoverweging 2.17 is overwogen.,beoordeling,De verdere motivering van de beslissing in hoger beroep,1,Beoordeling,1,0.14298338,0.8402748,0.001975779,0.008796536,0.005969577,1,beoordeling
ECLI:NL:GHARL:2015:6258.txt,"Anders dan SWV onder punt 10 van haar hoger beroep exploten heeft aangevoerd, is geen sprake van een situatie waarin het voor alle werknemers van belang is om “even” de uitkomst van de bodemprocedure af te wachten.",beoordeling,De verdere motivering van de beslissing in hoger beroep,1,Beoordeling,1,0.056321535,0.89346945,0.00086466764,0.011639077,0.037705265,1,beoordeling
ECLI:NL:GHARL:2015:6258.txt,"De bestreden vonnissen van [datum] die de kantonrechter (rechtbank Midden-Nederland, afdeling civiel recht, kantonrechter, locatie Utrecht) tussen SWV en [geïntimeerde sub 1], [geïntimeerde sub 2], [geïntimeerde sub 3], [geïntimeerde sub 4] en [geïntimeerde sub 5] in kort geding heeft gewezen, dienen te worden bekrachtigd. 3.2 Als de in het ongelijk te stellen partij zal het hof SWV in de proceskosten in hoger beroep veroordelen.",None,Slotsom,1,Beslissing,0,0.988567,0.0026154576,0.0018325476,0.0038664115,0.0031185292,0,None
ECLI:NL:GHARL:2015:6258.txt,"De kosten voor de procedure in hoger beroep aan de zijde van [geïntimeerde sub 1] zullen worden vastgesteld op [geld]- voor verschotten en op [geld]- voor salaris overeenkomstig het liquidatietarief (1,5 punt, tarief I in hoger beroep).",None,Slotsom,1,Beslissing,0,0.9750327,0.009393942,0.0011423456,0.009598777,0.00483227,0,None
ECLI:NL:GHARL:2015:6258.txt,"De kosten voor de procedure in hoger beroep aan de zijde van [geïntimeerde sub 2], [geïntimeerde sub 3], [geïntimeerde sub 4] en [geïntimeerde sub 5] zullen worden vastgesteld op [geld]- voor verschotten en op [geld]- voor salaris overeenkomstig het liquidatietarief (1,5 punt, gelet op gezamenlijk belang tarief II in hoger beroep).",None,Slotsom,1,Beslissing,0,0.98669076,0.0027098462,0.0015493376,0.005324777,0.003725328,0,None
ECLI:NL:GHARL:2015:6258.txt,"Het hof, recht doende in hoger beroep in kort geding: bekrachtigt de vonnissen van [datum] die de kantonrechter (rechtbank Midden-Nederland, afdeling civiel recht, kantonrechter, locatie Utrecht) tussen SWV en [geïntimeerde sub 1], [geïntimeerde sub 2], [geïntimeerde sub 3], [geïntimeerde sub 4] en [geïntimeerde sub 5] in kort geding heeft gewezen; veroordeelt SWV in de proceskosten in hoger beroep tot aan deze uitspraak aan de zijde van [geïntimeerde sub 1] vastgesteld op [geld]- voor verschotten en op [geld]- voor salaris overeenkomstig het liquidatietarief; veroordeelt SWV in de proceskosten in hoger beroep tot aan deze uitspraak aan de zijde van [geïntimeerde sub 2], [geïntimeerde sub 3], [geïntimeerde sub 4] en [geïntimeerde sub 5] vastgesteld op [geld]- voor verschotten en op [geld]- voor salaris overeenkomstig het liquidatietarief; verklaart dit arrest, voor zover het de hierin vermelde veroordeling van SWV in de proceskosten aan de zijde van [geïntimeerde sub 2], [geïntimeerde sub 3], [geïntimeerde sub 4] en [geïntimeerde sub 5] betreft, uitvoerbaar bij voorraa",beslissing,De beslissing,1,Beslissing,1,0.98565763,0.0016152085,0.0054077148,0.0024416742,0.0048777233,0,None
ECLI:NL:GHARL:2015:6258.txt,"Dit arrest is gewezen door [naam], [naam] en [naam] en is in tegenwoordigheid van de griffier in het openbaar uitgesproken op [datum]",None,De beslissing,1,Beslissing,0,0.98726195,0.0029120466,0.0021510995,0.00468048,0.0029944656,0,None
ECLI:NL:HR:2018:874.txt,Tegen het arrest van het hof van [datum] hebben BBL en de Provincie beroep in cassatie ingeste,None,Het geding in cassatie,1,Proceshandelingen partijen,0,0.95803237,0.0029278975,0.0014728263,0.02637602,0.01119096,0,None
ECLI:NL:HR:2018:874.txt,De procesinleiding is aan dit arrest gehecht en maakt daarvan deel uit.,None,Het geding in cassatie,1,Proceshandelingen partijen,0,0.93802875,0.043789692,0.00235971,0.008348396,0.007473529,0,None
ECLI:NL:HR:2018:874.txt,[verweersters] hebben een verweerschrift tot verwerping ingedien,None,Het geding in cassatie,1,Proceshandelingen partijen,0,0.9238539,0.004051782,0.0016301281,0.03030725,0.040156815,0,None
ECLI:NL:HR:2018:874.txt,De zaak is voor partijen toegelicht door hun advocaten.,None,Het geding in cassatie,1,Proceshandelingen partijen,0,0.9500771,0.0179384,0.00093631895,0.020685315,0.010362929,0,None
ECLI:NL:HR:2018:874.txt,De conclusie van de Advocaat-Generaal [naam] strekt tot verwerping van het cassatieberoep.,None,Het geding in cassatie,1,Proceshandelingen partijen,0,0.9485014,0.003931481,0.0034650213,0.0037247252,0.040377416,0,None
ECLI:NL:HR:2018:874.txt,De advocaat van BBL en de Provincie heeft bij brief van [datum] op die conclusie gereageer,None,Het geding in cassatie,1,Proceshandelingen partijen,0,0.07479308,0.020538813,0.0020719315,0.43043038,0.47216573,4,proceshandelingen
ECLI:NL:HR:2018:874.txt,Het hof heeft in rov. 4.1 geoordeeld dat [verweersters] geen belang hebben bij de beoordeling van hun grieven en vorderingen jegens de Provincie.,beoordeling,De ontvankelijkheid van het beroep,1,Beoordeling,1,0.112368606,0.8723142,0.0013781437,0.005148215,0.00879077,1,beoordeling
ECLI:NL:HR:2018:874.txt,Kennelijk in verband hiermee heeft het in het dictum van zijn arrest de Provincie ongenoemd gelaten.,beoordeling,De ontvankelijkheid van het beroep,1,Beoordeling,1,0.08540107,0.55602163,0.0062173195,0.009740501,0.3426195,1,beoordeling
ECLI:NL:HR:2018:874.txt,Het middel bevat geen klacht tegen deze beslissingen.,beoordeling,De ontvankelijkheid van het beroep,1,Beoordeling,1,0.30408564,0.59487426,0.0038125613,0.016421502,0.08080598,1,beoordeling
ECLI:NL:HR:2018:874.txt,[betrokkene 1] is bestuurder en enig aandeelhouder van [verweerster 1] (hierna: [verweerster 1] ) en [verweerster 2] (hierna: [verweerster 2] ).,materiele feiten,Beoordeling van het middel,1,Beoordeling,1,0.21843064,0.007368487,0.001371765,0.7506412,0.022187911,3,materiele feiten
ECLI:NL:HR:2018:874.txt,Na een inschrijvingsprocedure heeft [A] B.,materiele feiten,Beoordeling van het middel,1,Beoordeling,1,0.020844832,0.006439469,0.0009426041,0.9130589,0.058714226,3,materiele feiten
ECLI:NL:HR:2018:874.txt,met ingang van [datum] 210 ha landbouwgrond te [plaats] verpacht aan [verweerster 1].,None,Beoordeling van het middel,1,Beoordeling,0,0.97932714,0.002918993,0.0016701603,0.0121369,0.003946756,0,None
ECLI:NL:HR:2018:874.txt,[A] B.,materiele feiten,Beoordeling van het middel,1,Beoordeling,1,0.07628391,0.0878282,0.0034961165,0.32593212,0.50645965,4,proceshandelingen
ECLI:NL:HR:2018:874.txt,had bovendien op basis van een schriftelijke overeenkomst een bedrijfswoning en een aantal bedrijfsgebouwen (om niet) in bruikleen gegeven aan [verweerster 2].,None,Beoordeling van het middel,1,Beoordeling,0,0.9729542,0.0041626957,0.0012442736,0.016495569,0.0051432913,0,None
ECLI:NL:HR:2018:874.txt,[verweersters] hadden in 2008 op de landbouwgrond en gebouwen samen ingeschreven voor een bedrag van [geld]-- per ha.,materiele feiten,Beoordeling van het middel,1,Beoordeling,1,0.014843912,0.010295731,0.00074402115,0.933027,0.041089382,3,materiele feiten
ECLI:NL:HR:2018:874.txt,Bij dezelfde inschrijving hadden [verweersters] voor alleen de grond ingeschreven voor een bedrag van [geld]-- per ha.,materiele feiten,Beoordeling van het middel,1,Beoordeling,1,0.026884185,0.010271802,0.0010959546,0.8184089,0.1433391,3,materiele feiten
ECLI:NL:HR:2018:874.txt,"[datum] is [A], waarop de hiervoor genoemde gebouwen en landbouwgrond waren gelegen, verkocht en geleverd aan BB",materiele feiten,Beoordeling van het middel,1,Beoordeling,1,0.97446376,0.0038876694,0.0017798371,0.015939657,0.003929027,0,None
ECLI:NL:HR:2018:874.txt,BBL heeft het landgoed aangekocht om te voorzien in ruilgrond voor uit te plaatsen agrariërs in de omgeving in verband met de realisatie van de Ecologische Hoofdstructuur.,materiele feiten,Beoordeling van het middel,1,Beoordeling,1,0.02833949,0.019243306,0.0010533453,0.905533,0.045830764,3,materiele feiten
ECLI:NL:HR:2018:874.txt,"BBL heeft met betrekking tot de eerderbedoelde landbouwgrond een geliberaliseerde pachtovereenkomst (art. 7:397 lid 1 BW) met [verweerster 1] gesloten voor de duur van één jaar, eindigend op [datum] en heeft zij voor elk volgend jaar wederom zo’n pachtovereenkomst met [verweerster 1] gesloten voor de duur van één jaar.",materiele feiten,Beoordeling van het middel,1,Beoordeling,1,0.03739372,0.025088841,0.0007265819,0.7690078,0.16778308,3,materiele feiten
ECLI:NL:HR:2018:874.txt,"De laatste eindigde op [datum] Ter zake van de bedrijfswoning en bedrijfsgebouwen heeft BBL met [verweerster 2] bruikleenovereenkomsten (om niet) gesloten, steeds ook voor een periode van één jaar en telkens opgevolgd door een overeenkomst van gelijke duur.",materiele feiten,Beoordeling van het middel,1,Beoordeling,1,0.15164825,0.0063890633,0.0010815848,0.8241132,0.016767854,3,materiele feiten
ECLI:NL:HR:2018:874.txt,De aanvangspachtprijs in 2010 voor de grond bedroeg [geld]-- per ha.,materiele feiten,Beoordeling van het middel,1,Beoordeling,1,0.23973617,0.023226881,0.0015102094,0.705269,0.030257756,3,materiele feiten
ECLI:NL:HR:2018:874.txt,In 2011 bedroeg de pachtprijs [geld]-- per ha en in 2012 en 2013 [geld]-- per ha.,materiele feiten,Beoordeling van het middel,1,Beoordeling,1,0.120581605,0.018767212,0.001350487,0.818999,0.040301714,3,materiele feiten
ECLI:NL:HR:2018:874.txt,"In het jaar 2010 werd 226.03 ha aan [verweerster 1] verpacht, in het jaar 2011 223.38 ha en in de jaren 2012 en 2013 209.38 ha.",materiele feiten,Beoordeling van het middel,1,Beoordeling,1,0.008742747,0.02816021,0.0010247718,0.9212205,0.040851764,3,materiele feiten
ECLI:NL:HR:2018:874.txt,BBL heeft [verweersters] medegedeeld dat zij na [datum] geen nieuwe pachtovereenkomst en geen nieuwe bruikleenovereenkomst zal sluiten.,materiele feiten,Beoordeling van het middel,1,Beoordeling,1,0.055137727,0.011727418,0.0012225682,0.3907478,0.54116446,4,proceshandelingen
ECLI:NL:HR:2018:874.txt,"BBL wenst de gronden te verkopen aan een derde omdat het doel waarvoor het landgoed is gekocht, niet meer actueel is. 4.2 In het onderhavige geding vorderen [verweersters] in conventie een verklaring voor recht dat de tussen partijen gesloten geliberaliseerde pachtovereenkomst voor de grond tezamen met de bruikleenovereenkomst met betrekking tot de bedrijfswoning en de bedrijfsgebouwen moet worden aangemerkt als een pachtovereenkomst ter zake van een hoeve.",None,Beoordeling van het middel,1,Beoordeling,0,0.9705486,0.003183121,0.0012874778,0.010938876,0.014041856,0,None
ECLI:NL:HR:2018:874.txt,"BBL heeft in reconventie gevorderd, samengevat en voor zover in cassatie van belang, dat [verweerster 1] de gronden en [verweerster 2] de gebouwen ontruimd aan BBL ter beschikking zal stellen, alsmede vergoeding van schade.",None,Beoordeling van het middel,1,Beoordeling,0,0.12629722,0.009557736,0.008007078,0.01431413,0.8418239,4,proceshandelingen
ECLI:NL:HR:2018:874.txt,De rechtbank heeft de vordering in conventie afgewezen en de vorderingen in reconventie grotendeels toegewezen. 4.3.1 Het hof heeft het vonnis van de rechtbank vernietig,None,Beoordeling van het middel,1,Beoordeling,0,0.9769266,0.016146569,0.002096526,0.002438368,0.002391985,0,None
ECLI:NL:HR:2018:874.txt,"Voor zover in cassatie van belang heeft het in conventie voor recht verklaard dat de tussen [verweersters] en BBL voor het jaar 2013 gesloten pachtovereenkomst met betrekking tot 209.38.10 ha landbouwgrond en de voor dat jaar gesloten bruikleenovereenkomst met betrekking tot de gebouwen, tezamen dienen te worden aangemerkt als een pachtovereenkomst voor een hoeve in de zin van art. 7:311 BW en art. 7:313 BW.",None,Beoordeling van het middel,1,Beoordeling,0,0.88450515,0.08672765,0.0014750822,0.0055828146,0.021709245,0,None
ECLI:NL:HR:2018:874.txt,Het hof heeft de vorderingen in reconventie afgewezen. 4.3.2 Het hof heeft zijn beslissing als volgt gemotiveer,None,Beoordeling van het middel,1,Beoordeling,0,0.97884524,0.013683381,0.0019147804,0.0025435032,0.0030131224,0,None
ECLI:NL:HR:2018:874.txt,Voor het aannemen van hoevepacht als bedoeld in art. 7:313 BW dient aannemelijk te zijn dat er een complex van ten minste een gedeelte van een gebouw en het daarbij behorende land bestaat en dat een tegenprestatie voor zowel het gebruik van het land als dat van de gebouwen is overeengekomen (rov. 4.,None,Beoordeling van het middel,1,Beoordeling,0,0.8076502,0.1518438,0.0016283899,0.019538663,0.019338995,0,None
ECLI:NL:HR:2018:874.txt,Op basis van de geliberaliseerde pachtovereenkomsten met BBL beschikte [verweerster 1] over ruim 200 ha grond ten dienste van het landbouwbedrijf van [verweersters] De bedrijfsgebouwen van [verweersters] liggen in de nabijheid van de gepachte percelen.,None,Beoordeling van het middel,1,Beoordeling,0,0.02880361,0.0076345867,0.0006839521,0.93433434,0.028543435,3,materiele feiten
ECLI:NL:HR:2018:874.txt,De door BBL in gebruik gegeven bedrijfsgebouwen liggen centraal op de gepachte gronden.,None,Beoordeling van het middel,1,Beoordeling,0,0.061426207,0.028798025,0.0009452813,0.87848854,0.030341899,3,materiele feiten
ECLI:NL:HR:2018:874.txt,Bedrijfsgebouwen en grond zijn als een geheel te exploiteren en zijn ook voor landbouwkundige exploitatie door BBL ter beschikking van [verweersters] geste,None,Beoordeling van het middel,1,Beoordeling,0,0.050851952,0.022269517,0.00080341386,0.86480474,0.06127042,3,materiele feiten
ECLI:NL:HR:2018:874.txt,In art. 7 van de bruikleenovereenkomsten staat dat het de bruiklener uitsluitend is toegestaan de bedrijfsruimtes te gebruiken in het kader van agrarische bedrijfsvoering.,None,Beoordeling van het middel,1,Beoordeling,0,0.71741706,0.08471983,0.0036405534,0.037749454,0.15647309,0,None
ECLI:NL:HR:2018:874.txt,(rov. 4.3) [verweersters] gebruikten de zogenoemde Jacobsschuur ten behoeve van opslag van door hen geteelde landbouwproducten.,None,Beoordeling van het middel,1,Beoordeling,0,0.21201225,0.014733574,0.0015223913,0.5995665,0.17216529,3,materiele feiten
ECLI:NL:HR:2018:874.txt,Ook gebruiken zij de mestsilo.,None,Beoordeling van het middel,1,Beoordeling,0,0.07123098,0.015400516,0.0010866693,0.8462921,0.06598973,3,materiele feiten
ECLI:NL:HR:2018:874.txt,De Jacobsschuur heeft een capaciteit van ongeveer 3600 ton en bestaat uit vier koelingen.,None,Beoordeling van het middel,1,Beoordeling,0,0.029878061,0.014186763,0.0013470202,0.9342107,0.020377364,3,materiele feiten
ECLI:NL:HR:2018:874.txt,"[verweersters] werkten daarnaast op het landgoed samen met [betrokkene 2], die graszoden teelt op het voormalige [A].",None,Beoordeling van het middel,1,Beoordeling,0,0.9574643,0.004861832,0.0020815472,0.030408345,0.005183966,0,None
ECLI:NL:HR:2018:874.txt,[betrokkene 2] gebruikt een deel van de bedrijfsgebouwen van BBL voor opslag van werktuigen.,None,Beoordeling van het middel,1,Beoordeling,0,0.005534813,0.014527198,0.0009567075,0.9364547,0.042526584,3,materiele feiten
ECLI:NL:HR:2018:874.txt,"Vanwege een storm in 2010/2011 en het tenietgaan van (delen van) de bedrijfsgebouwen, stallen [verweersters] hun werktuigen niet meer in de gebouwen van BBL, maar in hun eigen bedrijfsgebouwen.",None,Beoordeling van het middel,1,Beoordeling,0,0.050380856,0.01381477,0.0011564605,0.7854637,0.14918421,3,materiele feiten
ECLI:NL:HR:2018:874.txt,"De bedrijfswoning hebben [verweersters] anti-kraak in gebruik gegeven aan een werknemer, die toezicht houdt op de bedrijfsgebouwen.",None,Beoordeling van het middel,1,Beoordeling,0,0.008531171,0.02000725,0.0015164017,0.87001055,0.09993465,3,materiele feiten
ECLI:NL:HR:2018:874.txt,Tot slot wordt een deel van de gebouwen gebruikt door BBL voor de opslag van de inschuurlijn en de haspels voor de beregeningsinstallatie die [verweersters] (en [betrokkene 2] ) gebruiken ten behoeve van hun landbouwactiviteiten.,None,Beoordeling van het middel,1,Beoordeling,0,0.021693747,0.016421402,0.00072771637,0.89572775,0.065429285,3,materiele feiten
ECLI:NL:HR:2018:874.txt,Deze feiten en omstandigheden bieden voldoende aanknopingspunten om de gebouwen en de grond aan te merken als een comple,None,Beoordeling van het middel,1,Beoordeling,0,0.07682386,0.8510754,0.00106939,0.03822665,0.03280474,1,beoordeling
ECLI:NL:HR:2018:874.txt,(rov. 4.4) [verweersters] hebben gemotiveerd aangevoerd dat in de pachtprijs per ha een vergoeding is begrepen voor het gebruik van de gebouwen.,None,Beoordeling van het middel,1,Beoordeling,0,0.47019184,0.01291133,0.0017205874,0.056355003,0.45882115,0,None
ECLI:NL:HR:2018:874.txt,Zij heeft daarvoor een gedetailleerde rekenkundige onderbouwing gegeven.,None,Beoordeling van het middel,1,Beoordeling,0,0.15396315,0.5410692,0.0015276731,0.18422301,0.119216934,1,beoordeling
ECLI:NL:HR:2018:874.txt,"(rov. 4.5) Nu dat onvoldoende gemotiveerd is betwist, staat vast dat een tegenprestatie voor de gebouwen is verdisconteerd in de pachtsom voor de grond, zodat op beide overeenkomsten uit hoofde van art. 7:313 lid 3 BW de bepalingen omtrent verpachting van hoeven van toepassing zijn met ingang van het tijdstip waarop de laatste van beide overeenkomsten is gesloten.",None,Beoordeling van het middel,1,Beoordeling,0,0.9550938,0.030948563,0.00096251117,0.0072959596,0.005699183,0,None
ECLI:NL:HR:2018:874.txt,De overeenkomsten zijn laatstelijk gesloten [datum] met ingang van [datum] zodat beide overeenkomsten vanaf dat tijdstip voor de duur van twaalf jaar zijn gaan gelden.,None,Beoordeling van het middel,1,Beoordeling,0,0.25340825,0.019183777,0.0010440192,0.671798,0.054565948,3,materiele feiten
ECLI:NL:HR:2018:874.txt,(rov. 4.7) Het hof acht bij dit alles niet relevant dat de pachtovereenkomst voor los land is gesloten met [verweerster 1] en de bruikleenovereenkomst voor de bedrijfsgebouwen met [verweerster 2].,None,Beoordeling van het middel,1,Beoordeling,0,0.98685455,0.004761063,0.0014397582,0.0041342243,0.0028104906,0,None
ECLI:NL:HR:2018:874.txt,"Zoals [verweersters] onweersproken hebben toegelicht, is destijds met [A] B.",None,Beoordeling van het middel,1,Beoordeling,0,0.10263506,0.64158887,0.0016682902,0.024964774,0.22914302,1,beoordeling
ECLI:NL:HR:2018:874.txt,een ontduikingsconstructie uitgedacht waarbij het nodig leek beide overeenkomsten op naam van verschillende vennootschappen te stellen.,None,Beoordeling van het middel,1,Beoordeling,0,0.21466742,0.048627432,0.0031145872,0.6537171,0.07987343,3,materiele feiten
ECLI:NL:HR:2018:874.txt,"Nadat BBL eigenaar was geworden, heeft BBL aanvankelijk (in 2010) [verweerster 1] op beide overeenkomsten vermeld, maar na een opmerking daarover van de controller van [verweersters] de bruikleenovereenkomst alsnog op naam van [verweerster 2] geste",None,Beoordeling van het middel,1,Beoordeling,0,0.03914254,0.018446775,0.0010201014,0.7509951,0.19039553,3,materiele feiten
ECLI:NL:HR:2018:874.txt,"Het feit dat met twee vennootschappen is gecontracteerd, had kennelijk ook voor BBL geen andere achtergrond dan voortzetten van wat daarvoor gebruikelijk was.",None,Beoordeling van het middel,1,Beoordeling,0,0.095947735,0.74012554,0.001068924,0.050725617,0.11213218,1,beoordeling
ECLI:NL:HR:2018:874.txt,"Tot slot berust de zeggenschap in [verweerster 1] en [verweerster 2] uiteindelijk geheel bij [betrokkene 1], die feitelijk alle (contractuele) handelingen heeft verricht.",None,Beoordeling van het middel,1,Beoordeling,0,0.97859544,0.0051160944,0.0012231993,0.009710933,0.0053543528,0,None
ECLI:NL:HR:2018:874.txt,In zoverre worden beide vennootschappen aangemerkt als dezelfde (weder)partij als bedoeld in art. 7:313 lid 3 BW.,None,Beoordeling van het middel,1,Beoordeling,0,0.09552722,0.83024836,0.0009231054,0.018946756,0.054354537,1,beoordeling
ECLI:NL:HR:2018:874.txt,(rov. 4.8) BBL heeft aangevoerd dat het naar maatstaven van redelijkheid en billijkheid onaanvaardbaar is dat [verweersters] zich beroepen op hoevepacht.,None,Beoordeling van het middel,1,Beoordeling,0,0.20979367,0.009506547,0.002374432,0.037727017,0.7405984,4,proceshandelingen
ECLI:NL:HR:2018:874.txt,Bij de beoordeling van dit verweer stelt het hof het volgende voorop.,None,Beoordeling van het middel,1,Beoordeling,0,0.5850463,0.39885122,0.002692544,0.008645949,0.0047639236,0,None
ECLI:NL:HR:2018:874.txt,7:313 lid 3 BW is van dwingend recht (art. 7:399 BW) en beoogt ontduiking van de bepalingen van hoevepacht tegen te gaan.,None,Beoordeling van het middel,1,Beoordeling,0,0.8604929,0.037466686,0.007910602,0.008280899,0.085848935,0,None
ECLI:NL:HR:2018:874.txt,"Daarom is een bijzondere terughoudendheid geboden, meer nog dan in gewone gevallen van toepassing van de beperkende werking van redelijkheid en billijkheid reeds geldt.",None,Beoordeling van het middel,1,Beoordeling,0,0.44629055,0.5381727,0.0038645342,0.0045342394,0.007137916,1,beoordeling
ECLI:NL:HR:2018:874.txt,(rov. 4.9) [verweersters] en BBL zijn beide professionele partijen.,None,Beoordeling van het middel,1,Beoordeling,0,0.24075398,0.03913181,0.0015788872,0.06942231,0.64911306,4,proceshandelingen
ECLI:NL:HR:2018:874.txt,Daarom mag worden aangenomen dat zij zich bij het aangaan van het samenstel van de eenjarige pacht- en bruikleenovereenkomsten bewust zijn geweest van de risico’s die daaraan kleefden in verband met de bepalingen omtrent hoevepacht.,None,Beoordeling van het middel,1,Beoordeling,0,0.044940695,0.9405235,0.0014205577,0.0075787175,0.005536595,1,beoordeling
ECLI:NL:HR:2018:874.txt,"[verweersters] konden de gronden en gebouwen die voor haar bedrijfsvoering zeer gunstig lagen, blijven gebruiken en BBL hield zijn handen vrij en kon een hogere prijs bedingen dan de reguliere pachtprijs.",None,Beoordeling van het middel,1,Beoordeling,0,0.012119295,0.01878928,0.0017875354,0.09557555,0.87172836,4,proceshandelingen
ECLI:NL:HR:2018:874.txt,"Zolang partijen beide baat hadden bij deze constructie, bestond geen risico dat de pachter hoevepacht zou claimen.",None,Beoordeling van het middel,1,Beoordeling,0,0.14570728,0.23084004,0.002091012,0.13530457,0.4860571,4,proceshandelingen
ECLI:NL:HR:2018:874.txt,Dat risico heeft zich echter verwezenlijkt nadat BBL te kennen heeft gegeven de grond (niet aan te wenden als ruilgrond maar) te verkopen.,None,Beoordeling van het middel,1,Beoordeling,0,0.061995883,0.8614585,0.0011465591,0.040951572,0.034447543,1,beoordeling
ECLI:NL:HR:2018:874.txt,"Juist omdat dit een en ander inherent is aan de keuze van partijen voor dit samenstel van overeenkomsten, zijn de omstandigheden dat [verweersters] hebben ingestemd met die constructie, weet had van de belangen van BBL en niet eerder een beroep heeft gedaan op hoevepacht, geen valide argumenten voor toepassing van art. 6:248 lid 2 BW.",None,Beoordeling van het middel,1,Beoordeling,0,0.06775097,0.893326,0.0009301242,0.009915976,0.028076999,1,beoordeling
ECLI:NL:HR:2018:874.txt,"De risico’s die BBL heeft gelopen door deze constructie aan te gaan, dienen voor haar eigen rekening te blijven.",None,Beoordeling van het middel,1,Beoordeling,0,0.17220211,0.53135574,0.0029153582,0.08945669,0.20407005,1,beoordeling
ECLI:NL:HR:2018:874.txt,"Daarbij overweegt het hof nog dat aan BBL alternatieven ten dienste stonden waarmee het zijn persoonlijke belangen had kunnen dienen, zoals kortdurende hoevepacht (art. 7:325 lid 3 BW).",None,Beoordeling van het middel,1,Beoordeling,0,0.102433,0.88121396,0.0017440241,0.010615848,0.0039931773,1,beoordeling
ECLI:NL:HR:2018:874.txt,"(rov. 4.10) Zonder nadere toelichting, die ontbreekt, ziet het hof evenmin aanleiding om bepaalde rechtsgevolgen (voorkeursrecht, duur of prijs) van hoevepacht voor [verweersters] bij voorbaat uit te sluiten (rov. 4.11). 4.4.1 Onderdeel 1 van het middel klaagt over de kwalificatie van het samenstel van de overeenkomsten als pacht van een hoeve en de maatstaf die het hof daarbij heeft gehanteerd (rov. 4.2-4.",None,Beoordeling van het middel,1,Beoordeling,0,0.98146087,0.011239478,0.0012999503,0.0025617064,0.0034379011,0,None
ECLI:NL:HR:2018:874.txt,Onderdeel 2 klaagt in de kern dat het hof [verweerster 1] en [verweerster 2] ten onrechte heeft aangemerkt als ‘dezelfde partij’ als bedoeld in art. 7:313 lid 3 BW (rov. 4.,proceshandelingen,Beoordeling van het middel,1,Beoordeling,1,0.06582624,0.88772875,0.0024736165,0.005458628,0.038512763,1,beoordeling
ECLI:NL:HR:2018:874.txt,De klachten van deze onderdelen zullen hieronder in onderlinge samenhang worden behande,None,Beoordeling van het middel,1,Beoordeling,0,0.86477965,0.067651324,0.00204624,0.055870734,0.009652062,0,None
ECLI:NL:HR:2018:874.txt,Daarbij wordt het volgende vooropgesteld. 4.4.2 Ingevolge art. 7:313 lid 3 BW zijn de bepalingen omtrent verpachting van hoeven van toepassing indien tussen dezelfde partijen bij één overeenkomst los land en bij een andere overeenkomst een of meer (gedeelten van) gebouwen zijn verpacht.,None,Beoordeling van het middel,1,Beoordeling,0,0.9872925,0.004122738,0.0017386168,0.004195725,0.002650427,0,None
ECLI:NL:HR:2018:874.txt,"Voor zover hier van belang, brengt deze bepaling mee dat op beide overeenkomsten de wettelijke duur van twaalf jaren voor hoeven (art. 7:325 lid 1 BW) van toepassing wordt en dat een pachtovereenkomst met betrekking tot los land als bedoeld in art. 7:397 BW (‘geliberaliseerde pacht’) niet langer valt onder het regime van die bepaling, dat wil zeggen dat de in art. 7:397 BW buiten toepassing verklaarde wetsartikelen alsnog op die overeenkomst van toepassing worden. 4.4.3 Het hof heeft art. 7:313 lid 3 BW toepasselijk geacht op de voor het jaar 2013 gesloten overeenkomsten, hoewel de overeenkomst met betrekking tot het los land was aangegaan tussen BBL en [verweerster 1] en die met betrekking tot de gebouwen tussen BBL en [verweerster 2].",None,Beoordeling van het middel,1,Beoordeling,0,0.98421097,0.008341645,0.0014141065,0.0033868938,0.0026464642,0,None
ECLI:NL:HR:2018:874.txt,"Dit geeft geen blijk van een onjuiste rechtsopvatting in het licht van enerzijds het geschilpunt dat aan dit oordeel ten grondslag lag – de vraag naar toepasselijkheid van art. 7:313 lid 3 BW op beide overeenkomsten – en anderzijds de door het hof in aanmerking genomen omstandigheden (a) dat [betrokkene 1] bestuurder en enig aandeelhouder van beide vennootschappen was en alle handelingen verrichtte, (b) dat het verschil in tenaamstelling oorspronkelijk verband hield met de medewerking van [betrokkene 1] aan een ‘ontduikingsconstructie’ (waarmee kennelijk wordt bedoeld: een constructie met de vorige verpachter om aan de werking van art. 7:313 lid 3 BW te ontkomen) en (c) dat BBL aanvankelijk (in 2010) beide overeenkomsten op naam van [verweerster 1] had gesteld en kennelijk alleen wilde voortzetten wat voordien gebruikelijk was.",beoordeling,Beoordeling van het middel,1,Beoordeling,1,0.18116227,0.8007681,0.002208013,0.004426814,0.011434764,1,beoordeling
ECLI:NL:HR:2018:874.txt,De omstandigheden (b) en (c) komen erop neer dat beide partijen de overeenkomsten in wezen beschouwden als tussen dezelfde partijen aangegaan en dat het verschil in tenaamstelling hoogstens was terug te voeren op een (vroegere) ‘ontduikingsconstructie’.,beoordeling,Beoordeling van het middel,1,Beoordeling,1,0.12202335,0.7699277,0.0010760246,0.03189947,0.0750734,1,beoordeling
ECLI:NL:HR:2018:874.txt,"Indien die mogelijke achtergrond bij BBL onbekend was, neemt dat niet weg dat ook BBL zelf naar het oordeel van het hof kennelijk geen belang had bij een verschil in tenaamstelling, anders dan (thans) om aan de werking van art. 7:313 lid 3 BW te ontkomen.",beoordeling,Beoordeling van het middel,1,Beoordeling,1,0.069686905,0.9188977,0.0016162961,0.0059122504,0.0038868783,1,beoordeling
ECLI:NL:HR:2018:874.txt,Hierbij verdient opmerking dat art. 7:313 lid 3 BW alleen tot gevolg heeft dat op beide (pacht)overeenkomsten de bepalingen omtrent hoeven van toepassing worden.,beoordeling,Beoordeling van het middel,1,Beoordeling,1,0.6892716,0.247275,0.004206342,0.010412654,0.048834436,0,None
ECLI:NL:HR:2018:874.txt,Er blijft sprake van twee afzonderlijke pachtovereenkomsten.,beoordeling,Beoordeling van het middel,1,Beoordeling,1,0.1902111,0.050380148,0.0026680608,0.48224282,0.27449793,3,materiele feiten
ECLI:NL:HR:2018:874.txt,De bepaling heeft voor een geval als het onderhavige dus niet tot gevolg dat beide overeenkomsten voortaan worden aangemerkt als tussen dezelfde partijen aangegaan.,beoordeling,Beoordeling van het middel,1,Beoordeling,1,0.16914518,0.80403,0.0014613986,0.01044295,0.014920522,1,beoordeling
ECLI:NL:HR:2018:874.txt,"Het hof heeft echter een verklaring voor recht gegeven waarin – ten onrechte, maar in navolging van de eis – wordt uitgegaan van één pachtovereenkomst met ‘ [verweersters] ’ (waarmee het hof volgens zijn arrest bedoelt: [verweerster 1] en [verweerster 2] gezamenlijk) als pachter.",beoordeling,Beoordeling van het middel,1,Beoordeling,1,0.13747537,0.84565854,0.0010380219,0.008037096,0.0077910023,1,beoordeling
ECLI:NL:HR:2018:874.txt,Over dit onderdeel van de beslissing van het hof wordt in cassatie niet geklaagd. 4.4.4 Het oordeel van het hof in de rov. 4.5-4.7 houdt in dat in de pachtprijs voor het los land een tegenprestatie voor het gebruik van de gebouwen is verdisconteer,beoordeling,Beoordeling van het middel,1,Beoordeling,1,0.3193685,0.65780634,0.0029989886,0.0036326023,0.01619355,1,beoordeling
ECLI:NL:HR:2018:874.txt,De tegen dit oordeel gerichte klachten kunnen niet tot cassatie leiden.,beoordeling,Beoordeling van het middel,1,Beoordeling,1,0.19880465,0.7522933,0.00175375,0.0112473965,0.03590091,1,beoordeling
ECLI:NL:HR:2018:874.txt,"Dit behoeft, gezien art. 81 lid 1 RO, geen nadere motivering nu die klachten niet nopen tot beantwoording van rechtsvragen in het belang van de rechtseenheid of de rechtsontwikkeling. 4.4.5 In het oordeel van het hof – onder meer in rov. 4.3, waar wordt gewezen op de verplichting tot landbouwkundig gebruik van de gebouwen – ligt besloten dat de overeenkomst ten aanzien van de gebouwen ook voor het overige voldoet aan de kenmerken van art. 7:311 BW en dus moet worden aangemerkt als een pachtovereenkomst.",None,Beoordeling van het middel,1,Beoordeling,0,0.9650241,0.026852101,0.0016316299,0.0034363442,0.0030558568,0,None
ECLI:NL:HR:2018:874.txt,"De onderdelen klagen niet over dit oordeel (dat overigens geen blijk geeft van een onjuiste rechtsopvatting en niet onvoldoende is gemotiveerd). 4.4.6 Art. 7:313 lid 3 BW stelt niet met zoveel woorden de eis dat het los land dat bij de ene overeenkomst is verpacht en het gebouw dat (of de gebouwen dan wel gedeelte(n) daarvan die) bij de andere overeenkomst is (zijn) verpacht, een complex vormen als bedoeld in art. 7:313 lid 1 BW.",None,Beoordeling van het middel,1,Beoordeling,0,0.9802899,0.009002291,0.0015686236,0.00357401,0.005565201,0,None
ECLI:NL:HR:2018:874.txt,Het hof is echter terecht ervan uitgegaan dat die eis wel moet worden geste,beoordeling,Beoordeling van het middel,1,Beoordeling,1,0.07957448,0.9062017,0.0014292948,0.008735675,0.004058846,1,beoordeling
ECLI:NL:HR:2018:874.txt,Toepasselijkheid van de specifieke bescherming voor hoevepachters is immers alleen gerechtvaardigd indien het samenstel van grond en gebouwen daadwerkelijk als een hoeve moet worden aangemerkt.,beoordeling,Beoordeling van het middel,1,Beoordeling,1,0.16664632,0.8159354,0.0019774875,0.008063425,0.007377403,1,beoordeling
ECLI:NL:HR:2018:874.txt,Het hof heeft in de rov. 4.3 en 4.4 geoordeeld dat in dit geval sprake is van een complex in de zin van art. 7:313 lid 1 BW.,beoordeling,Beoordeling van het middel,1,Beoordeling,1,0.03178345,0.9525407,0.00092633633,0.008713896,0.0060356893,1,beoordeling
ECLI:NL:HR:2018:874.txt,Onderdeel 1.3 klaagt onder meer dat het hof heeft miskend dat de gebouwen niet in gebruik zijn gegeven met het oog op exploitatie in combinatie met de verpachte gron,proceshandelingen,Beoordeling van het middel,1,Beoordeling,1,0.116235144,0.67329454,0.0043470273,0.008814866,0.19730842,1,beoordeling
ECLI:NL:HR:2018:874.txt,Deze klacht faalt.,beoordeling,Beoordeling van het middel,1,Beoordeling,1,0.018970294,0.9631708,0.0030680825,0.003816816,0.010974006,1,beoordeling
ECLI:NL:HR:2018:874.txt,"Het hof heeft in rov. 4.3 erop gewezen dat de gebouwen dienden te worden gebruikt in het kader van agrarische bedrijfsvoering, dat zij zich centraal op de gepachte gronden bevinden en dat zij geschikt zijn om als een geheel met het land te worden geëxploiteer",beoordeling,Beoordeling van het middel,1,Beoordeling,1,0.117130965,0.8583097,0.0010688526,0.01312783,0.010362639,1,beoordeling
ECLI:NL:HR:2018:874.txt,Hierin ligt het oordeel besloten dat van beide zijden is onderkend dat de gebouwen in samenhang met het verpachte land zouden worden geëxploiteer,beoordeling,Beoordeling van het middel,1,Beoordeling,1,0.16104917,0.67377424,0.00092206144,0.119228475,0.045025997,1,beoordeling
ECLI:NL:HR:2018:874.txt,Onbegrijpelijk is dat niet.,beoordeling,Beoordeling van het middel,1,Beoordeling,1,0.055143986,0.7233214,0.0037709381,0.057711076,0.1600527,1,beoordeling
ECLI:NL:HR:2018:874.txt,"Hetgeen het hof in rov. 4.4 overweegt over het feitelijke gebruik van die gebouwen heeft kennelijk tot strekking dat dit gebruik deze (stilzwijgende) bedoeling van partijen bevestigt, althans niet wijst op een andere bedoeling. 4.4.7 Onderdeel 1.2 klaagt nog dat het hof ten onrechte, althans onvoldoende (begrijpelijk) gemotiveerd, is voorbijgegaan aan het standpunt van BBL dat doorslaggevend is of in de gegeven omstandigheden, gelet op hetgeen partijen bij het sluiten van de overeenkomsten voor ogen stond, de inhoud en strekking van de overeenkomsten van dien aard is dat deze in hun geheel als (hoeve)pachtovereenkomsten kunnen worden aangemerkt, waarbij het verwijst naar HR [datum] ECLI:NL:HR:2011:BO9673, NJ 2012/",None,Beoordeling van het middel,1,Beoordeling,0,0.9180077,0.06897544,0.0027740072,0.002686698,0.007556245,0,None
ECLI:NL:HR:2018:874.txt,In dat verband heeft BBL onder meer gewezen op de bedoeling van beide partijen ten aanzien van de looptijd van de overeenkomsten en op de contractuele verplichtingen bij de bruikleenovereenkomst.,proceshandelingen,Beoordeling van het middel,1,Beoordeling,1,0.5234596,0.30101076,0.0015480218,0.08059443,0.09338716,0,None
ECLI:NL:HR:2018:874.txt,"7:313 lid 3 BW heeft ten doel de bepalingen omtrent hoevepacht van toepassing te doen zijn op situaties die met hoevepacht zijn gelijk te stellen, onder meer indien wordt beoogd de bescherming van de hoevepachter te ontgaan.",None,Beoordeling van het middel,1,Beoordeling,0,0.9707643,0.01536783,0.0026581644,0.003277853,0.007931791,0,None
ECLI:NL:HR:2018:874.txt,"De omstandigheden die BBL aanvoert en die ten dele hiervoor zijn besproken, staan in rechtstreeks verband met dat doel en wijzen niet op een bijzondere situatie die rechtvaardigt dat op het onderhavige samenstel van overeenkomsten, hoewel aan de vereisten van art. 7:313 lid 3 BW is voldaan, de bepalingen omtrent hoevepacht niet van toepassing zouden moeten zijn.",beoordeling,Beoordeling van het middel,1,Beoordeling,1,0.18259971,0.56887686,0.001998298,0.013111441,0.23341376,1,beoordeling
ECLI:NL:HR:2018:874.txt,"Het hof was dan ook niet gehouden om specifiek in te gaan op de rechtspraak waarop het onderdeel zich beroept. 4.4.8 Op hetgeen hiervoor in 4.4.3-4.4.7 is overwogen, stuiten alle klachten van de onderdelen 1 en 2 af. 4.5 Onderdeel 3 klaagt over de verwerping door het hof van het beroep op de derogerende werking van de redelijkheid en billijkheid (rov. 4.9-4.",None,Beoordeling van het middel,1,Beoordeling,0,0.59214216,0.38045225,0.002130098,0.0063403714,0.0189351,0,None
ECLI:NL:HR:2018:874.txt,Bij de beoordeling van dit onderdeel wordt vooropgesteld dat de maatstaf van art. 6:248 lid 2 BW tot terughoudende toepassing noopt.,None,Beoordeling van het middel,1,Beoordeling,0,0.27970472,0.67945105,0.0015872605,0.023775624,0.015481291,1,beoordeling
ECLI:NL:HR:2018:874.txt,"Dit geldt temeer bij een dwingendrechtelijke bepaling als art. 7:313 lid 3 BW, gelet op het daarmee te beschermen belang (vgl. onder meer HR [datum] ECLI:NL:HR:1983:AB7666, NJ 1984/",None,Beoordeling van het middel,1,Beoordeling,0,0.039973147,0.9467813,0.0014110395,0.0066300873,0.005204502,1,beoordeling
ECLI:NL:HR:2018:874.txt,"Bovendien berust de verwerping door het hof van het beroep op art. 6:248 lid 2 BW op een waardering van goeddeels feitelijke aard, die in zoverre aan het hof is voorbehouden en die in cassatie dan ook slechts beperkt kan worden getoetst.",beoordeling,Beoordeling van het middel,1,Beoordeling,1,0.038213108,0.9500799,0.0013489656,0.004058534,0.0062994594,1,beoordeling
ECLI:NL:HR:2018:874.txt,Het onderdeel klaagt onder meer dat het hof het beroep op de beperkende werking van de redelijkheid en billijkheid heeft versmald tot een vraagstuk van (louter) risicoverdeling.,proceshandelingen,Beoordeling van het middel,1,Beoordeling,1,0.0312848,0.9432887,0.0022028277,0.0041128076,0.019110816,1,beoordeling
ECLI:NL:HR:2018:874.txt,Deze klacht mist feitelijke grondslag.,beoordeling,Beoordeling van het middel,1,Beoordeling,1,0.03318406,0.88201517,0.0020435054,0.01117177,0.071585424,1,beoordeling
ECLI:NL:HR:2018:874.txt,"Het oordeel van het hof in rov. 4.10 komt erop neer dat de bekendheid van [verweersters] als professionele partijen met de omstandigheden waarop BBL zich in het onderdeel beroept (de belangen van BBL, het instemmen door [verweersters] met de contracten en het zich niet eerder beroepen op hoevepacht) geen wezenlijk onderscheid meebrengen met het soort van gevallen waarvoor art. 7:313 lid 3 BW is bedoeld en dat deze omstandigheden daarom geen beroep op art. 6:248 lid 2 BW rechtvaardigen.",beoordeling,Beoordeling van het middel,1,Beoordeling,1,0.0933623,0.89144254,0.0009270415,0.006056963,0.008211131,1,beoordeling
ECLI:NL:HR:2018:874.txt,"Dat het hof daarbij heeft overwogen dat de gevolgen van de gekozen constructie voor risico van BBL dienen te blijven, geeft geen blijk van een onjuiste rechtsopvatting en betekent niet dat het hof aan een verkeerd criterium heeft getoetst.",beoordeling,Beoordeling van het middel,1,Beoordeling,1,0.05281097,0.934181,0.001232035,0.004765163,0.007010885,1,beoordeling
ECLI:NL:HR:2018:874.txt,"Het onderdeel vermeldt nog een aantal stellingen waarop het hof in dit verband niet, althans ontoereikend zou hebben gerespondeer",proceshandelingen,Beoordeling van het middel,1,Beoordeling,1,0.04733516,0.93107784,0.0010995565,0.007088909,0.013398598,1,beoordeling
ECLI:NL:HR:2018:874.txt,Deze stellingen hangen echter bijna alle nauw samen met de – in de vorige alinea vermelde – meer algemene stellingen van BBL die het hof wel expliciet in zijn oordeel heeft betrokken (zie ook de conclusie van de Advocaat-Generaal onder 2.48.,beoordeling,Beoordeling van het middel,1,Beoordeling,1,0.060103815,0.9040407,0.00078665896,0.018566687,0.016502127,1,beoordeling
ECLI:NL:HR:2018:874.txt,Het onderdeel maakt niet duidelijk waarom de stellingen tot nadere motivering noopten.,beoordeling,Beoordeling van het middel,1,Beoordeling,1,0.043751158,0.93332446,0.0011004964,0.0077651367,0.014058735,1,beoordeling
ECLI:NL:HR:2018:874.txt,"Het onderdeel doet voorts een beroep op de omstandigheid dat [verweerster 2] nimmer heeft bijgedragen aan het onderhoud van de gebouwen of daarvoor vaste lasten heeft betaald, maar bevat niet de in dit verband noodzakelijke toelichting waarom – uitgaande van het oordeel van het hof dat voor het gebruik van de gebouwen een vergoeding werd betaald – die omstandigheid van zodanige betekenis is voor het beroep op art. 6:248 lid 2 BW dat het hof erop had moeten ingaan. 4.6 De overige klachten van het middel kunnen evenmin tot cassatie leiden.",beoordeling,Beoordeling van het middel,1,Beoordeling,1,0.58805674,0.38904175,0.001955964,0.006390729,0.014554796,0,None
ECLI:NL:HR:2018:874.txt,"Dit behoeft, gezien art. 81 lid 1 RO, geen nadere motivering nu die klachten niet nopen tot beantwoording van rechtsvragen in het belang van de rechtseenheid of de rechtsontwikkeling.",beoordeling,Beoordeling van het middel,1,Beoordeling,1,0.10953129,0.8712301,0.0012401608,0.0065976284,0.011400773,1,beoordeling
ECLI:NL:HR:2018:874.txt,"De Hoge Raad: verklaart de Provincie niet-ontvankelijk in haar beroep; verwerpt het beroep van BBL; veroordeelt BBL en de Provincie in de kosten van het geding in cassatie, tot op deze uitspraak aan de zijde van [verweersters] begroot op [geld] aan verschotten en [geld]-- voor salaris.",beslissing,Beslissing,1,Beslissing,1,0.073156126,0.0057856934,0.88364947,0.0024836282,0.03492509,2,beslissing
ECLI:NL:RBOVE:2017:1505.txt,"[verzoeker], geboren [datum] heeft vanaf [datum] via het uitzendbureau bij Hamabest werkzaamheden verricht en is aansluitend per [datum] bij Hamabest in dienst gekomen in de functie van laborant tegen een salaris van [geld]= bruto per maand exclusief emolumenten. 2.2 In de arbeidsovereenkomst is onder artikel 14 opgenomen: De werknemer verklaart kennis genomen te hebben van en in te stemmen met de gehanteerde veiligheidsprocedures.",None,De feiten,1,Feiten,0,0.97158897,0.0035483043,0.0016528916,0.019363126,0.0038467436,0,None
ECLI:NL:RBOVE:2017:1505.txt,"De werknemer is verplicht de vereiste veiligheidsprocedures tijdens alle werkzaamheden op te volgen en is zelf verantwoordelijk voor het dragen van de vereiste veiligheidskleding (waaronder ook adembescherming), - schoenen e.d., welke door de werkgever vergoed zullen worden.",materiele feiten,De feiten,1,Feiten,1,0.85572857,0.024327405,0.0033078447,0.090269044,0.026367107,0,None
ECLI:NL:RBOVE:2017:1505.txt,"Wanneer de werknemer zich niet conformeert aan geldende wet- en regelgeving m.b.t. tot zijn werkzaamheden in de ruimste zin des woords en/of de bepalingen zoals opgenomen in deze overeenkomst, behoudt de werkgever zich het recht voor ontslag op staande voet als sanctie te hanteren.",materiele feiten,De feiten,1,Feiten,1,0.9624672,0.0077511542,0.004584858,0.0063388664,0.01885797,0,None
ECLI:NL:RBOVE:2017:1505.txt,(...) 2.3 Hamabest is een asbestlaboratoriu,None,De feiten,1,Feiten,0,0.9844461,0.0034182626,0.001594662,0.0075572613,0.0029838113,0,None
ECLI:NL:RBOVE:2017:1505.txt,Zij is voor haar werkzaamheden gebonden aan strenge regelgeving (NEN2990) en staat onder toezicht van de Raad voor Accreditatie (hierna: RvA).,materiele feiten,De feiten,1,Feiten,1,0.37906173,0.024768448,0.002361256,0.554102,0.039706565,3,materiele feiten
ECLI:NL:RBOVE:2017:1505.txt,"RvA verricht in verband met haar toezichthoudende taak regelmatig onaangekondigde audits bij bedrijven, onder andere bij Hamabest.",materiele feiten,De feiten,1,Feiten,1,0.019496541,0.02899332,0.0010866479,0.91469723,0.035726264,3,materiele feiten
ECLI:NL:RBOVE:2017:1505.txt,"Indien de RvA bij een bedrijf een zogenaamde A afwijking constateert en een dergelijke afwijking binnen een jaar bij hetzelfde bedrijf nogmaals wordt geconstateerd, dan leidt dit tot intrekking van de accreditatie. 2.4 Bij e-mail van [datum] schrijft de heer [A] (directeur) aan alle laboranten van Hamabest onder meer het volgende: (...) Het is niet voor niets dat wij met elk werkoverleg hameren op het navolgen van de juiste procedures en handelingen.",None,De feiten,1,Feiten,0,0.9878896,0.0021362102,0.0016433262,0.0048764553,0.003454404,0,None
ECLI:NL:RBOVE:2017:1505.txt,"Sterker nog, we hebben aangegeven dat personen, die zich niet houden aan de regels (hoe pietluttig ze ook lijken te zijn), een schriftelijke waarschuwing gaan krijgen.",materiele feiten,De feiten,1,Feiten,1,0.90793526,0.07253943,0.003408264,0.009247122,0.0068699513,0,None
ECLI:NL:RBOVE:2017:1505.txt,(...) Het blijkt nu dat ca 35%!!!!! van de rapporten een versie 2 krijgen.,None,De feiten,1,Feiten,0,0.98554856,0.0032380614,0.0017797215,0.0065294714,0.0029043255,0,None
ECLI:NL:RBOVE:2017:1505.txt,De afgelopen weken is het vele malen voorgekomen dat er rapporten worden afgegeven met foutieve meettijden waardoor er een afkeur wordt uitgeschreven terwijl de meting juist goed was.,materiele feiten,De feiten,1,Feiten,1,0.4332528,0.10581395,0.0027756817,0.4288496,0.02930788,0,None
ECLI:NL:RBOVE:2017:1505.txt,(...) Bij herhaling van dit soort onprofessioneel handelen zullen wij verregaand keihard optreden.,None,De feiten,1,Feiten,0,0.9880712,0.0037531573,0.0020217707,0.0034541662,0.002699741,0,None
ECLI:NL:RBOVE:2017:1505.txt,"(...) 2.5 Op [datum] stuurt de directeur van Hamabest per aangetekende post aan [verzoeker] een brief met een officiële waarschuwing, waarin staat: Wij hebben geconstateerd dat je [datum] de vergadering 45 min te laat bent gekomen, op [datum] je 20 min te laat op de klus, op [datum] je een kwartier te laat terwijl je niets voor die klus hebt gehad en deze pas om 12 uur stond gepland, je op [datum] laat op de klus bent verschenen terwijl je er niets voor hebt gehad waardoor je bij de volgende klus ook te lat aankwa",None,De feiten,1,Feiten,0,0.9878507,0.0024847863,0.0014555353,0.0053691375,0.002839812,0,None
ECLI:NL:RBOVE:2017:1505.txt,Op [datum] je om 8 uur op de klus zijn en was je er pas om 8.45 uur.,materiele feiten,De feiten,1,Feiten,1,0.040444307,0.012472031,0.0012847654,0.9063062,0.039492667,3,materiele feiten
ECLI:NL:RBOVE:2017:1505.txt,"Wij ( [B] en [C], [D], [A] ) hebben je hierover al meerdere malen aangesproken tijdens je contractverlenging en tijdens 1 op 1 gesprekken.",None,De feiten,1,Feiten,0,0.98195326,0.002880657,0.0017701304,0.009029146,0.0043667466,0,None
ECLI:NL:RBOVE:2017:1505.txt,Wij hebben het in 2015 geprobeerd met externe hulp in de vorm van Job-coaching.,materiele feiten,De feiten,1,Feiten,1,0.47836357,0.019955438,0.0023489539,0.48272756,0.016604532,3,materiele feiten
ECLI:NL:RBOVE:2017:1505.txt,Zoals je weet gelden er binnen onze organisatie diverse regels en een ervan is op tijd komen op je afspraak.,materiele feiten,De feiten,1,Feiten,1,0.92947227,0.022875272,0.0015751504,0.03973757,0.0063397554,0,None
ECLI:NL:RBOVE:2017:1505.txt,(...) Ondanks herhaalde mondelinge waarschuwingen blijf je de regels overtreden.,None,De feiten,1,Feiten,0,0.98791635,0.0027693498,0.0022891467,0.0037809152,0.003244182,0,None
ECLI:NL:RBOVE:2017:1505.txt,Hierbij ontvang je dan ook een officiële waarschuwing voor jouw gedrag.,materiele feiten,De feiten,1,Feiten,1,0.9422998,0.012695286,0.0021822427,0.03308661,0.009736094,0,None
ECLI:NL:RBOVE:2017:1505.txt,Wat ons betreft is dit de laatste waarschuwing.,materiele feiten,De feiten,1,Feiten,1,0.97826517,0.0069049103,0.0018263705,0.007043861,0.0059597264,0,None
ECLI:NL:RBOVE:2017:1505.txt,Wij gaan ervan uit dat je binnen onze organisatie de geldende regels nakomt en dat dergelijk gedrag niet meer vertoon,materiele feiten,De feiten,1,Feiten,1,0.9642202,0.013912578,0.005287901,0.007244508,0.009334778,0,None
ECLI:NL:RBOVE:2017:1505.txt,"Mocht je je wederom in de strijd gaan met onze regels, dan kan dit consequenties hebben voor de voortzetting van je dienstverban",materiele feiten,De feiten,1,Feiten,1,0.9649446,0.011567851,0.0040648566,0.0077464734,0.011676247,0,None
ECLI:NL:RBOVE:2017:1505.txt,(...) 2.6 De brief van [datum] is bij Hamabest retour ontvangen met als mededeling ‘niet afgehaald’. 2.7 Op [datum] heeft RvA een afwijking geconstateerd bij een inspectie van Hamabest.,None,De feiten,1,Feiten,0,0.98151565,0.003378745,0.0012391113,0.0104024345,0.003464049,0,None
ECLI:NL:RBOVE:2017:1505.txt,Naar aanleiding daarvan stuurt directeur [A] aan de medewerkers een e-mail waarin hij onder meer schrijft: (...) Dit resulteert nu in een A afwijking welke binnen 5 dagen opgelost dient te worden.,None,De feiten,1,Feiten,0,0.9756001,0.002944766,0.0015339892,0.012078027,0.007843036,0,None
ECLI:NL:RBOVE:2017:1505.txt,Kost ons enorm veel tijd en geld (schade en de extra inspanningen).,materiele feiten,De feiten,1,Feiten,1,0.63784444,0.031015038,0.00726972,0.2577513,0.06611949,0,None
ECLI:NL:RBOVE:2017:1505.txt,Lukt dit niet of er komt binnen 1 jaar weer een A afwijking zal het bedrijf worden geschorst.,materiele feiten,De feiten,1,Feiten,1,0.5866048,0.010273975,0.0041939747,0.31876436,0.08016289,0,None
ECLI:NL:RBOVE:2017:1505.txt,"(...) Ik hoop dat een ieder zich bewust is van de noodzaak alert en scherp te blijven en zich vooral te houden aan regels, procedures (ook veilighe",None,De feiten,1,Feiten,0,0.98872656,0.0030564335,0.0021281813,0.0032182422,0.00287064,0,None
ECLI:NL:RBOVE:2017:1505.txt,"(...) 2.8 Op [datum] heeft Hamabest een extra werkoverleg ingelast voor alle buitendienstmedewerkers, waarbij ook [verzoeker] aanwezig is geweest. 2.9 Op zaterdag [datum] heeft nog een werkoverleg plaatsgevonden.",None,De feiten,1,Feiten,0,0.97271085,0.003719464,0.0013604293,0.017998632,0.004210563,0,None
ECLI:NL:RBOVE:2017:1505.txt,"In de e-mail daarover van [datum] aan de medewerkers van Hamabest, waaronder [verzoeker], staat: (...) is tijdens een interne audit door Détect bij twee collega’s de zelfde afwijking geconstateer",None,De feiten,1,Feiten,0,0.98597103,0.0028893102,0.0016037448,0.0061797802,0.003356034,0,None
ECLI:NL:RBOVE:2017:1505.txt,Dit kan en mag niet.,materiele feiten,De feiten,1,Feiten,1,0.48364177,0.12120297,0.04039127,0.049563896,0.30520016,0,None
ECLI:NL:RBOVE:2017:1505.txt,Ik hoop dat jullie je realiseren wat dit inhoud voor ons certificaat en jullie werkovereenkomst bij Hamabest Laboratoriu,materiele feiten,De feiten,1,Feiten,1,0.9597396,0.010464489,0.0018858245,0.021692421,0.006217588,0,None
ECLI:NL:RBOVE:2017:1505.txt,(...) Gezien de urgentie wil ik aankomende zaterdag om 8:30 uur afspreken met jullie allen hier op kantoor (...) 2.10 Op [datum] heeft [verzoeker] een eindcontrole verricht in de kruipruimte van twee woningen in de zelfde straat in Driebergen.,None,De feiten,1,Feiten,0,0.9843092,0.0026752031,0.0016820558,0.008478629,0.002854888,0,None
ECLI:NL:RBOVE:2017:1505.txt,"Uit de certificaten van [datum] volgt dat [verzoeker] de meting in woning 2 is gestart terwijl hij op dat moment nog bezig was met de inspectie in woning 1. 2.11 Op [datum] schrijft directeur [A] aan [verzoeker] het volgende: Jij hebt gisteren (14-11-16) voor Kamphuis 2 eindcontroles verricht in Driebergen (...) Containment 1, tijd vi 12.15-12.35, meettijd 12.15-14.15 Containment 2, tijd vi 12.40-13.00, meettijd 12.20-14.20 (???) Betekent pompen aan in cont 2 (12.20 uur) terwijl je met een vi bezig bent in cont 1 (vi 12.15-12.35) Volgens het track and trace systeem kwam je aan om 12.08 en vertrok je om 14.35 uur 2 containments in 2 uur en 18 minuten?????",None,De feiten,1,Feiten,0,0.8722754,0.00283643,0.0015595084,0.111464255,0.011864432,0,None
ECLI:NL:RBOVE:2017:1505.txt,Kan jij mij een gedegen verklaring geven hoe je dit gedaan hebt conform NEN 2990?,materiele feiten,De feiten,1,Feiten,1,0.9347657,0.02281471,0.0023423405,0.031087827,0.008989352,0,None
ECLI:NL:RBOVE:2017:1505.txt,Ik verwacht uiterlijk morgen om 10.00 uur jouw reactie. 2.12 Op [datum] stuurt [verzoeker] per e-mail het volgende antwoordbericht: Ik heb geen gedegen verklaring voor de geregistreerde tijden.,materiele feiten,De feiten,1,Feiten,1,0.9517664,0.002324711,0.0015007288,0.036173265,0.008234887,0,None
ECLI:NL:RBOVE:2017:1505.txt,Ik heb me niet aan de minimale inspectietijden gehouden en heb de klus afgeraffe,materiele feiten,De feiten,1,Feiten,1,0.83654356,0.018297449,0.0029105837,0.109538466,0.03271004,0,None
ECLI:NL:RBOVE:2017:1505.txt,Dit is absoluut niet acceptabel en ik beloof dat dit niet weer zal gebeuren.,materiele feiten,De feiten,1,Feiten,1,0.8851525,0.032245137,0.0035188405,0.02965307,0.049430393,0,None
ECLI:NL:RBOVE:2017:1505.txt,"Mijn oprechte excuses. 2.13 Bij brief van [datum] welke aan [verzoeker] is uitgereikt, heeft de directeur van Hamabest, de heer [A], aan [verzoeker] ontslag op staande voet aangezegd per [datum] In de brief staat onder meer: Afgelopen donderdag [datum] is er op kantoor van Hamabest Lab te Deventer een ingelaste vergadering geweest naar aanleiding van een door RvA vastgestelde afwijking in de categorie [naam] bekend doet RvA [datum] onaangekondigde audits op werkplekken door heel Nederland waarbij controles worden verricht voor-tijdens maar ook na werkzaamheden.",None,De feiten,1,Feiten,0,0.9844588,0.002262057,0.0018062548,0.0075709573,0.003901979,0,None
ECLI:NL:RBOVE:2017:1505.txt,"Bij deze vergadering waren alle bevoegde laboranten, waaronder u zelf, aanwezig.",materiele feiten,De feiten,1,Feiten,1,0.9279382,0.010442273,0.0017616319,0.052001275,0.007856574,0,None
ECLI:NL:RBOVE:2017:1505.txt,"Tijdens deze vergadering is uitvoerig gesproken, en is ook meermaals benadrukt, dat iedereen zich strikt dient te houden aan alle regels zoals beschreven in onze procedures en de geldende normen.",materiele feiten,De feiten,1,Feiten,1,0.7345795,0.17497398,0.0019162396,0.046738088,0.041792195,0,None
ECLI:NL:RBOVE:2017:1505.txt,Het niet naleven van deze regels kan leiden tot intrekking van de accreditatie door RvA.,materiele feiten,De feiten,1,Feiten,1,0.71320957,0.15512922,0.00557688,0.030513296,0.09557107,0,None
ECLI:NL:RBOVE:2017:1505.txt,"Ik heb ook benadrukt dat, indien Hamabest Lab binnen nu en 1 jaar weer tegen een A afwijking oploopt, dit intrekking van de accreditatie tot gevolg heeft met alle gevolgen van dien voor het voortbestaan van Hamabest Lab.",materiele feiten,De feiten,1,Feiten,1,0.9537634,0.02155672,0.0013783299,0.0115113,0.011790155,0,None
ECLI:NL:RBOVE:2017:1505.txt,Afgelopen maandag [datum] heeft u een eindcontrole verricht op een project in Driebergen.,materiele feiten,De feiten,1,Feiten,1,0.096223146,0.013042584,0.001388025,0.88325095,0.0060952334,3,materiele feiten
ECLI:NL:RBOVE:2017:1505.txt,De eindcontrole bestond uit het inspecteren en meten van 2 containments in twee naast elkaar gelegen woningen en was gepland om 12.00 uur.,materiele feiten,De feiten,1,Feiten,1,0.04843621,0.010966563,0.0015786346,0.92317474,0.015843831,3,materiele feiten
ECLI:NL:RBOVE:2017:1505.txt,De planning van Hamabest Lab heeft u hiervoor ingepland voor een periode van 4 uur lang.,materiele feiten,De feiten,1,Feiten,1,0.39623287,0.030488467,0.0030976455,0.5593983,0.010782708,3,materiele feiten
ECLI:NL:RBOVE:2017:1505.txt,"De minimale tijd om, conform de procedures, tot een gunstige beoordeling te komen bedraagt ca. 3,5 uur.",materiele feiten,De feiten,1,Feiten,1,0.6199691,0.020908285,0.002403096,0.33438456,0.022334827,0,None
ECLI:NL:RBOVE:2017:1505.txt,Bovendien had u die dag geen vervolgplanning meer.,materiele feiten,De feiten,1,Feiten,1,0.13829878,0.15645118,0.0034864417,0.3780397,0.32372394,3,materiele feiten
ECLI:NL:RBOVE:2017:1505.txt,Het was het laatste werk van de dag.,materiele feiten,De feiten,1,Feiten,1,0.2990652,0.03624629,0.0035983087,0.6322436,0.028846586,3,materiele feiten
ECLI:NL:RBOVE:2017:1505.txt,Uit de controle van uw certificaten viel op dat de inspectietijden van de beide containments met de meettijden elkaar overlapten.,materiele feiten,De feiten,1,Feiten,1,0.28052866,0.060833156,0.0016363639,0.6275936,0.02940814,3,materiele feiten
ECLI:NL:RBOVE:2017:1505.txt,Op basis hiervan hebben wij gekeken in het systeem track and trace van uw auto en hieruit blijkt dat u aankwam om 12.08 uur.,materiele feiten,De feiten,1,Feiten,1,0.4311844,0.014741359,0.0019466273,0.5427023,0.009425271,3,materiele feiten
ECLI:NL:RBOVE:2017:1505.txt,U vertrok weer om 14.25 uur.,materiele feiten,De feiten,1,Feiten,1,0.2706164,0.01183527,0.0030967167,0.69954675,0.014904768,3,materiele feiten
ECLI:NL:RBOVE:2017:1505.txt,Op uw certificaten heeft u beschreven dat u heeft gemeten tot 14.20 uur.,materiele feiten,De feiten,1,Feiten,1,0.23425452,0.0429753,0.002446328,0.6941252,0.026198657,3,materiele feiten
ECLI:NL:RBOVE:2017:1505.txt,"Dit houdt in dat u kennelijk binnen 5 minuten tot vertrek de deco procedure voor het verlaten van het containment heeft gevolgd, de pompen gekalibreerd, de filters geprepareerd, de analyse heeft verricht en tenslotte de resultaten heeft gerapporteerd en de certificaten heeft laten aftekenen door de uitvoerder.",materiele feiten,De feiten,1,Feiten,1,0.13280319,0.81109256,0.001507025,0.0296128,0.024984395,1,beoordeling
ECLI:NL:RBOVE:2017:1505.txt,U zult begrijpen dat dit absoluut niet kan.,materiele feiten,De feiten,1,Feiten,1,0.81878966,0.114549704,0.0025131912,0.05198055,0.012166838,0,None
ECLI:NL:RBOVE:2017:1505.txt,Dit had kunnen leiden tot intrekking van de accreditatie.,materiele feiten,De feiten,1,Feiten,1,0.26756674,0.3002602,0.0036670147,0.26161143,0.16689467,1,beoordeling
ECLI:NL:RBOVE:2017:1505.txt,"Ik heb middels een mail gevraagd om tekst en uitleg en u geeft als antwoord dat u zich niet aan de minimale inspectietijden heeft gehouden en de klus hebt afgeraffeld, zonder opgave van reden.",materiele feiten,De feiten,1,Feiten,1,0.9666578,0.003164862,0.0016369715,0.018741593,0.009798776,0,None
ECLI:NL:RBOVE:2017:1505.txt,"Ik wil benadrukken dat u, naar aanleiding van niet toelaatbaar gedrag, op [datum] al een aangetekende brief heeft ontvangen met daarin een officiële waarschuwing.",materiele feiten,De feiten,1,Feiten,1,0.9795196,0.0053972825,0.0018192272,0.006028246,0.0072356714,0,None
ECLI:NL:RBOVE:2017:1505.txt,In deze brief staat o.a. “mocht je wederom in strijd gaan met onze regels dat dit gevolgen heeft voor de voortzetting van uw dienstverband”.,materiele feiten,De feiten,1,Feiten,1,0.97202533,0.0031669103,0.0018832772,0.012114461,0.010809967,0,None
ECLI:NL:RBOVE:2017:1505.txt,In combinatie met de vele mondelinge waarschuwingen is de maat nu vol voor Hamabest Lab.,materiele feiten,De feiten,1,Feiten,1,0.13243766,0.1094547,0.0025023688,0.65141475,0.104190506,3,materiele feiten
ECLI:NL:RBOVE:2017:1505.txt,Het vertrouwen in u is geheel verdwenen.,materiele feiten,De feiten,1,Feiten,1,0.17781588,0.3920919,0.004670358,0.27889335,0.14652851,1,beoordeling
ECLI:NL:RBOVE:2017:1505.txt,"Dit ondanks dat Hamabest Lab zich steeds als een coulante en goed werkgever heeft opgesteld, heeft u zich niet als een goed werknemer gedragen.",materiele feiten,De feiten,1,Feiten,1,0.69031703,0.25225177,0.0022373737,0.023133034,0.032060906,0,None
ECLI:NL:RBOVE:2017:1505.txt,Voor Hamabest Lab is hiermee een dringende reden ontstaan om per vrijdag [datum] het dienstverband te beëindigen.,materiele feiten,De feiten,1,Feiten,1,0.3785035,0.04154307,0.0011073591,0.5485907,0.030255321,3,materiele feiten
ECLI:NL:RBOVE:2017:1505.txt,Bovendien is de reden dat hij in het verleden weleens te laat kwam gelegen in een medische oorzaak namelijk de diagnose ADD en is het na de jobcoaching in 2015 beter met hem gegaan.,proceshandelingen,Het geschil,1,Proceshandelingen partijen,1,0.060419165,0.3371614,0.001501362,0.3813631,0.21955502,3,materiele feiten
ECLI:NL:RBOVE:2017:1505.txt,Naast het te laat komen wordt aan hem verweten dat hij zijn werk op [datum] niet volgens de juiste inspectietijden heeft uitgevoer,proceshandelingen,Het geschil,1,Proceshandelingen partijen,1,0.005054209,0.09093367,0.003322079,0.19367425,0.7070158,4,proceshandelingen
ECLI:NL:RBOVE:2017:1505.txt,Volgens [verzoeker] is er sprake geweest van een verschrijving en gaat het te ver om hem op grond daarvan onmiddellijk te ontslaan.,proceshandelingen,Het geschil,1,Proceshandelingen partijen,1,0.009112256,0.005147951,0.0017105989,0.029780665,0.9542484,4,proceshandelingen
ECLI:NL:RBOVE:2017:1505.txt,Hamabest heeft hem bovendien de dagen erna nog gewoon zijn werkzaamheden laten uitvoeren.,proceshandelingen,Het geschil,1,Proceshandelingen partijen,1,0.01390802,0.16925722,0.0044288957,0.29334903,0.5190568,4,proceshandelingen
ECLI:NL:RBOVE:2017:1505.txt,Het ontslag is aldus niet onverwijld gegeven.,proceshandelingen,Het geschil,1,Proceshandelingen partijen,1,0.19421442,0.7691384,0.0013273596,0.010944272,0.024375524,1,beoordeling
ECLI:NL:RBOVE:2017:1505.txt,[verzoeker] stelt dat Hamabest hiermee jegens hem verwijtbaar heeft gehande,proceshandelingen,Het geschil,1,Proceshandelingen partijen,1,0.01132778,0.0046244515,0.0020724318,0.016588397,0.96538705,4,proceshandelingen
ECLI:NL:RBOVE:2017:1505.txt,"Aangezien het volgens [verzoeker] in de ontstane situatie niet meer mogelijk is om zijn werkzaamheden binnen Hamabest uit te voeren, berust hij in het ontslag.",proceshandelingen,Het geschil,1,Proceshandelingen partijen,1,0.008012285,0.011865198,0.0016992252,0.05544979,0.9229735,4,proceshandelingen
ECLI:NL:RBOVE:2017:1505.txt,"Daarbij maakt hij aanspraak op een billijke vergoeding, transitievergoeding en de vergoeding van het loon over de opzegtermijn. 3.3 Hamabest heeft verweer gevoer",proceshandelingen,Het geschil,1,Proceshandelingen partijen,1,0.35641736,0.06960894,0.006841377,0.007308211,0.55982405,4,proceshandelingen
ECLI:NL:RBOVE:2017:1505.txt,Kort samengevat voert zij aan dat [verzoeker] vele malen is aangesproken op het te laat komen.,proceshandelingen,Het geschil,1,Proceshandelingen partijen,1,0.028101752,0.06409802,0.0015670131,0.05716463,0.8490686,4,proceshandelingen
ECLI:NL:RBOVE:2017:1505.txt,Daarbij ging het niet om enkele minuten maar om een half uur tot een uur.,proceshandelingen,Het geschil,1,Proceshandelingen partijen,1,0.40495676,0.042051267,0.002303813,0.410146,0.14054216,3,materiele feiten
ECLI:NL:RBOVE:2017:1505.txt,Uiteindelijk is in verband daarmee een schriftelijke waarschuwing naar [verzoeker] gestuurd en is hij van het versturen daarvan ook mondeling op de hoogte geste,proceshandelingen,Het geschil,1,Proceshandelingen partijen,1,0.025508355,0.040049233,0.0011384798,0.60938984,0.32391405,3,materiele feiten
ECLI:NL:RBOVE:2017:1505.txt,Daarnaast is [verzoeker] er in mailberichten en bij recente werkoverleggen uitdrukkelijk op gewezen om te werken volgens de voorschriften.,proceshandelingen,Het geschil,1,Proceshandelingen partijen,1,0.03271517,0.088950194,0.0011783867,0.10367769,0.7734785,4,proceshandelingen
ECLI:NL:RBOVE:2017:1505.txt,Daarbij is naar voren gebracht dat hierbij de accreditatie van de onderneming op het spel staat.,proceshandelingen,Het geschil,1,Proceshandelingen partijen,1,0.17323682,0.30733764,0.0011139098,0.47405297,0.0442587,3,materiele feiten
ECLI:NL:RBOVE:2017:1505.txt,Desondanks heeft [verzoeker] op [datum] een certificaat af gegeven dat qua ingevulde inspectietijden niet kan kloppen en heeft hij hiervoor als reden gegeven dat hij het werk afgeraffeld heeft.,proceshandelingen,Het geschil,1,Proceshandelingen partijen,1,0.026546758,0.35212252,0.0013384661,0.21311125,0.40688103,4,proceshandelingen
ECLI:NL:RBOVE:2017:1505.txt,"Door dit handelen van [verzoeker], nadat hij al een schriftelijke waarschuwing had ontvangen, stelt Hamabest het vertrouwen in [verzoeker] te zijn kwijtgeraakt.",None,Het geschil,1,Proceshandelingen partijen,0,0.98419976,0.0023683093,0.0015057471,0.0064809043,0.0054453476,0,None
ECLI:NL:RBOVE:2017:1505.txt,Het ontslag op staande voet is daarom volgens haar terecht gegeven.,proceshandelingen,Het geschil,1,Proceshandelingen partijen,1,0.07883367,0.39214683,0.0019479075,0.029734537,0.4973371,4,proceshandelingen
ECLI:NL:RBOVE:2017:1505.txt,Hamabest concludeert tot afwijzing van het verzoek van [verzoeker].,None,Het geschil,1,Proceshandelingen partijen,0,0.97336,0.0024080356,0.0018906252,0.011845811,0.010495548,0,None
ECLI:NL:RBOVE:2017:1505.txt,Het verzoekschrift van [verzoeker] is ingediend ter griffie op [datum] Gelet op het bepaalde in artikel 7:686a lid 4 BW is het verzoek daarmee tijdig ingediend. 4.2 [verzoeker] heeft ten aanzien van het ontslag op staande voet gesteld dat het ontslag hem niet onverwijld is gegeven.,None,De beoordeling,1,Beoordeling,0,0.28477564,0.008457259,0.0011536949,0.5404262,0.16518721,3,materiele feiten
ECLI:NL:RBOVE:2017:1505.txt,"Dienaangaande overweegt de kantonrechter dat de werkzaamheden van [verzoeker] die aanleiding hebben gegeven tot de opmerkingen over de door [verzoeker] ingevulde en afgegeven certificaten, plaatsvonden op [datum] in de middag.",beoordeling,De beoordeling,1,Beoordeling,1,0.14030276,0.82145995,0.0008821332,0.026898691,0.0104563935,1,beoordeling
ECLI:NL:RBOVE:2017:1505.txt,Na deze werkzaamheden ging [verzoeker] naar huis.,materiele feiten,De beoordeling,1,Beoordeling,1,0.008381508,0.0083362805,0.00095771503,0.93200946,0.05031507,3,materiele feiten
ECLI:NL:RBOVE:2017:1505.txt,Op kantoor bij Hamabest is (de dag) daarna gebleken dat de ingevulde inspectietijden niet voldeden aan de geldende normen.,materiele feiten,De beoordeling,1,Beoordeling,1,0.046076737,0.017587023,0.0011231378,0.9216782,0.013534923,3,materiele feiten
ECLI:NL:RBOVE:2017:1505.txt,Daarom heeft de directeur van Hamabest [verzoeker] daarop aangesproken in een e-mailbericht van [datum] waarin hij [verzoeker] om tekst en uitleg vraagt daarover.,materiele feiten,De beoordeling,1,Beoordeling,1,0.11619964,0.025083425,0.0014223068,0.10033709,0.75695753,4,proceshandelingen
ECLI:NL:RBOVE:2017:1505.txt,Het antwoord van [verzoeker] op dat mailbericht volgt op [datum] Vervolgens heeft directeur [A] [verzoeker] op [datum] gevraagd om aan het eind van de dag naar zijn kantoor te komen voor een gesprek.,materiele feiten,De beoordeling,1,Beoordeling,1,0.08968882,0.0053923912,0.0009130363,0.8761117,0.027894117,3,materiele feiten
ECLI:NL:RBOVE:2017:1505.txt,Dit gesprek heeft plaatsgevonden en daarbij is het ontslag op staande voet aangezegd en is de brief daaromtrent aan [verzoeker] overhandig,materiele feiten,De beoordeling,1,Beoordeling,1,0.07841117,0.02614704,0.00086050946,0.7867037,0.10787766,3,materiele feiten
ECLI:NL:RBOVE:2017:1505.txt,Naar het oordeel van de kantonrechter heeft Hamabest aldus voldoende voortvarend gehandeld nadat de van de norm afwijkende certificaten haar bekend zijn geworden.,beoordeling,De beoordeling,1,Beoordeling,1,0.5004569,0.4805304,0.0017019331,0.010834161,0.006476533,0,None
ECLI:NL:RBOVE:2017:1505.txt,Als zorgvuldige tussenstap kan worden aangemerkt dat zij een toelichting van [verzoeker] heeft gevraagd over hetgeen geconstateerd was en hem aldus de gelegenheid heeft geboden zich te verantwoorden.,beoordeling,De beoordeling,1,Beoordeling,1,0.03375963,0.90296006,0.0012870535,0.009890139,0.052103084,1,beoordeling
ECLI:NL:RBOVE:2017:1505.txt,Het ontslag dat vervolgens op [datum] aan [verzoeker] is meegedeeld is derhalve onverwijld gegeven en is bovendien onverwijld aan [verzoeker] meegedeeld door middel van de brief die bij dat gesprek aan hem is overhandigd. 4.3 Voorts dient beoordeeld te worden of er ten aanzien van het gegeven ontslag sprake is van een dringende reden in de zin van artikel 7:677 lid 1 BW die dit ontslag kan rechtvaardigen.,beoordeling,De beoordeling,1,Beoordeling,1,0.90211976,0.0785959,0.0011658743,0.011292074,0.006826378,0,None
ECLI:NL:RBOVE:2017:1505.txt,"Bij die beoordeling moeten alle omstandigheden van het geval, in onderling verband en samenhang, in aanmerking worden genomen.",None,De beoordeling,1,Beoordeling,0,0.46438056,0.5077641,0.0024212438,0.01490775,0.010526393,1,beoordeling
ECLI:NL:RBOVE:2017:1505.txt,"Daarbij behoren in de eerste plaats in de beschouwing te worden betrokken de aard en de ernst van hetgeen de werkgever als dringende reden aanmerkt, en verder onder meer de aard van de arbeidsovereenkomst, de duur daarvan en de wijze waarop de werknemer zijn verplichtingen uit de overeenkomst heeft vervuld, alsmede de persoonlijke omstandigheden van de werknemer, zoals zijn leeftijd en de gevolgen die een ontslag op staande voet voor hem zou hebben (Hoge Raad [datum] NJ 1999, 643 Schrijvers/Van Essen). 4.4 Uit de ontslagbrief volgt dat met name de wijze waarop [verzoeker] op [datum] zijn werkzaamheden heeft uitgevoerd en daarnaast de omstandigheid dat Hamabest op [datum] aan [verzoeker] een aangetekende brief heeft gezonden met daarin een officiële waarschuwing aan zijn adres, de dringende reden hebben opgeleverd voor het gegeven ontslag.",None,De beoordeling,1,Beoordeling,0,0.9736959,0.015219004,0.001083744,0.004714459,0.0052868635,0,None
ECLI:NL:RBOVE:2017:1505.txt,Uit het verzoekschrift van [verzoeker] blijkt dat die reden voor [verzoeker] duidelijk is geweest.,beoordeling,De beoordeling,1,Beoordeling,1,0.04601249,0.10202456,0.0013796423,0.09185658,0.75872666,4,proceshandelingen
ECLI:NL:RBOVE:2017:1505.txt,Volgens [verzoeker] is een ontslag op staande voet in de gegeven omstandigheden echter een te zwaar middel geweest dat door Hamabest is ingezet.,beoordeling,De beoordeling,1,Beoordeling,1,0.015681624,0.009527145,0.0009990216,0.052224644,0.9215675,4,proceshandelingen
ECLI:NL:RBOVE:2017:1505.txt,"[verzoeker] stelt dat Hamabest had kunnen volstaan met het geven van een schriftelijke waarschuwing, zeker nu hij de schriftelijke waarschuwing van [datum] niet heeft ontvangen.",beoordeling,De beoordeling,1,Beoordeling,1,0.008127367,0.010868129,0.0018865993,0.011714664,0.96740323,4,proceshandelingen
ECLI:NL:RBOVE:2017:1505.txt,"Gelet op de beoordelingscriteria uit voornoemd arrest overweegt de kantonrechter het volgende. 4.5 De aard van de werkzaamheden bij Hamabest, namelijk het uitvoeren van asbestcontroles, brengt mee dat het werk onderhevig is aan strenge voorschriften in verband met veiligheid en gezondheid, waaronder de zogenaamde NEN-normen.",None,De beoordeling,1,Beoordeling,0,0.984608,0.008131716,0.0015523396,0.0034053647,0.0023025244,0,None
ECLI:NL:RBOVE:2017:1505.txt,Reeds in de arbeidsovereenkomst is onder artikel 14 opgenomen dat de werknemer zich aan de geldende wet- en regelgeving dient te houden.,materiele feiten,De beoordeling,1,Beoordeling,1,0.9510023,0.012333556,0.0016291474,0.014647975,0.020386966,0,None
ECLI:NL:RBOVE:2017:1505.txt,Hamabest heeft in verband daarmee aangevoerd dat op het werken volgens de normen wordt toegezien door de Raad voor Accreditatie (RvA) en dat de RvA sinds [datum] onaangekondigde controles verricht.,proceshandelingen,De beoordeling,1,Beoordeling,1,0.024336038,0.012864097,0.001636268,0.023043139,0.93812054,4,proceshandelingen
ECLI:NL:RBOVE:2017:1505.txt,"Wanneer de RvA afwijkingen constateert worden die ondergebracht in twee categorieën te weten A en [naam] een afwijking uit categorie A binnen een jaar nogmaals wordt geconstateerd, dan verliest het bedrijf haar accreditatie.",None,De beoordeling,1,Beoordeling,0,0.6973614,0.07406971,0.0037091603,0.118314244,0.10654543,0,None
ECLI:NL:RBOVE:2017:1505.txt,"Het personeel van Hamabest is met deze gang van zaken bekend en is bekend met het belang van behoud van de accreditatie voor het voortbestaan van het bedrijf, hetgeen door [verzoeker] niet is weersproken. 4.6 Dat Hamabest haar laboranten heeft aangesproken op het belang van het werken volgens de geldende normen blijkt in het bijzonder uit de door haar overgelegde e-mailberichten van [datum] [datum] en [datum] Op [datum] is bij Hamabest een zogenaamde categorie A afwijking geconstateer",materiele feiten,De beoordeling,1,Beoordeling,1,0.65793353,0.11538269,0.00094276626,0.16010268,0.06563833,0,None
ECLI:NL:RBOVE:2017:1505.txt,Om de ernst van het werken volgens de normen en regels nogmaals te benadrukken is er een extra werkoverleg belegd op [datum] en op [datum] [verzoeker] heeft niet betwist dat hij genoemde e-mailberichten heeft ontvangen en dat hij aanwezig is geweest bij de extra werkoverleggen.,None,De beoordeling,1,Beoordeling,0,0.04244994,0.06158162,0.0008624751,0.22236817,0.6727378,4,proceshandelingen
ECLI:NL:RBOVE:2017:1505.txt,De kantonrechter stelt daarom vast dat [verzoeker] een gewaarschuwd man was voor wat betreft het werken volgens de regels.,beoordeling,De beoordeling,1,Beoordeling,1,0.054445904,0.9264315,0.00087627856,0.0125001585,0.005746139,1,beoordeling
ECLI:NL:RBOVE:2017:1505.txt,"Daarom valt niet in te zien waarom Hamabest hem in deze omstandigheden ook nog eens persoonlijk schriftelijk had moeten waarschuwen, zoals [verzoeker] stelt.",beoordeling,De beoordeling,1,Beoordeling,1,0.022911998,0.95922416,0.0012414395,0.004416196,0.012206197,1,beoordeling
ECLI:NL:RBOVE:2017:1505.txt,Van [verzoeker] in zijn functie als laborant mag bovendien verwacht worden dat hij zich realiseerde dat het voortbestaan van het bedrijf afhankelijk was van het juist uitvoeren van zijn werkzaamheden.,beoordeling,De beoordeling,1,Beoordeling,1,0.015183351,0.9563717,0.0010409943,0.015474571,0.011929301,1,beoordeling
ECLI:NL:RBOVE:2017:1505.txt,"[verzoeker] heeft in deze procedure ook niet gesteld dat dat anders was. 4.7 Juist in de week die volgde op de week met de extra ingelaste werkoverleggen heeft [verzoeker] op [datum] de certificaten van zijn controlewerkzaamheden zo ingevuld dat daaruit volgt dat de meting in woning 2 is gestart terwijl hij op dat moment nog bezig was met de visuele inspectie in woning 1, hetgeen in strijd is met de voorgeschreven normen.",None,De beoordeling,1,Beoordeling,0,0.38604048,0.32130075,0.0010052322,0.0511442,0.24050938,0,None
ECLI:NL:RBOVE:2017:1505.txt,Voorts heeft Hamabest hem voorgehouden dat hij op basis van de ‘track and trace’ gegevens van de bedrijfsauto maar 2 uur en 18 minuten op locatie is geweest.,materiele feiten,De beoordeling,1,Beoordeling,1,0.054197993,0.1334029,0.0017398163,0.215959,0.5947003,4,proceshandelingen
ECLI:NL:RBOVE:2017:1505.txt,"Die laatste constatering is weliswaar nadien aangepast aangezien bleek dat de motor van de bus ongeveer een half uur heeft gedraaid terwijl [verzoeker] nog op locatie aan het werk was, maar zelfs met dat half uur erbij is de tijd om de werkzaamheden volgens de normen af te ronden krap geweest.",materiele feiten,De beoordeling,1,Beoordeling,1,0.12813562,0.69958884,0.0009191945,0.11891039,0.052445948,1,beoordeling
ECLI:NL:RBOVE:2017:1505.txt,Bovendien doet dat niet af aan de ernst van het feit dat er overlappende tijden op de certificaten zijn ingevu,materiele feiten,De beoordeling,1,Beoordeling,1,0.073502906,0.90396225,0.0018273985,0.008240118,0.012467281,1,beoordeling
ECLI:NL:RBOVE:2017:1505.txt,"Daar komt bij dat, wanneer de directeur per e-mail aan [verzoeker] om een toelichting vraagt, [verzoeker] daarover kortweg schrijft dat hij de klus heeft afgeraffe",materiele feiten,De beoordeling,1,Beoordeling,1,0.25652373,0.52661157,0.0018236873,0.074760675,0.14028035,1,beoordeling
ECLI:NL:RBOVE:2017:1505.txt,"Naar het oordeel van de kantonrechter had, gezien de nadrukkelijke waarschuwingen in de week daarvoor, van [verzoeker] een andere werkhouding verwacht mogen worden.",beoordeling,De beoordeling,1,Beoordeling,1,0.3335732,0.64489853,0.001258278,0.012468378,0.0078016464,1,beoordeling
ECLI:NL:RBOVE:2017:1505.txt,"Immers, wanneer bedoelde certificaten van [datum] in een controle door de RvA aan het licht waren gekomen, was er sprake geweest van een A afwijking, hetgeen Hamabest juist wil voorkomen.",beoordeling,De beoordeling,1,Beoordeling,1,0.04057172,0.9381044,0.001365377,0.007884836,0.012073641,1,beoordeling
ECLI:NL:RBOVE:2017:1505.txt,"De omstandigheid dat de certificaten van [datum] door [verzoeker] op een verkeerde manier zijn ingevuld, waarmee de bedrijfsvoering van Hamabest in gevaar is gebracht, terwijl Hamabest er uitdrukkelijk op hamerde om nauwkeurig te werken en waarschuwde voor de gevolgen van het niet nakomen daarvan, maakt dat er sprake is van een ernstig feit dat een dringende reden oplevert. 4.8 Bij de ernst van dit feit weegt verder mee dat [verzoeker] in de brief van [datum] al met een andere waarschuwing wegens veelvuldig te laat komen was geconfronteer",beoordeling,De beoordeling,1,Beoordeling,1,0.38151097,0.5203437,0.0012082953,0.02484946,0.072087556,1,beoordeling
ECLI:NL:RBOVE:2017:1505.txt,In die brief stelt Hamabest dat er binnen de organisatie diverse regels gelden en dat een daarvan is het op tijd verschijnen op afspraken.,None,De beoordeling,1,Beoordeling,0,0.1386519,0.0096509075,0.005694766,0.06490336,0.7810991,4,proceshandelingen
ECLI:NL:RBOVE:2017:1505.txt,"Het te laat komen wordt dus door Hamabest in die brief betiteld als het niet naleven van de regels, hetgeen naar het oordeel van de kantonrechter niet onbegrijpelijk is.",beoordeling,De beoordeling,1,Beoordeling,1,0.06483973,0.9189403,0.00090814714,0.006948654,0.008363185,1,beoordeling
ECLI:NL:RBOVE:2017:1505.txt,[verzoeker] is derhalve [datum] al uitdrukkelijk door Hamabest erop gewezen dat zij van hem verwacht dat hij zich houdt aan de geldende regels.,beoordeling,De beoordeling,1,Beoordeling,1,0.21969092,0.6803513,0.0018229774,0.016170735,0.08196405,1,beoordeling
ECLI:NL:RBOVE:2017:1505.txt,"De stelling van [verzoeker] dat hij eerst nogmaals gewaarschuwd had moeten worden, is gelet op alle waarschuwingen die er [datum] en in de [datum] zijn geweest, onbegrijpelijk.",beoordeling,De beoordeling,1,Beoordeling,1,0.018709376,0.89131296,0.0012620749,0.014316693,0.074398845,1,beoordeling
ECLI:NL:RBOVE:2017:1505.txt,[verzoeker] stelt dat de waarschuwing van [datum] hem niet kan worden tegengeworpen aangezien hij de brief van [datum] niet heeft ontvangen.,beoordeling,De beoordeling,1,Beoordeling,1,0.008903744,0.01004463,0.001649498,0.013790645,0.9656115,4,proceshandelingen
ECLI:NL:RBOVE:2017:1505.txt,Dit niet ontvangen moet echter voor rekening en risico van [verzoeker] zelf komen.,beoordeling,De beoordeling,1,Beoordeling,1,0.10382355,0.23476316,0.0016256857,0.16517347,0.49461418,4,proceshandelingen
ECLI:NL:RBOVE:2017:1505.txt,De brief is immers door Hamabest aangetekend verstuurd en is door [verzoeker] niet afgehaa,beoordeling,De beoordeling,1,Beoordeling,1,0.067719586,0.78184766,0.0034184775,0.009508944,0.13750531,1,beoordeling
ECLI:NL:RBOVE:2017:1505.txt,"Weliswaar stelt [verzoeker] dat hij geen afhaalbericht van de post heeft ontvangen, waaruit bleek dat er een aangetekend schrijven voor hem lag, maar [verzoeker] heeft ter zitting erkend dat hij van het bestaan van de brief wel op de hoogte was, aangezien zijn leidinggevende daarover op of omstreeks [datum] een opmerking heeft gemaakt. 4.9 Voor zover [verzoeker] betoogt dat er geen grond bestond voor de waarschuwing van [datum] aangezien er voor het te laat komen [datum] [datum] 2016 een medische oorzaak bestond, is de kantonrechter van oordeel dat ook die stelling van [verzoeker] niet houdbaar is.",beoordeling,De beoordeling,1,Beoordeling,1,0.912631,0.053734746,0.00087545364,0.007197362,0.025561485,0,None
ECLI:NL:RBOVE:2017:1505.txt,"De kantonrechter stelt namelijk vast dat [verzoeker] niet nader heeft toegelicht waar, wanneer en bij wie hij binnen Hamabest kenbaar heeft gemaakt dat hij serieuze klachten ondervond van het stoppen met roken in samenhang met zijn ADD.",beoordeling,De beoordeling,1,Beoordeling,1,0.04357689,0.9434651,0.000996263,0.006945356,0.0050163236,1,beoordeling
ECLI:NL:RBOVE:2017:1505.txt,Een dergelijke toelichting van [verzoeker] was wel op zijn plaats geweest.,beoordeling,De beoordeling,1,Beoordeling,1,0.09844451,0.7923882,0.0010641643,0.017344814,0.090758294,1,beoordeling
ECLI:NL:RBOVE:2017:1505.txt,Allereerst omdat Hamabest aanvoert dat zij van gezondheidsklachten van [verzoeker] niet op de hoogt was en bovendien omdat Hamabest onweersproken heeft aangevoerd dat dat er in de [datum] sprake was van 7 dagen en in de [datum] van 4 dagen waarop [verzoeker] te laat kwam variërend van 20 minuten tot een uur.,beoordeling,De beoordeling,1,Beoordeling,1,0.029740589,0.38782397,0.0044160467,0.012432452,0.565587,4,proceshandelingen
ECLI:NL:RBOVE:2017:1505.txt,"Er was derhalve sprake van ernstig en veelvuldig te laat komen. 4.10 De kantonrechter komt derhalve tot de conclusie dat de in de ontslagbrief genoemde werkzaamheden van [verzoeker] op [datum] en de door hem afgeleverde certificaten daarvan die de bedrijfsvoering van Hamabest in gevaar hebben gebracht, in het licht van de diverse waarschuwingen die daaraan voorafgaand hebben plaatsgehad een dringende reden opleveren die het gegeven ontslag op staande voet rechtvaardigen. 4.11 Nu het ontslag op staande voet gerechtvaardigd is gegeven, is er geen sprake van onregelmatige opzegging als bedoeld in artikel 7:672 BW zodat er geen grond bestaat voor toekenning van de gefixeerde schadevergoeding die [verzoeker] heeft verzocht.",None,De beoordeling,1,Beoordeling,0,0.734093,0.24371724,0.0015430695,0.010665956,0.009980693,0,None
ECLI:NL:RBOVE:2017:1505.txt,"Dit deel van zijn verzoek wordt daarom afgewezen. 4.12 Aangezien het gegeven ontslag in stand blijft en niet is gebleken dat er in verband met het ontslag sprake is van verwijtbaar handelen aan de zijde van Hamabest, bestaat er geen grond voor toekenning van een billijke vergoeding aan [verzoeker].",None,De beoordeling,1,Beoordeling,0,0.9849111,0.0060037547,0.001055352,0.0041186735,0.0039111143,0,None
ECLI:NL:RBOVE:2017:1505.txt,Dit onderdeel van het verzoek van [verzoeker] wordt daarom eveneens afgewezen. 4.13 Het handelen van [verzoeker] dat heeft geleid tot het ontslag op staande voet is aan te merken als ernstig verwijtbaar handelen aangezien [verzoeker] daarmee de bedrijfsvoering van Hamabest in gevaar heeft gebracht.,beoordeling,De beoordeling,1,Beoordeling,1,0.30632424,0.6506497,0.0012733534,0.011690901,0.030061739,1,beoordeling
ECLI:NL:RBOVE:2017:1505.txt,"Er bestaat daarom geen grond voor toekenning van de transitievergoeding, zodat het verzoek daartoe van [verzoeker] moet worden afgewezen. 4.14 Uit het voorgaande volgt dat de verzoeken van [verzoeker] worden afgewezen, zodat hij als in het ongelijk gestelde partij dient te worden veroordeeld in de kosten van de procedure.",None,De beoordeling,1,Beoordeling,0,0.92039675,0.044743355,0.0007620543,0.010399903,0.023698019,0,None
ECLI:NL:RBOVE:2017:1505.txt,Deze kosten worden tot aan deze uitspraak aan de zijde van Hamabest begroot op [geld]= voor salaris gemachtigde.,None,De beoordeling,1,Beoordeling,0,0.9704495,0.010670944,0.0017214345,0.008834354,0.008323742,0,None
ECLI:NL:RBOVE:2017:1505.txt,"Het voorwaardelijk tegenverzoek 4.15 Hamabest heeft voorwaardelijk – voor zover het verzoek van [verzoeker] tot vernietiging van het ontslag op staande voet zou worden toegewezen – verzocht om ontbinding van de arbeidsovereenkomst op grond van ernstig verwijtbaar handelen, zonder toekenning van een vergoeding. 4.16 Nu de voorwaarde voor het verzoek niet is vervuld, komt de kantonrechter aan verdere beoordeling van en beslissing op het verzoek van Hamabest niet toe.",None,De beoordeling,1,Beoordeling,0,0.46482688,0.45166534,0.003781981,0.008698165,0.07102767,0,None
ECLI:NL:RBOVE:2017:1505.txt,"De kantonrechter: 5.1 wijst de verzoeken van [verzoeker] af; 5.2 veroordeelt [verzoeker] in de kosten van de procedure aan de zijde van Hamabest begroot op [geld]= ter zake van salaris gemachtigde. 5.3 verklaart deze uitspraak voor wat betreft de kostenveroordeling uitvoerbaar bij voorraad; 5.4 verstaat dat de voorwaarde waaronder het voorwaardelijk tegenverzoek is ingediend, niet is vervu",beslissing,De beslissing,1,Beslissing,1,0.43278828,0.012088539,0.52320224,0.0021014835,0.02981941,2,beslissing
ECLI:NL:RBOVE:2017:1505.txt,"Deze beschikking is gegeven door [naam], kantonrechter, en in het openbaar uitgesproken op [datum] (ap)",None,De beslissing,1,Beslissing,0,0.98646134,0.0029480082,0.0020039256,0.005479115,0.0031076295,0,None
ECLI:NL:HR:2019:677.txt,Het beroep is ingesteld door de verdachte.,None,Geding in cassatie,1,Proceshandelingen partijen,0,0.98017794,0.008527225,0.0027070446,0.004225286,0.004362509,0,None
ECLI:NL:HR:2019:677.txt,"Namens deze heeft [naam], advocaat te Almere, bij schriftuur een middel van cassatie voorgeste",None,Geding in cassatie,1,Proceshandelingen partijen,0,0.9862621,0.0020220345,0.0021807349,0.0056017684,0.0039333347,0,None
ECLI:NL:HR:2019:677.txt,De schriftuur is aan dit arrest gehecht en maakt daarvan deel uit.,None,Geding in cassatie,1,Proceshandelingen partijen,0,0.963201,0.020518268,0.0023048294,0.0071936236,0.0067823213,0,None
ECLI:NL:HR:2019:677.txt,De Advocaat-Generaal [naam] heeft geconcludeerd tot verwerping van het beroep.,None,Geding in cassatie,1,Proceshandelingen partijen,0,0.9652855,0.002378802,0.0044161673,0.004044021,0.023875562,0,None
ECLI:NL:HR:2019:677.txt,De raadsman heeft daarop schriftelijk gereageer,None,Geding in cassatie,1,Proceshandelingen partijen,0,0.06601952,0.015021609,0.005124516,0.0058718896,0.90796244,4,proceshandelingen
ECLI:NL:HR:2019:677.txt,Het middel klaagt over het oordeel van het Hof dat de verdachte niet-ontvankelijk is in zijn hoger beroep voor zover dit is gericht tegen de beslissing van de rechter in eerste aanleg op de vordering tot tenuitvoerlegging.,proceshandelingen,Beoordeling van het middel,1,Beoordeling,1,0.052009933,0.93207866,0.0030356857,0.0029856453,0.009890121,1,beoordeling
ECLI:NL:HR:2019:677.txt,"Het in eerste aanleg gewezen vonnis van de Politierechter in de Rechtbank Midden-Nederland van [datum] is blijkens de aanhef van het proces-verbaal waarin dit vonnis is aangetekend, gewezen ten aanzien van de - ter terechtzitting gevoegde - zaken met de parketnummers 16-137683-16, 16-659564-14 (tul), 16-036386-17 en 16-239961-",None,Beoordeling van het middel,1,Beoordeling,0,0.9721752,0.014592144,0.0010989268,0.0064274566,0.0057062972,0,None
ECLI:NL:HR:2019:677.txt,De bestreden uitspraak houdt als vaststelling van het Hof in dat de Politierechter de tenuitvoerlegging heeft gelast van een eerder in de zaak met parketnummer 16-659564-14 opgelegde straf.,None,Beoordeling van het middel,1,Beoordeling,0,0.2555225,0.7011391,0.009205152,0.0039652153,0.030168036,1,beoordeling
ECLI:NL:HR:2019:677.txt,In cassatie moet van die vaststelling worden uitgegaan.,None,Beoordeling van het middel,1,Beoordeling,0,0.75431436,0.22449486,0.0037997083,0.0066015525,0.01078948,0,None
ECLI:NL:HR:2019:677.txt,"Het proces-verbaal van het onderzoek ter terechtzitting van de Rechtbank van [datum] houdt als standpunt van de Officier van Justitie onder meer in: ""De vordering tenuitvoerlegging is aangebracht onder alle feiten nu het één zaak is geworden.",None,Beoordeling van het middel,1,Beoordeling,0,0.9815653,0.0025735311,0.0019175237,0.007375112,0.006568618,0,None
ECLI:NL:HR:2019:677.txt,"""",None,Beoordeling van het middel,1,Beoordeling,0,0.9172129,0.049972236,0.0047897156,0.019953482,0.0080716275,0,None
ECLI:NL:HR:2019:677.txt,"Het Hof heeft de verdachte niet-ontvankelijk verklaard in zijn hoger beroep voor zover dit beroep is gericht tegen de beslissing van de Politierechter op de vordering tot tenuitvoerlegging voormeld, en heeft daartoe onder meer het volgende overwogen: ""Blijkens de appelakte",None,Beoordeling van het middel,1,Beoordeling,0,0.9857143,0.005541905,0.004938574,0.0013268631,0.0024784433,0,None
ECLI:NL:HR:2019:677.txt,"[datum] is het hoger beroep beperkt ingesteld en richt het zich enkel tegen het in de zaak met parketnummer 16-036386-17 onder 1 ten laste gelegde, alsmede tegen de beslissing van dat vonnis deel uitmakende beslissing op de vordering tot tenuitvoerlegging met parketnummer 16-659564-",None,Beoordeling van het middel,1,Beoordeling,0,0.8563891,0.06053918,0.003226669,0.007894649,0.07195046,0,None
ECLI:NL:HR:2019:677.txt,Uit de in het procesdossier aanwezige stukken omtrent de vordering tot tenuitvoerlegging blijkt dat de vordering gekoppeld is aan het onder parketnummer 16-137683-16 ten laste gelegde feit.,None,Beoordeling van het middel,1,Beoordeling,0,0.13677272,0.6947553,0.0011768362,0.10237427,0.06492088,1,beoordeling
ECLI:NL:HR:2019:677.txt,Het hoger beroep is echter beperkt tot het in de zaak met parketnummer 16-036386-17 onder 1 ten laste gelegde.,None,Beoordeling van het middel,1,Beoordeling,0,0.1201393,0.84575814,0.0013136519,0.01327111,0.019517804,1,beoordeling
ECLI:NL:HR:2019:677.txt,Uit het procesdossier en het verhandelde ter zitting in hoger beroep is verder niet gebleken dat het openbaar ministerie de vordering in hoger beroep heeft gewijzig,None,Beoordeling van het middel,1,Beoordeling,0,0.06900639,0.9148626,0.0010541406,0.007460683,0.007616209,1,beoordeling
ECLI:NL:HR:2019:677.txt,"De advocaat-generaal heeft ter terechtzitting in hoger beroep aangevoerd dat de vordering tot tenuitvoerlegging niet meer aanhangig is, nu er geen hoger beroep is ingesteld tegen de daaraan gekoppelde hoofdzaak.",None,Beoordeling van het middel,1,Beoordeling,0,0.10404734,0.0063354005,0.0034774095,0.010584918,0.87555486,4,proceshandelingen
ECLI:NL:HR:2019:677.txt,De raadsman heeft ter terechtzitting in hoger beroep aangevoerd dat de officier van justitie ter zitting in eerste aanleg bepaald heeft dat de vordering tot tenuitvoerlegging betrekking heeft op alle in eerste aanleg behandelde feiten.,None,Beoordeling van het middel,1,Beoordeling,0,0.03905784,0.0065520504,0.0061134086,0.00478678,0.94348985,4,proceshandelingen
ECLI:NL:HR:2019:677.txt,De raadsman heeft verklaard dat hij het hoger beroep wil doorzetten met de in de appelakte genoemde beperkingen.,None,Beoordeling van het middel,1,Beoordeling,0,0.012275146,0.012383888,0.0024245628,0.007879458,0.96503687,4,proceshandelingen
ECLI:NL:HR:2019:677.txt,"(...) Het hof is van oordeel dat uit het procesdossier, mede gelet op het proces-verbaal van de zitting in eerste aanleg, is gebleken dat de vordering tot tenuitvoerlegging met parketnummer 16-659564-14 gekoppeld is aan het onder parketnummer 16-137683-16 ten laste gelegde feit.",None,Beoordeling van het middel,1,Beoordeling,0,0.97047293,0.021693824,0.0019007778,0.003112859,0.0028196392,0,None
ECLI:NL:HR:2019:677.txt,Dit feit is in hoger beroep echter niet aan het oordeel van het hof onderworpen.,None,Beoordeling van het middel,1,Beoordeling,0,0.16197355,0.8228744,0.0014364144,0.0071518165,0.006563743,1,beoordeling
ECLI:NL:HR:2019:677.txt,Het hof mag daarom ook niet oordelen over de daarop gegronde vordering tot tenuitvoerlegging.,None,Beoordeling van het middel,1,Beoordeling,0,0.07910822,0.90939415,0.0019179084,0.0066973413,0.0028824045,1,beoordeling
ECLI:NL:HR:2019:677.txt,In het licht van het bepaalde in artikel 407 van het Wetboek van Strafvordering heeft de verdachte aldus een ontoelaatbare beperking aangebracht in het door hem ingestelde hoger beroep.,None,Beoordeling van het middel,1,Beoordeling,0,0.04925757,0.9091499,0.0013998569,0.0082012825,0.03199138,1,beoordeling
ECLI:NL:HR:2019:677.txt,"""",None,Beoordeling van het middel,1,Beoordeling,0,0.91721237,0.04997245,0.004789727,0.019953648,0.008071661,0,None
ECLI:NL:HR:2019:677.txt,"De volgende wettelijke bepalingen zijn van belang: - art. 14g, eerste lid aanhef en onder 1°, Sr: ""Indien enige gestelde voorwaarde niet wordt nageleefd kan de rechter na ontvangst van een vordering van het openbaar ministerie (...), 1°. gelasten dat de niet ten uitvoer gelegde straf alsnog zal worden tenuitvoergeleg",None,Beoordeling van het middel,1,Beoordeling,0,0.9849641,0.0032091967,0.0061552236,0.0017410453,0.0039304458,0,None
ECLI:NL:HR:2019:677.txt,""" - art. 14i, zesde lid, Sr: ""Gedurende het onderzoek kan het openbaar ministerie zijn ingediende vordering of conclusie en de veroordeelde zijn verzoek wijzigen.",None,Beoordeling van het middel,1,Beoordeling,0,0.984646,0.003215095,0.0068035037,0.0017341978,0.0036011543,0,None
ECLI:NL:HR:2019:677.txt,"""",None,Beoordeling van het middel,1,Beoordeling,0,0.91721237,0.04997245,0.004789727,0.019953648,0.008071661,0,None
ECLI:NL:HR:2019:677.txt,"Noch art. 14i, zesde lid, Sr noch enige andere rechtsregel staat eraan in de weg dat de in art. 14i, zesde lid, Sr bedoelde wijziging tijdens het onderzoek ter terechtzitting in mondelinge vorm wordt gedaan (vgl. HR [datum] ECLI:NL:HR:2001:AB",None,Beoordeling van het middel,1,Beoordeling,0,0.0461453,0.9423994,0.0016603542,0.005350175,0.004444703,1,beoordeling
ECLI:NL:HR:2019:677.txt,"In aanmerking genomen dat de Officier van Justitie ter terechtzitting in eerste aanleg, zoals hiervoor onder 2.2.3 is weergegeven, als zijn standpunt naar voren heeft gebracht dat, 'nu het één zaak is geworden', de vordering tot tenuitvoerlegging met parketnummer 16-659564-14 is aangebracht onder alle feiten, is het oordeel van het Hof dat die vordering uitsluitend betrekking heeft op het tenlastegelegde onder parketnummer 16-137683-16 niet begrijpelijk.",beoordeling,Beoordeling van het middel,1,Beoordeling,1,0.07800825,0.91016334,0.0013912608,0.00687977,0.0035573796,1,beoordeling
ECLI:NL:HR:2019:677.txt,Zijn hierop gebaseerde oordeel dat de verdachte niet-ontvankelijk is in zijn beroep voor zover dat is gericht tegen voormelde beslissing op de vordering tot tenuitvoerlegging is derhalve evenmin begrijpelijk.,beoordeling,Beoordeling van het middel,1,Beoordeling,1,0.03904985,0.947629,0.001148134,0.008667963,0.003505057,1,beoordeling
ECLI:NL:HR:2019:677.txt,"De omstandigheid dat de Advocaat-Generaal ter terechtzitting in hoger beroep een van de Officier van Justitie afwijkend standpunt heeft ingenomen ten aanzien van de zaken waarop de vordering tot tenuitvoerlegging zijns inziens (in hoger beroep) betrekking heeft, maakt dit - nu het om de reikwijdte van het ingestelde hoger beroep gaat - niet anders.",beoordeling,Beoordeling van het middel,1,Beoordeling,1,0.08321691,0.90312374,0.0015010906,0.006279476,0.005878753,1,beoordeling
ECLI:NL:HR:2019:677.txt,Het middel slaagt.,None,Beoordeling van het middel,1,Beoordeling,0,0.02183327,0.9577927,0.013057346,0.0032434182,0.004073199,1,beoordeling
ECLI:NL:HR:2019:677.txt,"De Hoge Raad: vernietigt de bestreden uitspraak maar uitsluitend voor zover daarin de verdachte niet-ontvankelijk is verklaard in het hoger beroep met betrekking tot de vordering tot tenuitvoerlegging; wijst de zaak terug naar het Gerechtshof Arnhem-Leeuwarden, zittingsplaats Leeuwarden, opdat de zaak in zoverre op het hoger beroep opnieuw wordt berecht en afgedaan; verwerpt het beroep voor het overige.",beslissing,Beslissing,1,Beslissing,1,0.02365914,0.0060120025,0.9558785,0.0015891718,0.012861303,2,beslissing
ECLI:NL:HR:2019:677.txt,"Dit arrest is gewezen door de vice-president [naam] als voorzitter, en de raadsheren E.",None,Beslissing,1,Beslissing,0,0.9875115,0.0037875385,0.0021453744,0.0026334003,0.0039222226,0,None
ECLI:NL:RBDHA:2018:3316.txt,Het onderzoek is gehouden op de terechtzittingen van [datum] [datum] [datum] (niet inhoudelijke behandelingen) en [datum] (inhoudelijke behandeling).,None,Het onderzoek ter terechtzitting,1,Context,0,0.13539055,0.014484724,0.0011775318,0.83449876,0.014448481,3,materiele feiten
ECLI:NL:RBDHA:2018:3316.txt,"De rechtbank heeft kennis genomen van de vordering van de officier van justitie [naam] Kallen en van hetgeen door verdachte en zijn raadsman [naam], advocaat te Amsterdam, naar voren is gebracht.",None,Het onderzoek ter terechtzitting,1,Context,0,0.9868292,0.0037186379,0.0015779316,0.005124572,0.0027497015,0,None
ECLI:NL:RBDHA:2018:3316.txt,"Ook heeft de rechtbank kennis genomen van de vordering van de benadeelde partij [slachtoffer] en van hetgeen namens haar naar voren is gebracht door [naam], advocaat te Zoetermeer.",None,Het onderzoek ter terechtzitting,1,Context,0,0.9858167,0.0041295197,0.0014825969,0.0058273613,0.0027437776,0,None
ECLI:NL:RBDHA:2018:3316.txt,"Aan de verdachte is – na aanpassing van de omschrijving van de tenlastelegging op de zitting van [datum] – kort gezegd ten laste gelegd dat: hij zich in de periode van [datum] tot en met [datum] te Den Haag en/of Leidschendam (gemeente Leidschendam Voorburg) en/of elders in Nederland schuldig heeft gemaakt aan het plegen van mensenhandel van [slachtoffer], waarbij de verdachte in het bijzonder wordt verweten dat hij zich schuldig heeft gemaakt aan de gedragingen zoals genoemd in artikel 273f Wetboek van Strafrecht (hierna: Sr) onder lid 1 sub 2, 5 en 8 (feit",None,De tenlastelegging,1,Proceshandelingen partijen,0,0.98334324,0.003970459,0.0015605439,0.0055104084,0.005615392,0,None
ECLI:NL:RBDHA:2018:3316.txt,"Daarnaast wordt verdachte verweten dat hij zich in diezelfde periode schuldig heeft gemaakt aan het plegen van ontuchtige handelingen, buiten echt, mede bestaande uit het seksueel binnendringen van het lichaam, met die [slachtoffer], die in genoemde periode de leeftijd van twaalf jaren maar nog niet die van zestien jaren had bereikt (feit",None,De tenlastelegging,1,Proceshandelingen partijen,0,0.97909755,0.010243025,0.001510991,0.0039676237,0.005180826,0,None
ECLI:NL:RBDHA:2018:3316.txt,Ten slotte wordt verdachte ervan verdacht dat hij in de periode van [datum] tot en met [datum] kinderpornografische afbeeldingen in zijn bezit heeft gehad en deze ook heeft verspre,proceshandelingen,De tenlastelegging,1,Proceshandelingen partijen,1,0.011063125,0.8638984,0.0017091709,0.033010896,0.09031841,1,beoordeling
ECLI:NL:RBDHA:2018:3316.txt,De volledige tekst van de tenlastelegging is opgenomen in bijlage I van dit vonnis en maakt daarvan deel uit.,None,De tenlastelegging,1,Proceshandelingen partijen,0,0.85972947,0.07747783,0.0034771075,0.039620183,0.019695427,0,None
ECLI:NL:RBDHA:2018:3316.txt,"Het bewezenverklaarde is volgens de wet strafbaar, omdat geen feiten of omstandigheden aannemelijk zijn geworden die de strafbaarheid van de feiten uitsluiten.",beoordeling,De strafbaarheid van het bewezenverklaarde,1,Beoordeling,1,0.67952853,0.27477002,0.0059702066,0.007559777,0.032171417,0,None
ECLI:NL:RBDHA:2018:3316.txt,"Daarnaast heeft de officier van justitie, gelet op het grote herhalingsgevaar, de ernst van de feiten, de ernst van de problematiek en de twijfel aan de betrouwbare bereidheid tot medewerking aan een klinische behandeling in het kader van een terbeschikkingstelling (hierna: Tbs) met voorwaarden, de Tbs-maatregel met dwangverpleging gevorderd, omdat de veiligheid van anderen en de algemene veiligheid van personen die verpleging van overheidswege eisen. 6.2 Het standpunt van de verdediging De raadsman heeft zich ten aanzien van de oplegging van de Tbs-maatregel gerefereerd aan het oordeel van de rechtbank.",None,De strafoplegging,1,Beslissing,0,0.98840404,0.0023430823,0.001926301,0.0026733892,0.004653121,0,None
ECLI:NL:RBDHA:2018:3316.txt,De raadsman heeft wel bepleit dat aan verdachte een Tbs-maatregel met voorwaarden wordt opgeleg,proceshandelingen,De strafoplegging,1,Beslissing,1,0.009796344,0.05739282,0.004150259,0.008724944,0.91993564,4,proceshandelingen
ECLI:NL:RBDHA:2018:3316.txt,"Verdachte is – in tegenstelling tot de weergave van de proceshouding van verdachte in de rapportages van de psychiater en de reclassering – bereid zich te laten behandelen op iedere wijze die aan hem wordt voorgeschreven, ook als dat een langdurige klinische opname in het kader van een Tbs-maatregel met voorwaarden inhoudt.",proceshandelingen,De strafoplegging,1,Beslissing,1,0.0125960875,0.6819082,0.0021424354,0.09874659,0.20460673,1,beoordeling
ECLI:NL:RBDHA:2018:3316.txt,"Verdachte is gemotiveerd om aan zijn problematiek te werken en erkent de noodzaak tot het ondergaan van een behandeling, aldus de raadsman.",proceshandelingen,De strafoplegging,1,Beslissing,1,0.006056128,0.025185857,0.0037291497,0.010787109,0.9542418,4,proceshandelingen
ECLI:NL:RBDHA:2018:3316.txt,"De raadsman heeft daarom verzocht om de intrinsieke motivering, die wel degelijk bij verdachte aanwezig is, te belonen en aan hem de Tbs-maatregel met voorwaarden op te leggen.",proceshandelingen,De strafoplegging,1,Beslissing,1,0.019180568,0.058490977,0.003709814,0.015300708,0.9033179,4,proceshandelingen
ECLI:NL:RBDHA:2018:3316.txt,"De controlemogelijkheid die dwangverpleging biedt ten aanzien van het internetgebruik, kunnen naar de mening van de raadsman specifiek worden opgenomen als voorwaarde bij een Tbs-maatregel met voorwaarden.",proceshandelingen,De strafoplegging,1,Beslissing,1,0.018238736,0.07280924,0.0014891863,0.047610827,0.859852,4,proceshandelingen
ECLI:NL:RBDHA:2018:3316.txt,"Voorts heeft de raadsman verzocht om bij het bepalen van de straf in sterkere mate dan de officier van justitie rekening te houden met de verminderde toerekeningsvatbaarheid. 6.3 Het oordeel van de rechtbank Na te melden straf en maatregel zijn in overeenstemming met de ernst van de gepleegde feiten, de omstandigheden waaronder deze zijn begaan en gegrond op de persoon en de persoonlijke omstandigheden van verdachte, zoals daarvan tijdens het onderzoek ter terechtzitting is gebleken.",None,De strafoplegging,1,Beslissing,0,0.93412054,0.0061773486,0.0018379309,0.0137483645,0.044115838,0,None
ECLI:NL:RBDHA:2018:3316.txt,De rechtbank neemt hierbij in het bijzonder het volgende in aanmerking.,None,De strafoplegging,1,Beslissing,0,0.32672995,0.6523483,0.0029936486,0.014119425,0.0038087387,1,beoordeling
ECLI:NL:RBDHA:2018:3316.txt,De ernst van de feiten Verdachte heeft zich schuldig gemaakt aan mensenhandel ten aanzien van een minderjarig meisje.,None,De strafoplegging,1,Beslissing,0,0.9453626,0.029723909,0.008321064,0.0105948355,0.005997525,0,None
ECLI:NL:RBDHA:2018:3316.txt,"Hij heeft het slachtoffer, waarvan hij wist dat ze slechts 14 jaar oud was en zich aldus in een kwetsbare positie bevond, op manipulatieve wijze overgehaald om in de prostitutie te gaan werken.",beoordeling,De strafoplegging,1,Beslissing,1,0.007650569,0.10084286,0.00475249,0.25359458,0.63315946,4,proceshandelingen
ECLI:NL:RBDHA:2018:3316.txt,Hij deed dit door gaandeweg steeds meer het vertrouwen van het slachtoffer te winnen.,beoordeling,De strafoplegging,1,Beslissing,1,0.014372592,0.035100594,0.004685382,0.32718277,0.61865866,4,proceshandelingen
ECLI:NL:RBDHA:2018:3316.txt,"Verdachte heeft de prostitutie van het slachtoffer gefaciliteerd door onder meer het plaatsen van advertenties op sekssites, het verstrekken van een werktelefoon, het onderhouden van contacten met potentiële klanten en het ter beschikking stellen van een kamer, waar de prostitutiewerkzaamheden konden plaatsvinden.",beoordeling,De strafoplegging,1,Beslissing,1,0.010442887,0.7259011,0.015783282,0.044199076,0.20367368,1,beoordeling
ECLI:NL:RBDHA:2018:3316.txt,Het slachtoffer werd in de advertenties als 18-jarige studente voorgedaan.,beoordeling,De strafoplegging,1,Beslissing,1,0.007710895,0.059645914,0.003855227,0.7850728,0.14371513,3,materiele feiten
ECLI:NL:RBDHA:2018:3316.txt,De rechtbank acht het stuitend dat in de advertenties werd aangegeven dat het slachtoffer tot zeer vergaande seksuele handelingen bereid was.,beoordeling,De strafoplegging,1,Beslissing,1,0.030072128,0.940692,0.0011349838,0.022481354,0.005619561,1,beoordeling
ECLI:NL:RBDHA:2018:3316.txt,"In dat verband heeft verdachte haar ook geprobeerd over te halen anale seks te hebben, en stelde daar voor een 14-jarige forse bedragen bij in het vooruitzicht.",beoordeling,De strafoplegging,1,Beslissing,1,0.008097543,0.34918866,0.0040991977,0.23556928,0.40304533,4,proceshandelingen
ECLI:NL:RBDHA:2018:3316.txt,Daarnaast heeft verdachte zelf verschillende keren seks gehad met het slachtoffer en zich aldus schuldig gemaakt aan het plegen van ontucht met iemand van 14 jaar ou,beoordeling,De strafoplegging,1,Beslissing,1,0.009291656,0.57062817,0.0035426542,0.13567182,0.28086573,1,beoordeling
ECLI:NL:RBDHA:2018:3316.txt,"Verdachte heeft door zijn handelen geen enkel respect getoond voor het slachtoffer; hij had enkel oog voor zijn eigen belangen, die bestonden uit financieel gewin met daarnaast zijn eigen (seksuele) bevrediging.",beoordeling,De strafoplegging,1,Beslissing,1,0.020581221,0.49222738,0.005313017,0.027205616,0.45467275,1,beoordeling
ECLI:NL:RBDHA:2018:3316.txt,"De mogelijke schade die dergelijke handelingen kinderen van die leeftijd kunnen berokkenen, waarvan verdachte doordrongen was door de intensieve begeleiding die hij naar aanleiding van eerdere delicten heeft ondergaan, heeft hij – onder het mom van hulpverlening – voor lief genomen.",beoordeling,De strafoplegging,1,Beslissing,1,0.00820165,0.938099,0.0017693085,0.019843293,0.032086737,1,beoordeling
ECLI:NL:RBDHA:2018:3316.txt,De rechtbank rekent het verdachte dan ook bijzonder zwaar aan dat hij voor financieel en seksueel gewin een kwetsbaar minderjarig slachtoffer heeft uitgekozen.,beoordeling,De strafoplegging,1,Beslissing,1,0.01750864,0.9684607,0.0014439677,0.00973493,0.002851761,1,beoordeling
ECLI:NL:RBDHA:2018:3316.txt,"Ten slotte heeft verdachte zich schuldig gemaakt aan het verspreiden, vervaardigen en het in bezit hebben van twee kinderpornografische afbeeldingen, waar het slachtoffer op te zien was.",beoordeling,De strafoplegging,1,Beslissing,1,0.007614405,0.85372424,0.0110173365,0.016129114,0.111514896,1,beoordeling
ECLI:NL:RBDHA:2018:3316.txt,Het strafblad van verdachte Bij bepaling van de op te leggen straf en maatregel heeft de rechtbank rekening gehouden met het strafblad van verdachte,None,De strafoplegging,1,Beslissing,0,0.9814928,0.009294651,0.0033608675,0.0034848095,0.002366801,0,None
ECLI:NL:RBDHA:2018:3316.txt,"[datum] Daaruit volgt dat verdachte eerder (te weten op [datum] is veroordeeld voor meerdere pedoseksuele delicten, onder meer tot een gevangenisstraf van 720 dagen, waarvan 487 dagen voorwaardelijk met een proeftijd van 5 jaren. Verdachte liep dus in een proeftijd van een straf voor een vergelijkbaar delict ten tijde van het plegen van de onderhavige delicten. De persoon van verdachte De rechtbank heeft acht geslagen op de volgende rapportages betreffende verdachte: - het Pro Justitia rapport d.d. [datum] opgemaakt door [naam], klinisch psycholoog; - het Pro Justitia rapport d.d. [datum] opgemaakt door [naam], psychiater, werkend onder supervisie van B.J.H. van der Hoeven, psychiater; - het reclasseringsadvies d.d. [datum] opgemaakt door [naam], reclasseringswerker bij Reclassering Nederland, en mede ondertekend door [naam], leidinggevende; - het reclasseringsadvies d.d. [datum] betreffende ‘Voorbereiding TBS met voorwaarden’, opgemaakt door [naam], reclasseringswerker bij Reclassering Nederland, en mede ondertekend door S. van den Arend, leidinggevende. Rapport van de psycholoog De psycholoog heeft verdachte gediagnosticeerd met een gebrekkige ontwikkeling van de geestvermogens in de vorm van een ‘andere gespecificeerde persoonlijkheidsstoornis’ met antisociale en borderline trekken. Verdachte had problemen op diverse leefgebieden, zoals werkloosheid, financiële problemen, het niet krijgen van zijn Verklaring Omtrent Gedrag (VOG) en woonproblemen.",None,De strafoplegging,1,Beslissing,0,0.9759448,0.0029846795,0.0016670306,0.016029162,0.0033743079,0,None
ECLI:NL:RBDHA:2018:3316.txt,"Doordat verdachte onvoldoende over zijn problemen heeft gesproken noch voldoende hulp heeft ingeschakeld, is hij in een sociaal isolement terecht gekomen Vanuit een antisociale tendens en aantrekkingskracht tot het illegale/criminele is verdachte impulsief op zoek gegaan naar een manier om ‘snel geld’ te verdienen en heeft daarbij zijn eigen belang voorop geste",materiele feiten,De strafoplegging,1,Beslissing,1,0.014533956,0.023552785,0.0007525171,0.9083874,0.052773356,3,materiele feiten
ECLI:NL:RBDHA:2018:3316.txt,Dat wijst op antisociale persoonlijkheidsproblematiek.,materiele feiten,De strafoplegging,1,Beslissing,1,0.008287684,0.051360425,0.0019138302,0.83919734,0.09924074,3,materiele feiten
ECLI:NL:RBDHA:2018:3316.txt,De psycholoog concludeert dat ten tijde van het ten laste gelegde sprake was van de hiervoor geschetste gebrekkige ontwikkeling van de geestvermogens.,materiele feiten,De strafoplegging,1,Beslissing,1,0.014429114,0.036536507,0.0012981318,0.8911143,0.05662192,3,materiele feiten
ECLI:NL:RBDHA:2018:3316.txt,Het tenlastegelegde dient dan ook in verminderde mate aan verdachte te worden toegereken,materiele feiten,De strafoplegging,1,Beslissing,1,0.019507369,0.77683973,0.0020570983,0.12184405,0.079751745,1,beoordeling
ECLI:NL:RBDHA:2018:3316.txt,Gelet op de samenhang van persoonlijkheidsproblematiek en inadequate copingvaardigheden van verdachte wordt het recidiverisico vanuit klinisch oogpunt op de lange termijn zonder (een nieuwe) behandeling als hoog geschat.,materiele feiten,De strafoplegging,1,Beslissing,1,0.022559926,0.25997743,0.0012430551,0.6423342,0.07388539,3,materiele feiten
ECLI:NL:RBDHA:2018:3316.txt,"De psycholoog heeft geadviseerd tot oplegging van de Tbs-maatregel met voorwaarden met een intensieve ambulante behandeling bij een forensisch-psychiatrische polikliniek als De Waag Het opleggen van de Tbs-maatregel met dwangverpleging acht de psycholoog op dit moment te vroeg Ter terechtzitting heeft de psycholoog verklaard dat hij zich, mede gelet op het advies van de psychiater, kan vinden in een intensieve klinische behandeling in het kader van een Tbs-maatregel met voorwaarden.",materiele feiten,De strafoplegging,1,Beslissing,1,0.039965034,0.011649862,0.0010260819,0.7988333,0.1485257,3,materiele feiten
ECLI:NL:RBDHA:2018:3316.txt,Hij is bij zijn advisering ervan uit gegaan dat verdachte zich wel bereid heeft verklaard zich aan alle voorwaarden te houden.,materiele feiten,De strafoplegging,1,Beslissing,1,0.019442739,0.12804596,0.0021349348,0.11029191,0.7400844,4,proceshandelingen
ECLI:NL:RBDHA:2018:3316.txt,"Indien dit niet het geval is, acht de psycholoog een Tbs-maatregel met voorwaarden niet haalbaar.",materiele feiten,De strafoplegging,1,Beslissing,1,0.04580771,0.03799423,0.0049199,0.6503301,0.26094794,3,materiele feiten
ECLI:NL:RBDHA:2018:3316.txt,Rapport van de psychiater De psychiater komt eveneens tot de conclusie dat verdachte lijdt aan een gebrekkige ontwikkeling van de geestvermogens.,None,De strafoplegging,1,Beslissing,0,0.9651861,0.0049892436,0.0021985713,0.02278962,0.004836541,0,None
ECLI:NL:RBDHA:2018:3316.txt,"Verdachte lijdt, aldus de psychiater, aan een ‘andere gespecificeerde persoonlijkheidsstoornis’ met kenmerken van zowel de antisociale als van de borderline persoonlijkheidsstoornis.",materiele feiten,De strafoplegging,1,Beslissing,1,0.010778938,0.028626582,0.0026433072,0.3091722,0.648779,4,proceshandelingen
ECLI:NL:RBDHA:2018:3316.txt,Als gevolg van de aanwezigheid van antisociale trekken zal verdachte bij strijdigheid van de wensen en verlangens van hemzelf en de basale rechten van anderen meer dan een ander geneigd zijn om zijn eigen belang te laten prevaleren boven dat van anderen.,materiele feiten,De strafoplegging,1,Beslissing,1,0.15453419,0.71374375,0.0018548021,0.09178483,0.038082432,1,beoordeling
ECLI:NL:RBDHA:2018:3316.txt,De bij verdachte aanwezige borderline trekken zorgen ervoor dat hij in verminderde mate wens en werkelijkheid van elkaar kan onderscheiden.,materiele feiten,De strafoplegging,1,Beslissing,1,0.007413284,0.06702045,0.0019659384,0.84389335,0.07970696,3,materiele feiten
ECLI:NL:RBDHA:2018:3316.txt,Hierdoor ontstaat een verwrongen beeld van de werkelijkheid waardoor de grenzen van de toelaatbaarheid van handelen vervagen en delictgedrag op pathologische wijze wordt genormaliseer,materiele feiten,De strafoplegging,1,Beslissing,1,0.5678837,0.06231131,0.003039201,0.33669606,0.030069813,0,None
ECLI:NL:RBDHA:2018:3316.txt,Dit aspect van de persoonlijkheidsstoornis van verdachte tast het inzicht in zijn handelen aan.,materiele feiten,De strafoplegging,1,Beslissing,1,0.014382304,0.29928735,0.0047025913,0.41439223,0.26723552,3,materiele feiten
ECLI:NL:RBDHA:2018:3316.txt,"Op grond van de bij verdachte bestaande problematiek, die ook ten tijde van de door hem gepleegde feiten aanwezig was, adviseert de psychiater verdachte verminderd toerekeningsvatbaar te achten.",materiele feiten,De strafoplegging,1,Beslissing,1,0.029160408,0.063394,0.0012810418,0.8285653,0.07759927,3,materiele feiten
ECLI:NL:RBDHA:2018:3316.txt,"Omdat verdachte eerder is veroordeeld voor pedoseksuele delicten en omdat sprake is van criminogene factoren in de persoonlijkheid van verdachte, acht de psychiater het recidiverisico vanuit klinisch oogpunt zonder behandeling zowel op korte termijn als op langere termijn hoog.",materiele feiten,De strafoplegging,1,Beslissing,1,0.010454661,0.08936608,0.0015383924,0.78675985,0.11188106,3,materiele feiten
ECLI:NL:RBDHA:2018:3316.txt,Van een mogelijk schrikeffect kan volgens de psychiater weinig worden verwacht omdat verdachte zich nu al ernstig tekort gedaan voelt door justitie en de maatschappij en juist dat zag als oorzaak van het nieuwe delict.,materiele feiten,De strafoplegging,1,Beslissing,1,0.0129032945,0.047598667,0.0019060087,0.3500547,0.5875373,4,proceshandelingen
ECLI:NL:RBDHA:2018:3316.txt,Deze omstandigheden zullen na een hernieuwde veroordeling niet minder prangend zijn.,materiele feiten,De strafoplegging,1,Beslissing,1,0.1752527,0.7351707,0.0022747272,0.04354632,0.043755494,1,beoordeling
ECLI:NL:RBDHA:2018:3316.txt,"Daar komt bij dat hij in die gedachtengang door zijn omgeving (familie en sommige behandelaren) wordt gesteund, zodat hij hier moeilijk los van komt.",materiele feiten,De strafoplegging,1,Beslissing,1,0.05172225,0.6719964,0.002448252,0.13987297,0.13396013,1,beoordeling
ECLI:NL:RBDHA:2018:3316.txt,De psychiater adviseert om aan verdachte een Tbs-maatregel met dwangverpleging op te leggen.,materiele feiten,De strafoplegging,1,Beslissing,1,0.0057080844,0.011255922,0.0018525658,0.9211244,0.060058977,3,materiele feiten
ECLI:NL:RBDHA:2018:3316.txt,Daarbij heeft hij rekening gehouden met het geschetste recidiverisico en met het falen van een uiterst intensieve ambulante behandeling bij een op dit gebied gespecialiseerd instituut als De Waag.,materiele feiten,De strafoplegging,1,Beslissing,1,0.029133214,0.20531635,0.0016597924,0.5322761,0.23161454,3,materiele feiten
ECLI:NL:RBDHA:2018:3316.txt,"Gezien het feit dat verdachte ‘resistent’ is gebleken voor ambulante forensische behandeling is een klinische behandeling nodig in een Forensisch Psychiatrisch Centrum (hierna: FPC), vanwege onder meer het benodigde beveiligingsniveau en het feit dat binnen een FPC internet- en telefoongebruik goed kan worden gemonitor",materiele feiten,De strafoplegging,1,Beslissing,1,0.0689182,0.029278884,0.0007246765,0.85756755,0.043510746,3,materiele feiten
ECLI:NL:RBDHA:2018:3316.txt,"Omdat ten tijde van het opstellen van het advies bij verdachte de noodzakelijke bereidheid tot medewerking aan een klinische behandeling ontbrak, is geadviseerd tot Tbs met dwangverpleging.",materiele feiten,De strafoplegging,1,Beslissing,1,0.010889919,0.03626761,0.0013398954,0.82408285,0.1274197,3,materiele feiten
ECLI:NL:RBDHA:2018:3316.txt,Ter terechtzitting is de psychiater gebleven bij het door zijn advies.,materiele feiten,De strafoplegging,1,Beslissing,1,0.053673703,0.029080706,0.0015003072,0.63222575,0.28351957,3,materiele feiten
ECLI:NL:RBDHA:2018:3316.txt,Hij heeft herhaald de benodigde bereidheid tot medewerking aan een klinische behandeling bij verdachte niet te hebben gevonden.,materiele feiten,De strafoplegging,1,Beslissing,1,0.01139801,0.124831304,0.0036098321,0.029695505,0.8304654,4,proceshandelingen
ECLI:NL:RBDHA:2018:3316.txt,Reclasseringsadvies Evenals de psycholoog en psychiater schat de reclassering het recidiverisico hoog in.,None,De strafoplegging,1,Beslissing,0,0.0068323626,0.018423444,0.0015595898,0.9249482,0.048236366,3,materiele feiten
ECLI:NL:RBDHA:2018:3316.txt,"Verdachte ziet dat hij behandeling nodig heeft, maar lijkt de hardnekkigheid van zijn problematiek intrinsiek te onderschatten.",materiele feiten,De strafoplegging,1,Beslissing,1,0.0065062125,0.18848817,0.005746684,0.094339445,0.70491946,4,proceshandelingen
ECLI:NL:RBDHA:2018:3316.txt,"Verdachte wil meewerken aan een nieuw plan van aanpak, maar dan wel op zijn eigen voorwaarden.",materiele feiten,De strafoplegging,1,Beslissing,1,0.00947436,0.1819172,0.014549196,0.03229721,0.761762,4,proceshandelingen
ECLI:NL:RBDHA:2018:3316.txt,"Verdachte wijst, wat betreft het aan hem ten laste gelegde, vooral naar externe factoren.",materiele feiten,De strafoplegging,1,Beslissing,1,0.0116077345,0.85675,0.005017873,0.009597021,0.117027365,1,beoordeling
ECLI:NL:RBDHA:2018:3316.txt,"Ondanks het feit dat verdachte een intensieve ambulante behandeling (onder meer een intensief traject op het gebied van zeden) bij de Waag ‘succesvol’ heeft afgerond, is hij gerecidiveer",materiele feiten,De strafoplegging,1,Beslissing,1,0.006458532,0.06462472,0.0020234445,0.74450696,0.18238637,3,materiele feiten
ECLI:NL:RBDHA:2018:3316.txt,"De reclassering acht, gezien het beperkte zelfinzicht, een klinische behandeling noodzakelijk.",materiele feiten,De strafoplegging,1,Beslissing,1,0.0068852627,0.02199152,0.0022203794,0.8410496,0.12785323,3,materiele feiten
ECLI:NL:RBDHA:2018:3316.txt,Het ontbreekt verdachte aan elke vorm van medewerking en zelfinzicht en een klinische behandeling vindt hij niet noodzakelijk.,materiele feiten,De strafoplegging,1,Beslissing,1,0.012656842,0.31119508,0.004152592,0.057054732,0.6149407,4,proceshandelingen
ECLI:NL:RBDHA:2018:3316.txt,Het risico van onttrekken aan de voorwaarden wordt daarom hoog geschat.,materiele feiten,De strafoplegging,1,Beslissing,1,0.07475425,0.7360426,0.0014798777,0.1277072,0.06001601,1,beoordeling
ECLI:NL:RBDHA:2018:3316.txt,"Ter zitting heeft de deskundige van de reclassering expliciet aangegeven dat verdachte hem meermalen te kennen heeft gegeven dat hij niet van plan was mee te werken aan een klinische opname, ook nadat hem was uitgelegd wat dit in grote lijnen zou inhouden.",materiele feiten,De strafoplegging,1,Beslissing,1,0.044414867,0.036953345,0.001537223,0.35574067,0.56135386,4,proceshandelingen
ECLI:NL:RBDHA:2018:3316.txt,De reclassering heeft daarom primair geadviseerd een Tbs-maatregel met dwangverpleging op te leggen om de kans op recidive te verlagen.,materiele feiten,De strafoplegging,1,Beslissing,1,0.010307408,0.037515573,0.0014724697,0.78814197,0.16256255,3,materiele feiten
ECLI:NL:RBDHA:2018:3316.txt,Bij een Tbs-maatregel met dwangverpleging zijn er immers geen mogelijkheden zich te onttrekken van de behandeling waardoor de kans op een succesvolle behandeling groter is.,materiele feiten,De strafoplegging,1,Beslissing,1,0.23632604,0.5208452,0.001885413,0.17920181,0.06174161,1,beoordeling
ECLI:NL:RBDHA:2018:3316.txt,"Mocht de rechtbank toch overgaan tot het opleggen van een Tbs met voorwaarden, dan zijn voorwaarden geformuleerd, waarbij gestart dient te worden met een langdurige klinische opname.",materiele feiten,De strafoplegging,1,Beslissing,1,0.46700087,0.5113569,0.0035562136,0.009218084,0.00886792,1,beoordeling
ECLI:NL:RBDHA:2018:3316.txt,De reclassering acht de kans van slagen van deze behandeling echter nih,materiele feiten,De strafoplegging,1,Beslissing,1,0.0145593155,0.282737,0.0030703237,0.42567307,0.27396035,3,materiele feiten
ECLI:NL:RBDHA:2018:3316.txt,"De rechtbank is van oordeel dat de genoemde rapporten, op zorgvuldige wijze tot stand zijn gekomen en dat de bevindingen van de deskundigen worden gedragen door een deugdelijke en inzichtelijk gemotiveerde onderbouwing.",beoordeling,De strafoplegging,1,Beslissing,1,0.05199681,0.92517346,0.0010665201,0.01655793,0.005205245,1,beoordeling
ECLI:NL:RBDHA:2018:3316.txt,"De rechtbank volgt de conclusies van de psychiater en de reclassering, vanwege de geschetste hoge recidiverisico’s bij een eventuele Tbs-maatregel met voorwaarden, en maakt hun bevindingen dan ook tot de hare.",beoordeling,De strafoplegging,1,Beslissing,1,0.033138454,0.951513,0.0010657847,0.010060499,0.004222323,1,beoordeling
ECLI:NL:RBDHA:2018:3316.txt,Oordeel van de rechtbank Motivering maatregel De rechtbank stelt voorop dat sprake is van misdrijven waarop naar wettelijke omschrijving een gevangenisstraf is gesteld van vier jaren of meer.,None,De strafoplegging,1,Beslissing,0,0.986796,0.0052230987,0.0025861044,0.0027655591,0.002629311,0,None
ECLI:NL:RBDHA:2018:3316.txt,"Om de Tbs-maatregel op te kunnen leggen, dient ingevolge het eerste lid van artikel 37a van het Wetboek van Strafrecht, voorts de vraag te worden beantwoord of bij verdachte ten tijde van het begaan van een feit - zoals omschreven in betreffend artikel - een gebrekkige ontwikkeling of ziekelijke stoornis van de geestvermogens bestond (sub 1), alsmede of de veiligheid van anderen dan wel de algemene veiligheid van personen of goederen het opleggen van die maatregel eist (sub",None,De strafoplegging,1,Beslissing,0,0.95670897,0.01914441,0.0020947554,0.0045074224,0.017544493,0,None
ECLI:NL:RBDHA:2018:3316.txt,"Tevens is krachtens de wet voor een last tot terbeschikkingstelling een advies van twee gedragsdeskundigen, waaronder een psychiater, die verdachte hebben onderzocht, vereist.",None,De strafoplegging,1,Beslissing,0,0.8644561,0.06913168,0.001108484,0.033450816,0.031852793,0,None
ECLI:NL:RBDHA:2018:3316.txt,"Uit de hiervoor besproken rapportages blijkt dat bij verdachte sprake is van een gebrekkige ontwikkeling van zijn geestvermogens, ook ten tijde van de tenlastegelegde feiten.",beoordeling,De strafoplegging,1,Beslissing,1,0.0134077165,0.16701673,0.0014738477,0.72619253,0.09190922,3,materiele feiten
ECLI:NL:RBDHA:2018:3316.txt,"Aangezien deze gebrekkige ontwikkeling verdachte in zekere mate heeft beperkt in zijn mogelijkheden om het ontoelaatbare van zijn handelen in te zien dan wel hem heeft beperkt in zijn mogelijkheden anders te handelen dan bewezenverklaard, moet verdachte ten aanzien van de bewezenverklaarde feiten verminderd toerekeningsvatbaar worden beschouw",beoordeling,De strafoplegging,1,Beslissing,1,0.10343589,0.87382305,0.0016733202,0.0097403955,0.011327307,1,beoordeling
ECLI:NL:RBDHA:2018:3316.txt,"Daarnaast hebben zowel de psychiater, de psycholoog als de reclassering geconcludeerd dat het recidiverisico bij verdachte hoog moet worden geschat.",beoordeling,De strafoplegging,1,Beslissing,1,0.012546138,0.022861363,0.0009775667,0.91682035,0.046794593,3,materiele feiten
ECLI:NL:RBDHA:2018:3316.txt,"Gelet op de inhoud van de rapportages, de aard en de ernst van de feiten en de ernst van de problematiek van verdachte, is de rechtbank van oordeel dat de veiligheid van anderen, dan wel de algemene veiligheid van personen het opleggen van de maatregel tot Tbs eist en dat aldus is voldaan aan de vereisten voor oplegging van een Tbs-maatrege",beoordeling,De strafoplegging,1,Beslissing,1,0.07986827,0.9046438,0.0011980154,0.009742866,0.0045471084,1,beoordeling
ECLI:NL:RBDHA:2018:3316.txt,De vraag is thans of tevens de dwangverpleging moet worden bevolen.,None,De strafoplegging,1,Beslissing,0,0.10286784,0.85813653,0.0018750072,0.024271544,0.012849069,1,beoordeling
ECLI:NL:RBDHA:2018:3316.txt,Ten aanzien van de door verdachte voorgestane Tbs-maatregel met voorwaarden overweegt de rechtbank als volgt.,None,De strafoplegging,1,Beslissing,0,0.3243991,0.64004266,0.0027919158,0.025815284,0.0069509773,1,beoordeling
ECLI:NL:RBDHA:2018:3316.txt,"Ingevolge artikel 38, vijfde lid, van het Wetboek van Strafrecht kan de rechtbank slechts een Tbs-maatregel met voorwaarden opleggen indien de terbeschikkinggestelde zich bereid heeft verklaard tot naleving van de noodzakelijke voorwaarden.",None,De strafoplegging,1,Beslissing,0,0.9572131,0.03169462,0.0032020085,0.002588907,0.0053014187,0,None
ECLI:NL:RBDHA:2018:3316.txt,De rechtbank overweegt dat – wat er ook zij van de vraag of destijds alle aspecten van de problematiek van verdachte zijn behandeld – op dit moment niet kan worden volstaan met een ambulante behandeling.,beoordeling,De strafoplegging,1,Beslissing,1,0.03135495,0.943751,0.0008863728,0.018695997,0.0053116377,1,beoordeling
ECLI:NL:RBDHA:2018:3316.txt,Het recidiverisico is hiervoor te hoog.,beoordeling,De strafoplegging,1,Beslissing,1,0.041999,0.0659329,0.0018396962,0.8126067,0.077621706,3,materiele feiten
ECLI:NL:RBDHA:2018:3316.txt,"De rechtbank heeft, niettegenstaande de bereidverklaring van verdachte ter terechtzitting tot volledige medewerking aan alle mogelijke voorwaarden, gelet op de inhoud van de rapporten van de psychiater en de reclassering en mede gelet op de proceshouding van verdachte tijdens het hele strafproces, echter niet het vertrouwen dat bij verdachte sprake is van een betrouwbare intrinsieke bereidheid tot medewerking aan een klinische behandeling.",beoordeling,De strafoplegging,1,Beslissing,1,0.03586389,0.9493206,0.0010645943,0.009685577,0.004065312,1,beoordeling
ECLI:NL:RBDHA:2018:3316.txt,"Uit de rapporten en verklaringen ter zitting van de psychiater en de reclasseringswerker blijkt dat verdachte heel expliciet, stellig en hardnekkig heeft aangegeven niet bereid te zijn mee te werken aan een klinische behandeling.",beoordeling,De strafoplegging,1,Beslissing,1,0.014078731,0.18947154,0.0017810408,0.48162344,0.31304523,3,materiele feiten
ECLI:NL:RBDHA:2018:3316.txt,"Dat hij dit enkel weigerde omdat hij niet wist wat het zou inhouden acht de rechtbank niet aannemelijk, gelet op de verklaring van de reclasseringswerker, die heeft verklaard hem dit meermalen uitgebreid te hebben uitgeleg",beoordeling,De strafoplegging,1,Beslissing,1,0.022200521,0.95977783,0.0009158233,0.013022999,0.0040827873,1,beoordeling
ECLI:NL:RBDHA:2018:3316.txt,Daar komt bij dat op een eerdere (pro forma)zitting verdachte ook al had uiteengezet nog niet te weten of hij zou meewerken aan het voorgestelde (behandel)traject en de daaraan te verbinden voorwaarden.,beoordeling,De strafoplegging,1,Beslissing,1,0.041653473,0.93257725,0.0011857859,0.014453718,0.01012979,1,beoordeling
ECLI:NL:RBDHA:2018:3316.txt,De rechtbank kan zich niet aan de indruk onttrekken dat verdachtes verklaring bereid te zijn de eventuele voorwaarde van een klinische behandeling na te leven slechts is ingegeven door de wens de dreigende dwangverpleging op dit moment af te wenden en acht deze dus niet betrouwbaar.,beoordeling,De strafoplegging,1,Beslissing,1,0.033766203,0.9493062,0.00097031944,0.01235837,0.0035988446,1,beoordeling
ECLI:NL:RBDHA:2018:3316.txt,"De Tbs-maatregel met voorwaarden acht de rechtbank, gelet op voornoemde feiten en omstandigheden, niet geschikt en niet toereiken",beoordeling,De strafoplegging,1,Beslissing,1,0.01969756,0.96535414,0.0011519454,0.007998752,0.0057974905,1,beoordeling
ECLI:NL:RBDHA:2018:3316.txt,"De rechtbank zal dan ook aan verdachte de Tbs-maatregel met dwangverpleging opleggen, omdat de veiligheid van personen, het slachtoffer in het bijzonder, en de maatschappij in het algemeen, die verpleging eist.",beoordeling,De strafoplegging,1,Beslissing,1,0.027065216,0.95967954,0.0014434186,0.00928083,0.0025309748,1,beoordeling
ECLI:NL:RBDHA:2018:3316.txt,"Met het oog op het bepaalde in artikel 38e van het Wetboek van Strafrecht stelt de rechtbank vast dat de onder 1 en 2 bewezenverklaarde feiten misdrijven betreffen, die gericht zijn tegen of gevaar veroorzaken voor de onaantastbaarheid van het lichaam van een of meer personen.",beoordeling,De strafoplegging,1,Beslissing,1,0.8538463,0.13135536,0.0026267641,0.008847503,0.0033240516,0,None
ECLI:NL:RBDHA:2018:3316.txt,De totale duur van de Tbs-maatregel met dwangverpleging kan daarom een periode van vier jaren te boven gaan.,beoordeling,De strafoplegging,1,Beslissing,1,0.06462973,0.43293425,0.0034434728,0.3134009,0.18559162,1,beoordeling
ECLI:NL:RBDHA:2018:3316.txt,Motivering straf De verminderde toerekeningsvatbaarheid van verdachte betekent dat zijn strafbaarheid niet geheel is uitgesloten.,None,De strafoplegging,1,Beslissing,0,0.9844468,0.0066032554,0.0026356855,0.0029142194,0.003400058,0,None
ECLI:NL:RBDHA:2018:3316.txt,"De rechtbank is van oordeel dat, gelet op de aard en de ernst van de bewezenverklaarde feiten, naast voornoemde maatregel, ook een gevangenisstraf van aanmerkelijke duur moet worden opgeleg",beoordeling,De strafoplegging,1,Beslissing,1,0.03410855,0.9549059,0.0013683013,0.0067530302,0.0028641084,1,beoordeling
ECLI:NL:RBDHA:2018:3316.txt,"De rechtbank neemt als strafverzwarende omstandigheid mee dat verdachte blijkens zijn strafblad reeds eerder is veroordeeld voor zedendelicten met minderjarigen, en nu hij in een proeftijd liep.",beoordeling,De strafoplegging,1,Beslissing,1,0.03865697,0.9481295,0.0011327647,0.009009767,0.003071049,1,beoordeling
ECLI:NL:RBDHA:2018:3316.txt,Daarnaast weegt de rechtbank de zeer jonge leeftijd van het slachtoffer en de verregaande seksuele handelingen tussen verdachte en het minderjarige slachtoffer in het nadeel van verdachte mee.,beoordeling,De strafoplegging,1,Beslissing,1,0.020047462,0.9615603,0.0014456827,0.013709396,0.0032371997,1,beoordeling
ECLI:NL:RBDHA:2018:3316.txt,Tot slot houdt de rechtbank rekening bij het bepalen van de hoogte van de straf rekening met de straffen die in vergelijkbare zaken worden opgeleg,beoordeling,De strafoplegging,1,Beslissing,1,0.05372471,0.93041134,0.0013836425,0.011061912,0.003418502,1,beoordeling
ECLI:NL:RBDHA:2018:3316.txt,"Alles afwegende acht de rechtbank een onvoorwaardelijke gevangenisstraf van twee jaren, met aftrek van de tijd die verdachte reeds in voorarrest heeft doorgebracht, passend en geboden.",beoordeling,De strafoplegging,1,Beslissing,1,0.034633577,0.9474215,0.0019134998,0.013188105,0.0028433732,1,beoordeling
ECLI:NL:RBDHA:2018:3316.txt,Conclusie De rechtbank zal aan verdachte een (ongemaximeerde) Tbs-maatregel met dwangverpleging opleggen.,None,De strafoplegging,1,Beslissing,0,0.980121,0.007780687,0.002318327,0.0071554813,0.0026243946,0,None
ECLI:NL:RBDHA:2018:3316.txt,Zij overweegt daartoe als volgt.,beoordeling,De vordering van de benadeelde partij / de schadevergoedingsmaatregel,1,Proceshandelingen partijen,1,0.9837891,0.004957024,0.0029897513,0.0029582286,0.005305899,0,None
ECLI:NL:RBDHA:2018:3316.txt,"Hoewel de vordering tot immateriële schadevergoeding niet met medische stukken is onderbouwd, is de rechtbank van oordeel dat uit de zich thans in het dossier bevindende stukken, waaronder een brief van de GZ-psycholoog, alsmede de door de raadsvrouw van de benadeelde partij ter zitting gegeven toelichting, voldoende is gebleken dat de benadeelde partij sinds de onderhavige feiten kampt met psychische problemen en daarvoor ook hulp heeft ingeschakeld van een GZ-psycholoog.",beoordeling,De vordering van de benadeelde partij / de schadevergoedingsmaatregel,1,Proceshandelingen partijen,1,0.093019806,0.89130205,0.00089910976,0.009447049,0.0053320047,1,beoordeling
ECLI:NL:RBDHA:2018:3316.txt,Als gevolg van de onderhavige feiten heeft de benadeelde partij een EMDR-behandeling moeten ondergaan.,beoordeling,De vordering van de benadeelde partij / de schadevergoedingsmaatregel,1,Proceshandelingen partijen,1,0.018460467,0.24981765,0.0030578696,0.47869685,0.24996713,3,materiele feiten
ECLI:NL:RBDHA:2018:3316.txt,"Daar komt bij dat het een feit van algemene bekendheid is dat feiten als het onderhavige, waarbij sprake is van een aantasting van de lichamelijke en geestelijke integriteit van een kwetsbare minderjarige, immateriële schade tot gevolg kan hebben.",beoordeling,De vordering van de benadeelde partij / de schadevergoedingsmaatregel,1,Proceshandelingen partijen,1,0.14174272,0.8116311,0.0017352557,0.026294513,0.018596448,1,beoordeling
ECLI:NL:RBDHA:2018:3316.txt,"De rechtbank is van oordeel dat nu de omvang van het schadebedrag door de verdediging niet is betwist, naar maatstaven van redelijkheid en billijkheid het verzochte bedrag van [geld]- aan immateriële schade kan worden toegewezen.",beoordeling,De vordering van de benadeelde partij / de schadevergoedingsmaatregel,1,Proceshandelingen partijen,1,0.1001116,0.8864834,0.0012713779,0.008028907,0.0041046767,1,beoordeling
ECLI:NL:RBDHA:2018:3316.txt,"Wettelijke rente De rechtbank zal voorts de gevorderde wettelijke rente toewijzen met ingang van de datum, gelegen aan het eind van de bewezenverklaarde periode, te weten: [datum] Dit brengt mee dat verdachte dient te worden veroordeeld in de kosten die de benadeelde partij tot aan deze uitspraak in verband met haar vordering heeft gemaakt, welke kosten de rechtbank tot op heden begroot op nihil, en de kosten die de benadeelde partij ten behoeve van de tenuitvoerlegging van deze uitspraak nog moet maken.",None,De vordering van de benadeelde partij / de schadevergoedingsmaatregel,1,Proceshandelingen partijen,0,0.9845473,0.008234352,0.0033089614,0.00175056,0.0021587946,0,None
ECLI:NL:RBDHA:2018:3316.txt,"[datum] te weten een gevangenisstraf van 720 dagen, waarvan 487 dagen voorwaardelijk met een proeftijd van 5 jaar. 9.2 Het standpunt van de officier van justitie De officier van justitie heeft, gelet op de noodzaak tot het volgen van een behandeling alsmede gelet op het feit dat de recidive voldoende tot uitdrukking komt in de strafeis, gevorderd dat de vordering tot tenuitvoerlegging dient te worden afgewezen. 9.3 Het standpunt van de verdediging De raadsman heeft zich evenals de officier van justitie op het standpunt gesteld dat de vordering tot tenuitvoerlegging dient te worden afgewezen, omdat verdachte blijkens de rapportages van de gedragsdeskundigen gebaat is bij een behandeling. 9.4 Het oordeel van de rechtbank Gebleken is dat verdachte zich, ondanks dat hij in een proeftijd liep en hem daarmee een gevangenisstraf boven het hoofd hing, wederom schuldig heeft gemaakt aan meerdere (soortgelijke) strafbare feiten.",None,De vordering tenuitvoerlegging,1,Proceshandelingen partijen,0,0.98918194,0.0023407927,0.001982724,0.003092839,0.0034017335,0,None
ECLI:NL:RBDHA:2018:3316.txt,"De rechtbank is van oordeel, gelet op de in deze zaak opgelegde straf en de wenselijkheid om aansluitend de maatregel ten uitvoer te leggen, dat de tenuitvoerlegging van voormelde voorwaardelijk opgelegde gevangenisstraf op dit moment niet opportuun is.",proceshandelingen,De vordering tenuitvoerlegging,1,Proceshandelingen partijen,1,0.03723442,0.94763917,0.0010256814,0.01008368,0.004017061,1,beoordeling
ECLI:NL:RBDHA:2018:3316.txt,De rechtbank wijst de vordering van de officier van justitie dan ook af.,proceshandelingen,De vordering tenuitvoerlegging,1,Proceshandelingen partijen,1,0.0446,0.944568,0.004183288,0.0031978602,0.0034508149,1,beoordeling
ECLI:NL:RBDHA:2018:3316.txt,"De rechtbank: verklaart wettig en overtuigend bewezen, dat verdachte de onder 1, 2 en 3 ten laste gelegde feiten heeft begaan, zoals hierboven onder 3.4 bewezen is verklaard en dat het bewezenverklaarde uitmaakt: ten aanzien van feit 1 mensenhandel, terwijl de persoon ten aanzien van wie de in artikel 273f, eerste lid, onder 2 en 5 omschreven feiten worden gepleegd de leeftijd van achttien jaren nog niet heeft bereikt; ten aanzien van feit 2 met iemand die de leeftijd van twaalf jaren maar nog niet die van zestien jaren heeft bereikt, buiten echt, ontuchtige handelingen plegen die bestaan uit of mede bestaan uit het seksueel binnendringen van het lichaam, meermalen gepleegd; ten aanzien van feit 3 een afbeelding van een seksuele gedraging, waarbij iemand die kennelijk de leeftijd van achttien jaar nog niet heeft bereikt, is betrokken of schijnbaar is betrokken, verspreiden, vervaardigen, in bezit hebben, meermalen gepleegd; verklaart het bewezen verklaarde en verdachte deswege strafbaar; verklaart niet bewezen hetgeen aan verdachte meer of anders is ten laste gelegd dan hierboven is bewezen verklaard en spreekt verdachte daarvan vrij; gelast dat verdachte ter beschikking wordt gesteld en beveelt dat hij van overheidswege zal worden verpleegd veroordeelt verdachte voorts tot: een gevangenisstraf voor de duur van 2 (twee) JAREN; bepaalt dat de tijd door de veroordeelde vóór de tenuitvoerlegging van deze uitspraak in verzekering en voorlopige hechtenis doorgebracht, bij de tenuitvoerlegging van het onvoorwaardelijk gedeelte van de hem opgelegde gevangenisstraf geheel in mindering zal worden gebracht, voor zover die tijd niet reeds op een andere straf in mindering is gebracht; de vordering van de benadeelde partij; wijst de vordering tot schadevergoeding van de benadeelde partij toe en veroordeelt de verdachte om tegen behoorlijk bewijs van kwijting te betalen aan [slachtoffer], een bedrag van [geld]-, (tweeduizendvijfhonderd euro) vermeerderd met de gevorderde wettelijke rente daarover vanaf [datum] tot aan de dag waarop deze vordering is voldaan; veroordeelt verdachte tevens in de proceskosten door de benadeelde partij gemaakt, tot op heden begroot op nihil, en ten behoeve van de tenuitvoerlegging nog te maken; legt aan verdachte op de verplichting tot betaling aan de Staat van een bedrag van [geld]- (tweeduizendvijfhonderd euro), te vermeerderen met de wettelijke rente daarover vanaf [datum] ten behoeve van het slachtoffer genaamd [slachtoffer]; bepaalt dat, in geval volledige betaling noch volledig verhaal van het verschuldigde bedrag volgt, – onder handhaving van voormelde verplichting – vervangende hechtenis zal worden toegepast voor de duur van 35 dagen; bepaalt dat voldoening van de gehele of gedeeltelijke betalingsverplichting aan de benadeelde partij de betalingsverplichting aan de Staat in zoverre doet vervallen, alsmede dat voldoening van de gehele of gedeeltelijke betalingsverplichting aan de Staat de betalingsverplichting aan de benadeelde partij in zoverre doet vervallen; beslag verklaart verbeurd de op de beslaglijst onder 3, 4 en 6 genummerde voorwerpen, te weten: - 1.00 STK Telefoontoestel, BLUBOO met kapot scherm; - 1.00 STK Computer (kl.: zwart) ACER; - 1.00 STK Telefoontoestel (kl.: zwart) SAMSUNG; gelast de teruggave aan verdachte van de op de beslaglijst onder 1 en 2 genummerde voorwerpen, te weten: - 1.00 STK Telefoontoestel (kl.: zwart) 4G LTE; - 1.00 STK Dekbedovertrek (kl.: blauw/wit geblokt); gelast de teruggave aan de rechtmatige eigenaar, genaamd [naam eigenaar], van het op de beslaglijst onder 5 genummerde voorwerp, te weten: - 1 STK Telefoontoestel (kl.: zilvergrijs) IPHONE. vordering na voorwaardelijke veroordeling wijst af de vordering na voorwaardelijke veroordeling, onder parketnummer 09/758769-12, van de officier van justitie",None,De beslissing,1,Beslissing,0,0.04013463,0.007684221,0.9346245,0.002289629,0.015267035,2,beslissing
ECLI:NL:RBDHA:2018:3316.txt,"[datum] Dit vonnis is gewezen door [naam], voorzitter, [naam], rechter, [naam], rechter, in tegenwoordigheid van [naam] Hoek, griffier, en uitgesproken ter openbare terechtzitting van deze rechtbank van [datum] Bijlage: de tenlastelegging 1. hij, op één of meer tijdstippen in of omstreeks de periode van [datum] tot en met [datum] te 's-Gravenhage en/of Leidschendam (gemeente Leidschendam Voorburg) en/of elders in Nederland, A) een ander of anderen, te weten [slachtoffer] (geboren op [geboortedatum slachtoffer] 2002), telkens - heeft geworven, vervoerd, overgebracht, gehuisvest of opgenomen, met het oogmerk van seksuele uitbuiting van die [slachtoffer], terwijl die [slachtoffer] de leeftijd van achttien jaren nog niet had bereikt, (sub 2°) en/of - ertoe heeft gebracht zich beschikbaar te stellen tot het verrichten van seksuele handelingen met en/of voor een derde tegen betaling dan wel ten aanzien van die [slachtoffer] (telkens) enige handeling(en) heeft ondernomen waarvan verdachte wist of redelijkerwijs moest vermoeden dat die [slachtoffer] zich daardoor beschikbaar zou stellen tot het verrichten van die seksuele handelingen, terwijl die [slachtoffer] de leeftijd van achttien jaren nog niet had bereikt (sub 5°) en/of B) (telkens) opzettelijk voordeel heeft getrokken uit seksuele handelingen van die ander, te weten [slachtoffer], met en/of voor een derde tegen betaling (sub 8°), terwijl die [slachtoffer] de leeftijd van achttien jaren nog niet had bereikt, immers heeft verdachte (telkens) onder meer - die [slachtoffer] benaderd of laten benaderen en/of - zich voorgedaan als een jongen van 19, althans jonger dan hij verdachte daadwerkelijk is en/of [naam] genaamd en/of - aan die [slachtoffer] gevraagd of zij geld wilde verdienen door seks met mannen te hebben en/of - gezegd tegen die [slachtoffer] dat zij 100 euro zou (kunnen) krijgen voor een uur seks met een man en/of - een advertentie op (een) (seks)site(s) voor die [slachtoffer] aangemaakt en/of - seks met die [slachtoffer] gehad en/of - een kamer in verdachtes woning beschikbaar gesteld voor de prostitutiewerkzaamheden van [slachtoffer] en/of - een werktelefoon voor die [slachtoffer] geregeld en/of - foto's en/of filmpjes van die [slachtoffer] gemaakt waarop zij geheel of gedeeltelijk met ontbloot (boven)lichaam te zien is en/of - contact met eventuele klanten voor die [slachtoffer] gehad en/of - seksafspraken met klanten voor die [slachtoffer] gemaakt; 2. hij op een of meer tijdstip(pen) in of omstreeks de periode van [datum] tot en met [datum] te 's-Gravenhage, althans in Nederland, met [slachtoffer], geboren op [geboortedatum slachtoffer] 2002, die de leeftijd van twaalf jaren maar nog niet die van zestien jaren had bereikt, buiten echt, een of meer ontuchtige handelingen heeft gepleegd, die bestonden uit of mede bestonden uit het seksueel binnendringen van het lichaam van die [slachtoffer], te weten het brengen en/of duwen en/of heen en weer bewegen van zijn, verdachtes, penis en/of één of meer vingers, in de vagina van die [slachtoffer] en/of het brengen en/of duwen en/of heen en weer bewegen van zijn, verdachtes, penis in de mond van die [slachtoffer] en/of het brengen van zijn verdachtes, tong in de mond van die [slachtoffer] en/of het zich af laten trekken door die [slachtoffer]; 3. hij op één of meer tijdstippen in of omstreeks de periode van [datum] tot en met [datum] te 's-Gravenhage, althans in Nederland, meermalen, althans eenmaal, telkens één of meerdere, tenminste twee afbeeldingen, aangetroffen op één of meerdere gegevensdrager(s), waaronder onder andere één of meerdere telefoon(s) (witte Samsung en/of zwarte Samsung type GT I9100 Galaxy SII), van seksuele gedragingen, waarbij iemand die kennelijk de leeftijd van achttien jaar nog niet had bereikt, is betrokken of schijnbaar is betrokken, heeft verspreid door die afbeeldingen toe te zenden naar voornoemde gegevensdrager(s), openlijk tentoongesteld, vervaardigd en/of in bezit gehad, en/of welke afbeeldingen – zakelijk weergegeven - bestonden uit: Foto B15 Op de afbeelding (foto) zit een meisje op een be",None,De beslissing,1,Beslissing,0,0.98768973,0.0021163956,0.002596389,0.004083363,0.003513983,0,None
ECLI:NL:RBDHA:2018:3316.txt,Het meisje zit op een wit met blauw en donkerblauw geruite dekbedhoes.,beoordeling,De beslissing,1,Beslissing,1,0.035603218,0.013769722,0.0018998003,0.93137914,0.017348146,3,materiele feiten
ECLI:NL:RBDHA:2018:3316.txt,Het meisje heeft half lang/lang donker blond haar.,beoordeling,De beslissing,1,Beslissing,1,0.011940625,0.011563707,0.0019013028,0.9555306,0.019063752,3,materiele feiten
ECLI:NL:RBDHA:2018:3316.txt,Het meisje is zichtbaar vanaf haar kin tot aan haar knieën.,beoordeling,De beslissing,1,Beslissing,1,0.09661608,0.028397972,0.0023940878,0.8294497,0.043142114,3,materiele feiten
ECLI:NL:RBDHA:2018:3316.txt,Het meisje zit op het be,beoordeling,De beslissing,1,Beslissing,1,0.44002116,0.03201028,0.004676008,0.50365907,0.019633457,3,materiele feiten
ECLI:NL:RBDHA:2018:3316.txt,Het meisje draagt een zwarte onderbroek en verder is zij naakt.,beoordeling,De beslissing,1,Beslissing,1,0.010331733,0.033612434,0.003420689,0.7632909,0.18934433,3,materiele feiten
ECLI:NL:RBDHA:2018:3316.txt,Op de borst en hals van het meisje zijn drie moedervlekken zichtbaar.,beoordeling,De beslissing,1,Beslissing,1,0.008011149,0.026401466,0.0016585601,0.92113423,0.04279456,3,materiele feiten
ECLI:NL:RBDHA:2018:3316.txt,Foto B16 Op de afbeelding (foto) is een meisje zichtbaar.,beoordeling,De beslissing,1,Beslissing,1,0.6483912,0.01681903,0.0029795873,0.3202682,0.0115419915,0,None
ECLI:NL:RBDHA:2018:3316.txt,Het meisje heeft half lang/lang donkerblond haar.,beoordeling,De beslissing,1,Beslissing,1,0.01134225,0.011794873,0.0017446633,0.9574123,0.017705904,3,materiele feiten
ECLI:NL:RBDHA:2018:3316.txt,Het meisje is zichtbaar vanaf haar hals tot aan haar linker heup.,beoordeling,De beslissing,1,Beslissing,1,0.038326703,0.027580185,0.0018637772,0.8910858,0.04114351,3,materiele feiten
ECLI:NL:RBDHA:2018:3316.txt,Het meisje draagt een donkere onderbroek.,beoordeling,De beslissing,1,Beslissing,1,0.00982646,0.015517263,0.002476343,0.92931885,0.04286115,3,materiele feiten
ECLI:NL:RBDHA:2018:3316.txt,De borsten van het meisje zijn naakt.,beoordeling,De beslissing,1,Beslissing,1,0.02909001,0.030762957,0.0029656712,0.86810166,0.06907972,3,materiele feiten
ECLI:NL:RBDHA:2018:3316.txt,Het meisje draagt om haar hals een kettinkje met daaraan een hangertje in de vorm van een veer.,beoordeling,De beslissing,1,Beslissing,1,0.045193713,0.01830087,0.0027216289,0.9048361,0.028947607,3,materiele feiten
ECLI:NL:RBOBR:2015:1104.txt,De rechtbank is bevoegd van het ten laste gelegde kennis te nemen en de officier van justitie kan in zijn vervolging worden ontvangen.,None,De formele voorvragen.,1,Context,0,0.8762982,0.10640303,0.009615294,0.0016938127,0.005989742,0,None
ECLI:NL:RBOBR:2015:1104.txt,Voorts zijn er geen gronden gebleken voor schorsing van de vervolging.,None,De formele voorvragen.,1,Context,0,0.34083268,0.2617216,0.0012519684,0.0876506,0.30854312,0,None
ECLI:NL:RBOBR:2015:1104.txt,Het standpunt van de officier van justitie.,proceshandelingen,"Het standpunt van de officier van justitie.De officier van justitie acht het onder feit 1 primair, feit 2 en feit 3 ten laste gelegde wettig en overtuigend bewezen.",1,Proceshandelingen partijen,1,0.9688885,0.010667206,0.007147898,0.0016596181,0.011636818,0,None
ECLI:NL:RBOBR:2015:1104.txt,"De officier van justitie acht het onder feit 1 primair, feit 2 en feit 3 ten laste gelegde wettig en overtuigend bewezen.",proceshandelingen,"Het standpunt van de officier van justitie.De officier van justitie acht het onder feit 1 primair, feit 2 en feit 3 ten laste gelegde wettig en overtuigend bewezen.",1,Proceshandelingen partijen,1,0.015792929,0.43184087,0.03409267,0.012699096,0.50557446,4,proceshandelingen
ECLI:NL:RBOBR:2015:1104.txt,Het standpunt van de verdediging.,None,"Het standpunt van de officier van justitie.De officier van justitie acht het onder feit 1 primair, feit 2 en feit 3 ten laste gelegde wettig en overtuigend bewezen.",1,Proceshandelingen partijen,0,0.9503093,0.015275897,0.006610415,0.0023196342,0.025484791,0,None
ECLI:NL:RBOBR:2015:1104.txt,"De verdediging heeft geconcludeerd tot vrijspraak van het onder feit 1 primair, feit 1 subsidiair, feit 2 en feit 3 ten laste gelegde.",proceshandelingen,"Het standpunt van de officier van justitie.De officier van justitie acht het onder feit 1 primair, feit 2 en feit 3 ten laste gelegde wettig en overtuigend bewezen.",1,Proceshandelingen partijen,1,0.030946046,0.06807026,0.00849959,0.008065674,0.8844183,4,proceshandelingen
ECLI:NL:RBOBR:2015:1104.txt,Het oordeel van de rechtbank.,None,"Het standpunt van de officier van justitie.De officier van justitie acht het onder feit 1 primair, feit 2 en feit 3 ten laste gelegde wettig en overtuigend bewezen.",1,Proceshandelingen partijen,0,0.9122826,0.06505954,0.015681764,0.002516962,0.004459074,0,None
ECLI:NL:RBOBR:2015:1104.txt,De rechtbank is van oordeel dat in het procesdossier onvoldoende wettig en overtuigend bewijs voorhanden is waaruit blijkt dat verdachte op [datum] in Düsseldorf betrokken is geweest bij de diefstal van de motorscooter met het kenteken [kenteken].,beoordeling,Ten aanzien van feit 2.,1,Beoordeling,1,0.9423253,0.034631662,0.001324294,0.017979732,0.003739012,0,None
ECLI:NL:RBOBR:2015:1104.txt,"Weliswaar heeft medeverdachte [medeverdachte 2] een voor verdachte belastende verklaring afgelegd, maar dit is onvoldoende om tot een bewezenverklaring van het ten laste gelegde feit te komen.",beoordeling,Ten aanzien van feit 2.,1,Beoordeling,1,0.05331725,0.8582919,0.00071751827,0.049306646,0.03836668,1,beoordeling
ECLI:NL:RBOBR:2015:1104.txt,Gelet op het voorgaande zal de rechtbank verdachte van het onder feit 2 ten laste gelegde vrijspreken.,beoordeling,Ten aanzien van feit 2.,1,Beoordeling,1,0.024058951,0.96561396,0.0026830258,0.0054228418,0.0022212444,1,beoordeling
ECLI:NL:RBOBR:2015:1104.txt,De rechtbank is van oordeel dat in het procesdossier onvoldoende wettig bewijs voorhanden is waaruit blijkt dat verdachte in de periode van [datum] tot en met [datum] te Helmond een auto met het kenteken [kenteken] en een auto met het kenteken [kenteken] heeft weggenomen.,beoordeling,Ten aanzien van feit 3.,1,Beoordeling,1,0.047745034,0.8790426,0.00072541076,0.058102448,0.0143845035,1,beoordeling
ECLI:NL:RBOBR:2015:1104.txt,Gelet op het voorgaande zal de rechtbank verdachte van het onder feit 3 ten laste gelegde vrijspreken.,beoordeling,Ten aanzien van feit 3.,1,Beoordeling,1,0.023220807,0.9664927,0.002621702,0.0054231794,0.0022415465,1,beoordeling
ECLI:NL:RBOBR:2015:1104.txt,"De rechtbank acht wettig en overtuigend bewezen dat verdachte 1.subsidiair op [datum] in Nederland en België, tezamen en in vereniging met anderen, een hoeveelheid sieraden voorhanden heeft gehad en heeft overgedragen, terwijl hij en zijn mededaders ten tijde van het voorhanden krijgen van die hoeveelheid sieraden wisten dat het door misdrijf verkregen goederen betrof; Hetgeen meer of anders is ten laste gelegd dan hierboven bewezen is verklaard, is naar het oordeel van de rechtbank niet bewezen.",beoordeling,De bewezenverklaring,1,Beoordeling,1,0.14230715,0.8368887,0.0013453071,0.015116314,0.0043425886,1,beoordeling
ECLI:NL:RBOBR:2015:1104.txt,Er zijn geen feiten of omstandigheden gebleken die de strafbaarheid van het feit uitsluiten.,beoordeling,De strafbaarheid van het feit.,1,Beoordeling,1,0.69313323,0.22887953,0.0017998166,0.035918158,0.04026927,0,None
ECLI:NL:RBOBR:2015:1104.txt,Er zijn geen feiten of omstandigheden gebleken die de strafbaarheid van verdachte uitsluiten.,beoordeling,De strafbaarheid van verdachte.,1,Beoordeling,1,0.57859707,0.35832265,0.0019684066,0.028461272,0.032650627,0,None
ECLI:NL:RBOBR:2015:1104.txt,Verdachte is daarom strafbaar voor hetgeen bewezen is verklaar,beoordeling,De strafbaarheid van verdachte.,1,Beoordeling,1,0.11900765,0.8633186,0.0070445617,0.0037851601,0.00684402,1,beoordeling
ECLI:NL:RBOBR:2015:1104.txt,"De officier van justitie eist voor feit 1 primair, feit 2 en feit 3 24 maanden gevangenisstraf.",proceshandelingen,De eis van de officier van justitie.,1,Proceshandelingen partijen,1,0.011826491,0.044092778,0.038555507,0.011906762,0.8936184,4,proceshandelingen
ECLI:NL:RBOBR:2015:1104.txt,Een kopie van de vordering van de officier van justitie is aan dit vonnis gehecht.,None,De eis van de officier van justitie.,1,Proceshandelingen partijen,0,0.96680015,0.011379099,0.0017336549,0.006828664,0.013258394,0,None
ECLI:NL:RBOBR:2015:1104.txt,Het oordeel van de rechtbank.,None,"Het standpunt van de officier van justitie.De officier van justitie acht het onder feit 1 primair, feit 2 en feit 3 ten laste gelegde wettig en overtuigend bewezen.",1,Proceshandelingen partijen,0,0.9122826,0.06505954,0.015681764,0.002516962,0.004459074,0,None
ECLI:NL:RBOBR:2015:1104.txt,Bij de beslissing over de straf die aan verdachte dient te worden opgelegd heeft de rechtbank gelet op de aard en de ernst van het bewezen verklaarde en de omstandigheden waaronder dit is begaan.,beoordeling,De eis van de officier van justitie.,1,Proceshandelingen partijen,1,0.054320835,0.9236526,0.0013041479,0.016688341,0.004034106,1,beoordeling
ECLI:NL:RBOBR:2015:1104.txt,Bij de beoordeling van de ernst van het door verdachte gepleegde strafbare feit betrekt de rechtbank het wettelijke strafmaximum en de straffen die voor soortgelijke feiten worden opgeleg,beoordeling,De eis van de officier van justitie.,1,Proceshandelingen partijen,1,0.08853582,0.8860395,0.0016402011,0.020154474,0.0036299904,1,beoordeling
ECLI:NL:RBOBR:2015:1104.txt,Daarnaast houdt de rechtbank bij de strafbepaling rekening met de persoon en de persoonlijke omstandigheden van verdachte.,beoordeling,De eis van de officier van justitie.,1,Proceshandelingen partijen,1,0.046616927,0.923582,0.00096840644,0.021810945,0.0070217256,1,beoordeling
ECLI:NL:RBOBR:2015:1104.txt,De rechtbank heeft in het bijzonder het volgende in aanmerking genomen.,None,De eis van de officier van justitie.,1,Proceshandelingen partijen,0,0.2693174,0.71120185,0.004383514,0.011797983,0.0032992775,1,beoordeling
ECLI:NL:RBOBR:2015:1104.txt,Verdachte heeft zich samen met anderen op [datum] schuldig gemaakt aan opzetheling van een hoeveelheid sieraden die een dag eerder bij een gewelddadige overval op een juwelier buit gemaakt waren.,beoordeling,De eis van de officier van justitie.,1,Proceshandelingen partijen,1,0.0077770445,0.6491522,0.00765897,0.16941272,0.16599901,1,beoordeling
ECLI:NL:RBOBR:2015:1104.txt,Hij is daarmee de daders van een zeer ernstig delict ter wille geweest.,beoordeling,De eis van de officier van justitie.,1,Proceshandelingen partijen,1,0.016847186,0.70763,0.0022237077,0.06542604,0.20787309,1,beoordeling
ECLI:NL:RBOBR:2015:1104.txt,Kijkend naar de persoon van verdachte houdt de rechtbank ten bezware van verdachte rekening met het feit dat verdachte eerder is veroordeeld ter zake een vermogensdelict.,beoordeling,De eis van de officier van justitie.,1,Proceshandelingen partijen,1,0.20283218,0.7703421,0.0015385008,0.019784352,0.0055028615,1,beoordeling
ECLI:NL:RBOBR:2015:1104.txt,In het voordeel van verdachte wordt rekening gehouden met zijn jeugdige leeftij,beoordeling,De eis van de officier van justitie.,1,Proceshandelingen partijen,1,0.008629585,0.35855857,0.004158559,0.30361447,0.32503882,1,beoordeling
ECLI:NL:RBOBR:2015:1104.txt,De rechtbank is van oordeel dat in verband met een juiste normhandhaving niet kan worden volstaan met het opleggen van een andersoortige of geringere straf dan een gevangenisstraf.,beoordeling,De eis van de officier van justitie.,1,Proceshandelingen partijen,1,0.046948034,0.93358797,0.0011355345,0.014069601,0.0042589223,1,beoordeling
ECLI:NL:RBOBR:2015:1104.txt,De rechtbank zal een gedeelte van de gevangenisstraf voorwaardelijk opleggen om verdachte ervan te weerhouden opnieuw strafbare feiten te plegen.,beoordeling,De eis van de officier van justitie.,1,Proceshandelingen partijen,1,0.01777336,0.95352507,0.015454715,0.008774241,0.004472691,1,beoordeling
ECLI:NL:RBOBR:2015:1104.txt,"De rechtbank zal een lichtere straf opleggen dan de door de officier van justitie gevorderde straf, nu de rechtbank verdachte vrijspreekt van de door de officier van justitie bewezen geachte overval op de [bedrijf 1], de diefstal van de motorscooter in Duitsland en de diefstal van twee auto’s.",beoordeling,De eis van de officier van justitie.,1,Proceshandelingen partijen,1,0.97821987,0.013033144,0.0017849007,0.0041285395,0.0028335776,0,None
ECLI:NL:RBOBR:2015:1104.txt,"De vorderingen van de benadeelde partijen [slachtoffer 3], [slachtoffer 2], [slachtoffer 1], [slachtoffer 6], [slachtoffer 5], [slachtoffer 7] en [slachtoffer 8].",None,De eis van de officier van justitie.,1,Proceshandelingen partijen,0,0.98461795,0.002677121,0.002383247,0.0057922816,0.0045295833,0,None
ECLI:NL:RBOBR:2015:1104.txt,De officier van justitie stelt zich op het standpunt dat de schadevordering van de benadeelde [naam benadeelde 1]naar redelijkheid dient te worden vastgeste,proceshandelingen,De eis van de officier van justitie.,1,Proceshandelingen partijen,1,0.026791403,0.007797279,0.005457919,0.0065245293,0.9534289,4,proceshandelingen
ECLI:NL:RBOBR:2015:1104.txt,"De schade van benadeelde [naam benadeelde 2] is weliswaar niet onderbouwd, maar de schade is voldoende duidelijk.",proceshandelingen,De eis van de officier van justitie.,1,Proceshandelingen partijen,1,0.12835716,0.7468358,0.0007261058,0.05953779,0.064543135,1,beoordeling
ECLI:NL:RBOBR:2015:1104.txt,De overige vorderingen van de benadeelden acht de officier van justitie volledig toewijsbaar.,proceshandelingen,De eis van de officier van justitie.,1,Proceshandelingen partijen,1,0.11480379,0.78548723,0.016137367,0.0027510459,0.080820516,1,beoordeling
ECLI:NL:RBOBR:2015:1104.txt,"De verdediging heeft op grond van de in verband met de overval bepleite vrijspraak primair geconcludeerd tot niet-ontvankelijkheidverklaring van de benadeelde partijen [slachtoffer 3], [slachtoffer 2], [slachtoffer 1], [slachtoffer 6] en [slachtoffer 5] in hun vorderingen.",proceshandelingen,De eis van de officier van justitie.,1,Proceshandelingen partijen,1,0.98628217,0.0025167032,0.0021079688,0.0050512166,0.004041969,0,None
ECLI:NL:RBOBR:2015:1104.txt,"Subsidiair dienen de vorderingen van [slachtoffer 3], [slachtoffer 2], Van den [slachtoffer 1] en [slachtoffer 5] niet ontvankelijk te worden verklaard omdat de hoogte van de schade onvoldoende duidelijk is.",proceshandelingen,De eis van de officier van justitie.,1,Proceshandelingen partijen,1,0.9850227,0.0019830551,0.0022134273,0.0054926896,0.005288049,0,None
ECLI:NL:RBOBR:2015:1104.txt,De raadsman heeft zich subsidiair gerefereerd ten aanzien van de door [slachtoffer 6] gevorderde immateriële schade.,proceshandelingen,De eis van de officier van justitie.,1,Proceshandelingen partijen,1,0.011915896,0.10565223,0.0051408396,0.009344255,0.86794674,4,proceshandelingen
ECLI:NL:RBOBR:2015:1104.txt,De materiële schade is onvoldoende onderbouwd en op dit punt dient de vordering dan ook niet ontvankelijk te worden verklaar,proceshandelingen,De eis van de officier van justitie.,1,Proceshandelingen partijen,1,0.07621614,0.84620655,0.0010163357,0.03017982,0.046381187,1,beoordeling
ECLI:NL:RBOBR:2015:1104.txt,De vorderingen van [benadeelden] dienen primair niet ontvankelijk te worden verklaard in verband met de bepleite vrijspraak en subsidiair niet ontvankelijk te worden verklaard omdat de schade onvoldoende is onderbouw,proceshandelingen,De eis van de officier van justitie.,1,Proceshandelingen partijen,1,0.06718805,0.1490568,0.0017218252,0.06875185,0.71328145,4,proceshandelingen
ECLI:NL:RBOBR:2015:1104.txt,"De rechtbank zal de benadeelde partijen niet-ontvankelijk verklaren in hun vorderingen, aangezien de verdachte wordt vrijgesproken van de overval en de diefstal van de Piaggio van [slachtoffer 7] en de auto van [slachtoffer 8] en er een te ver verwijderd verband is tussen de heling van de sieraden en de schade van de benadeelde partijen [slachtoffer 3], [slachtoffer 2], [slachtoffer 1], [slachtoffer 6] en [slachtoffer 5].",beoordeling,De eis van de officier van justitie.,1,Proceshandelingen partijen,1,0.9870192,0.003228098,0.0020845714,0.0041567166,0.0035113562,0,None
ECLI:NL:RBOBR:2015:1104.txt,De rechtbank zal de benadeelde partijen veroordelen in de kosten van de verdachte als bedoeld in artikel 592a van het Wetboek van Strafvordering.,beoordeling,De eis van de officier van justitie.,1,Proceshandelingen partijen,1,0.12371583,0.8529543,0.012577125,0.0037569504,0.0069956984,1,beoordeling
ECLI:NL:RBOBR:2015:1104.txt,Deze kosten worden begroot op nih,beoordeling,De eis van de officier van justitie.,1,Proceshandelingen partijen,1,0.9477036,0.015794434,0.0022217967,0.029914659,0.004365587,0,None
ECLI:NL:RBOBR:2015:1104.txt,"a.v. feit 1 primair, feit 2, feit 3: Vrijspraak De rechtbank verklaart niet bewezen, dat verdachte het onder feit 1 primair, feit 2 en feit 3 ten laste gelegde heeft begaan en spreekt hem daarvan vrij.",None,DE UITSPRAAK,1,Beslissing,0,0.98088694,0.00507352,0.009937753,0.0010708683,0.0030309327,0,None
ECLI:NL:RBOBR:2015:1104.txt,Verklaart het ten laste gelegde bewezen zoals hiervoor is omschreven.,beslissing,DE UITSPRAAK,1,Beslissing,1,0.008958821,0.011312052,0.96349746,0.0015601026,0.014671622,2,beslissing
ECLI:NL:RBOBR:2015:1104.txt,Verklaart niet bewezen hetgeen verdachte meer of anders is ten laste gelegd dan hiervoor bewezen is verklaard en spreekt hem daarvan vrij.,beslissing,DE UITSPRAAK,1,Beslissing,1,0.008942583,0.00784101,0.9688373,0.001692084,0.012686952,2,beslissing
ECLI:NL:RBOBR:2015:1104.txt,Het bewezen verklaarde levert op het misdrijf: T.a.v. feit 1 subsidiair: medeplegen van opzetheling Verklaart verdachte hiervoor strafbaar.,beslissing,DE UITSPRAAK,1,Beslissing,1,0.01933762,0.033998728,0.92653275,0.0018909207,0.01824005,2,beslissing
ECLI:NL:RBOBR:2015:1104.txt,Legt op de volgende straf.,beslissing,DE UITSPRAAK,1,Beslissing,1,0.06068828,0.010269266,0.8931023,0.004021375,0.031918835,2,beslissing
ECLI:NL:RBOBR:2015:1104.txt,Gevangenisstraf voor de duur van 180 dagen met aftrek overeenkomstig artikel 27 Wetboek van Strafrecht waarvan 80 dagen voorwaardelijk met een proeftijd van 2 jaren Stelt als algemene voorwaarde dat de verdachte: - zich voor het einde van de proeftijd niet schuldig maakt aan een strafbaar feit Opheffing van het tegen verdachte verleende bevel tot voorlopige hechtenis met ingang van heden.,beslissing,DE UITSPRAAK,1,Beslissing,1,0.41500506,0.008955282,0.54747164,0.00385377,0.024714287,2,beslissing
ECLI:NL:RBOBR:2015:1104.txt,Deze voorlopige hechtenis is op [datum] reeds geschorst.,beslissing,DE UITSPRAAK,1,Beslissing,1,0.044562224,0.03549057,0.0032622912,0.6943002,0.22238477,3,materiele feiten
ECLI:NL:RBOBR:2015:1104.txt,"a.v. feit 1 primair, feit 1 subsidiair: Niet-ontvankelijkverklaring van de benadeelde partij [slachtoffer 3] in de vordering.",None,DE UITSPRAAK,1,Beslissing,0,0.7116676,0.017631797,0.15510848,0.0036669264,0.11192517,0,None
ECLI:NL:RBOBR:2015:1104.txt,Veroordeelt de benadeelde partij in de kosten van de verdachte tot op heden begroot op nih,beslissing,DE UITSPRAAK,1,Beslissing,1,0.22395195,0.007504369,0.71991116,0.0030715973,0.04556094,2,beslissing
ECLI:NL:RBOBR:2015:1104.txt,"a.v. feit 1 primair, feit 1 subsidiair: Niet-ontvankelijkverklaring van de benadeelde partij [slachtoffer 2] in de vordering.",None,DE UITSPRAAK,1,Beslissing,0,0.6775364,0.018460717,0.19036019,0.003616275,0.11002635,0,None
ECLI:NL:RBOBR:2015:1104.txt,Veroordeelt de benadeelde partij in de kosten van de verdachte tot op heden begroot op nih,beslissing,DE UITSPRAAK,1,Beslissing,1,0.22395195,0.007504369,0.71991116,0.0030715973,0.04556094,2,beslissing
ECLI:NL:RBOBR:2015:1104.txt,"a.v. feit 1 primair, feit 1 subsidiair: Niet-ontvankelijkverklaring van de benadeelde partij [slachtoffer 1] in de vordering.",None,DE UITSPRAAK,1,Beslissing,0,0.6723106,0.018312804,0.19540483,0.0036657376,0.110306114,0,None
ECLI:NL:RBOBR:2015:1104.txt,Veroordeelt de benadeelde partij in de kosten van de verdachte tot op heden begroot op nih,beslissing,DE UITSPRAAK,1,Beslissing,1,0.22395195,0.007504369,0.71991116,0.0030715973,0.04556094,2,beslissing
ECLI:NL:RBOBR:2015:1104.txt,"a.v. feit 1 primair, feit 1 subsidiair: Niet-ontvankelijkverklaring van de benadeelde partij [slachtoffer 6] in de vordering.",None,DE UITSPRAAK,1,Beslissing,0,0.72072804,0.01768288,0.14719468,0.0036592076,0.110735185,0,None
ECLI:NL:RBOBR:2015:1104.txt,Veroordeelt de benadeelde partij in de kosten van de verdachte tot op heden begroot op nih,beslissing,DE UITSPRAAK,1,Beslissing,1,0.22395277,0.007504369,0.71991026,0.003071605,0.045561023,2,beslissing
ECLI:NL:RBOBR:2015:1104.txt,"a.v. feit 1 primair, feit 1 subsidiair: Niet-ontvankelijkverklaring van de benadeelde partij [slachtoffer 5] in de vordering.",None,DE UITSPRAAK,1,Beslissing,0,0.7026614,0.017618231,0.1619132,0.003602154,0.11420502,0,None
ECLI:NL:RBOBR:2015:1104.txt,Veroordeelt de benadeelde partij in de kosten van de verdachte tot op heden begroot op nih,beslissing,DE UITSPRAAK,1,Beslissing,1,0.22395277,0.007504369,0.71991026,0.003071605,0.045561023,2,beslissing
ECLI:NL:RBOBR:2015:1104.txt,a.v. feit 2: Niet-ontvankelijkverklaring van de benadeelde partij [slachtoffer 7] in de vordering.,None,DE UITSPRAAK,1,Beslissing,0,0.8030041,0.01695975,0.123963736,0.0028063182,0.053266067,0,None
ECLI:NL:RBOBR:2015:1104.txt,Veroordeelt de benadeelde partij in de kosten van de verdachte tot op heden begroot op nih,beslissing,DE UITSPRAAK,1,Beslissing,1,0.22395277,0.007504369,0.71991026,0.003071605,0.045561023,2,beslissing
ECLI:NL:RBOBR:2015:1104.txt,a.v. feit 3: Niet-ontvankelijkverklaring van de benadeelde partij [slachtoffer 8] in de vordering.,None,DE UITSPRAAK,1,Beslissing,0,0.7976197,0.016854566,0.13484977,0.0025446964,0.04813122,0,None
ECLI:NL:RBOBR:2015:1104.txt,Veroordeelt de benadeelde partij in de kosten van de verdachte tot op heden begroot op nih,beslissing,DE UITSPRAAK,1,Beslissing,1,0.22395277,0.007504369,0.71991026,0.003071605,0.045561023,2,beslissing
ECLI:NL:RBOBR:2015:1104.txt,"Dit vonnis is gewezen door: [naam] Kort, voorzitter, [naam] en [naam], leden, in tegenwoordigheid van [naam], griffier, en is uitgesproken op [datum]",None,DE UITSPRAAK,1,Beslissing,0,0.9857245,0.0027412523,0.0022200046,0.005545385,0.0037689162,0,None
ECLI:NL:GHARL:2017:8427.txt,Belanghebbende heeft gedurende het gehele jaar 2013 dagbladen bezorgd voor [A] BV (hierna: [A] ) en [B] NV (hierna: [B] ).,materiele feiten,Vaststaande feiten,1,Feiten,1,0.16202502,0.0054424424,0.00127157,0.7765813,0.054679666,3,materiele feiten
ECLI:NL:GHARL:2017:8427.txt,De werkzaamheden vonden dagelijks van maandag tot en met zaterdag plaats gedurende ongeveer twee en een half uur per dag.,materiele feiten,Vaststaande feiten,1,Feiten,1,0.025942752,0.013839555,0.001962722,0.94330865,0.014946318,3,materiele feiten
ECLI:NL:GHARL:2017:8427.txt,De te bezorgen dagbladen werden ‘s-morgens vroeg opgehaald bij de depothouder van de betreffende uitgever en dienden voor zeven uur te worden bezorg,materiele feiten,Vaststaande feiten,1,Feiten,1,0.07464367,0.014596255,0.0017734321,0.88216144,0.026825242,3,materiele feiten
ECLI:NL:GHARL:2017:8427.txt,"Tot de gedingsstukken behoort een exemplaar van de “Voorwaarden Overeenkomst van opdracht [B1] ”, uitgegeven door [B2], [datum] Hierin is, voor zover voor dit geding van belang, het volgende vermeld: “ Artikel 2 - Opdracht bezorgers",None,Vaststaande feiten,1,Feiten,0,0.9862671,0.0026135456,0.0018942864,0.0061032786,0.003121815,0,None
ECLI:NL:GHARL:2017:8427.txt,"De opdracht omvat: - Het (doen) (na)bezorgen van dagbladen of andere producten op door de opdrachtgever aangegeven adressen. - Het (doen) insteken on gelijktijdig met de hiervoor genoemde dagbladen (doen) bezorgen van door opdrachtgever geleverde bijlagen en folders. - Het huis-aan-huis (doen) verspreiden van dagbladen en overige producten. - Andere vergelijkbare opdrachten, zoals bijvoorbeeld het bij calamiteiten (doen) bezorgen van een informatie(nood)brief op door de opdrachtgever aangegeven adressen.",None,Vaststaande feiten,1,Feiten,0,0.7566236,0.0123837935,0.010591592,0.20267351,0.01772746,0,None
ECLI:NL:GHARL:2017:8427.txt,De bezorgopdrachten inzake ochtendkranten dienen door de week vóór 7.00 uur te zijn beëindig,None,Vaststaande feiten,1,Feiten,0,0.12869129,0.01310204,0.0023351554,0.80841976,0.0474518,3,materiele feiten
ECLI:NL:GHARL:2017:8427.txt,Op zaterdag kan eventueel een afwijkend bezorgtijdstip gelden.,None,Vaststaande feiten,1,Feiten,0,0.74539715,0.02182206,0.002449618,0.2088977,0.02143339,0,None
ECLI:NL:GHARL:2017:8427.txt,De bezorgopdrachten inzake middagkranten dienen door de week vóór 18.00 uur te zijn beëindig,None,Vaststaande feiten,1,Feiten,0,0.11918878,0.013533169,0.0024484564,0.81873417,0.04609541,3,materiele feiten
ECLI:NL:GHARL:2017:8427.txt,Op zaterdag kan eventueel een afwijkend bezorgtijdstip gelden.,None,Vaststaande feiten,1,Feiten,0,0.74539715,0.02182206,0.002449618,0.2088977,0.02143339,0,None
ECLI:NL:GHARL:2017:8427.txt,"De bezorgopdrachten inzake nabezorging dienen te zijn beëindigd yóór de tijdstippen zoals genoemd onder ""aanvullende gegevens en bepalingen"" in de overeenkomst van opdracht.",None,Vaststaande feiten,1,Feiten,0,0.9385348,0.009773198,0.0021656197,0.02935714,0.020169355,0,None
ECLI:NL:GHARL:2017:8427.txt,In geval er ook op zondag wordt bezorgd (aangegeven in overeenkomst van opdracht) gelden er afwijkende tijdstippen welke in do overeenkomst moeten worden aangegeven.,None,Vaststaande feiten,1,Feiten,0,0.9513906,0.0068160123,0.0016483066,0.028407006,0.011738038,0,None
ECLI:NL:GHARL:2017:8427.txt,Wijzigingen in de te bezorgen adressen mogen slechts door opdrachtnemer worden doorgevoerd indien deze vermeld staan op de door opdrachtgever aangeleverde looplijst(en).,None,Vaststaande feiten,1,Feiten,0,0.98084706,0.005240254,0.0016555511,0.007428186,0.0048288973,0,None
ECLI:NL:GHARL:2017:8427.txt,Verzoeken tot wijziging van bezorgadres(sen) door derden mogen door opdrachtnemer niet worden geaccepteerd dan wet doorgevoer,None,Vaststaande feiten,1,Feiten,0,0.93328756,0.033668417,0.002736243,0.00801971,0.022287982,0,None
ECLI:NL:GHARL:2017:8427.txt,"Bij problemen van welke aard dan ook, alsmede bij een eventueel tekort aan kranten, dient opdrachtnemer dan wet zijn vervanger direct contact op te nemen met zijn verdeelplaatsbeheerder of met de distributie afdeling Binnendienst van opdrachtgever.",None,Vaststaande feiten,1,Feiten,0,0.9413121,0.008440321,0.0019911723,0.030906059,0.017350283,0,None
ECLI:NL:GHARL:2017:8427.txt,(...) Artikel 5 – Vervanging,None,Vaststaande feiten,1,Feiten,0,0.9882272,0.00375154,0.0019293446,0.0032332262,0.0028587717,0,None
ECLI:NL:GHARL:2017:8427.txt,"Opdrachtnemer is niet verplicht de opdrachten persoonlijk te verrichten en kan zich voor eigen rekening door anderen laten vervangen, dan wel laten bijstaan.",None,Vaststaande feiten,1,Feiten,0,0.9597953,0.0071442127,0.0025202718,0.011295043,0.019245159,0,None
ECLI:NL:GHARL:2017:8427.txt,Dit alles echter met dien verstande dat de bepalingen uit de Arbeidstijdenwet inzake tewerkstelling van jongeren en uit de Wet Arbeid Vreemdelingen (WAV) nagevolgd dienen te worden.,None,Vaststaande feiten,1,Feiten,0,0.16250198,0.7821717,0.0018233906,0.027157571,0.026345266,1,beoordeling
ECLI:NL:GHARL:2017:8427.txt,"Indien opdrachtnemer wegens vakantie, ziekte of om welke reden dan ook tot het verrichten van zijn opdrachten niet in staat is, dient hij zelf te zorgen voor vervanging.",None,Vaststaande feiten,1,Feiten,0,0.904794,0.010459102,0.005591007,0.0642065,0.014949394,0,None
ECLI:NL:GHARL:2017:8427.txt,In geval er sprake is van vervanging dan wel bijstand blijft opdrachtnemer zelf eindverantwoordelijk voor de uitvoering van de overeengekomen opdracht.,None,Vaststaande feiten,1,Feiten,0,0.93268186,0.009578423,0.0037784441,0.025183154,0.028778097,0,None
ECLI:NL:GHARL:2017:8427.txt,Opdrachtnemer zorgt er bovendien voor dat opdrachtgever direct of indirect op de hoogte wordt gesteld van de persoonlijke gegevens van de vervanger.,None,Vaststaande feiten,1,Feiten,0,0.7516487,0.12903722,0.005323866,0.05589152,0.05809867,0,None
ECLI:NL:GHARL:2017:8427.txt,"Dit dient zo spoedig mogelijk te gebeuren, doch in elk geval ruim voordat de vervanger met de werkzaamheden is begonnen.",None,Vaststaande feiten,1,Feiten,0,0.8352235,0.026451653,0.008557912,0.09038355,0.039383363,0,None
ECLI:NL:GHARL:2017:8427.txt,"Hiertoe dient de vervanger zich met zijn origineel, geldig en wettelijk goedgekeurd ID-bewijs tijdig te melden bij de betreffende verdeelplaatsbeheerder of rayonmanager.",None,Vaststaande feiten,1,Feiten,0,0.93070036,0.017147237,0.0013284308,0.031922664,0.018901318,0,None
ECLI:NL:GHARL:2017:8427.txt,Opdrachtnemer machtigt opdrachtgever bij vervanging desgewenst zijn vervanger namens hem rechtstreeks uit te betalen.,None,Vaststaande feiten,1,Feiten,0,0.7439654,0.006310954,0.013529547,0.1525976,0.083596475,0,None
ECLI:NL:GHARL:2017:8427.txt,Deze rechtstreekse uitbetaling zal vervolgens in mindering worden gebracht op de vergoeding welke aan opdrachtnemer dient te worden uitbetaa,None,Vaststaande feiten,1,Feiten,0,0.83780485,0.06604081,0.0051186145,0.05776133,0.033274386,0,None
ECLI:NL:GHARL:2017:8427.txt,"Indien de vervanging langer duurt dan vier weken, zal de overeenkomst van opdracht met opdrachtnemer door opdrachtgever worden ontbonden en zal een nieuwe overeenkomst van opdracht worden aangegaan met de vervanger of een andere persoon, tenzij er op dat moment zicht op is dat opdrachtnemer gezien de reden van de afwezigheid binnen redelijke termijn weer zelf in staat zal zijn de opdrachten uit te voeren.",None,Vaststaande feiten,1,Feiten,0,0.967841,0.006102199,0.0027400488,0.012991861,0.010324853,0,None
ECLI:NL:GHARL:2017:8427.txt,Bij het aangaan van de overeenkomst van opdracht met de vervanger of een andere persoon geldt de aannameprocedure zoals hiervoor is beschreven.,None,Vaststaande feiten,1,Feiten,0,0.8742124,0.03294694,0.0014544432,0.070241064,0.021145133,0,None
ECLI:NL:GHARL:2017:8427.txt,(...)”,None,Vaststaande feiten,1,Feiten,0,0.9868522,0.003440165,0.0024756317,0.0041905195,0.0030414148,0,None
ECLI:NL:GHARL:2017:8427.txt,Tot de gedingstukken behoort voorts een “Convenant Uitgeefsector” van [datum] (hierna: het convenant).,None,Vaststaande feiten,1,Feiten,0,0.09638975,0.0736879,0.0012599635,0.79054886,0.0381135,3,materiele feiten
ECLI:NL:GHARL:2017:8427.txt,Hierin zijn afspraken tussen vertegenwoordigers van de uitgeefsector en van de Belastingdienst vastgelegd over de belastingheffing.,None,Vaststaande feiten,1,Feiten,0,0.50547063,0.03102748,0.001739321,0.41757995,0.04418255,0,None
ECLI:NL:GHARL:2017:8427.txt,Het convenant is op [datum] in werking getreden en heeft onder andere betrekking op de fiscale behandeling van vergoedingen aan dagbladbezorgers.,None,Vaststaande feiten,1,Feiten,0,0.75037867,0.016637681,0.0017139447,0.21777305,0.013496656,0,None
ECLI:NL:GHARL:2017:8427.txt,"In het convenant is hierover, voor zover voor dit geding van belang, het volgende opgenomen. “0 Inleiding (...) Indien in deze regeling wordt gesproken over opdrachtnemers dan worden daarmee alle functies binnen de distributieorganisatie bedoeld zoals: (...) (na)bezorger (...).",None,Vaststaande feiten,1,Feiten,0,0.9867988,0.003912022,0.001757079,0.004892624,0.0026394078,0,None
ECLI:NL:GHARL:2017:8427.txt,"(..) Indien schriftelijk contractueel is overeengekomen dat een opdrachtnemer het recht heeft zich voor het uitvoeren van de opdracht te laten vervangen door een derde dan wel dat de opdrachtnemer niet gehouden is de werkzaamheden persoonlijk te verrichten en de feiten en omstandigheden hiermee in overeenstemming zijn, is geen sprake van een arbeidsovereenkomst naar het burgerlijk recht (art. 7:610 Burgerlijk Wetboek, hierna BW) en zal voor de fiscale en sociale verzekeringsrechtelijke duiding steeds worden aangenomen dat sprake is van een fictieve dienstbetrekking (zie hierna onder 1.3) dan wel van een overeenkomst van opdracht (art. 7:400 BW).",None,Vaststaande feiten,1,Feiten,0,0.9877796,0.0038022583,0.0018272424,0.0033612782,0.0032294234,0,None
ECLI:NL:GHARL:2017:8427.txt,Met betrekking tot de hiervoor genoemde functies binnen de distributieorganisatie hebben partijen vastgesteld dat met betrekking tot hetgeen schriftelijk is overeengekomen in de praktijk ook feitelijk wordt voldaan aan de begrippen vrijelijke vervanging en onverplichte persoonlijke arbe,None,Vaststaande feiten,1,Feiten,0,0.2631411,0.04831404,0.0010461683,0.6332054,0.054293316,3,materiele feiten
ECLI:NL:GHARL:2017:8427.txt,"(...) Opdrachtnemers die met in het bezit zijn van een VAR WUO of VAR DGA verrichten de werkzaamheden niet in een privaatrechtelijke dienstbetrekking, als schriftelijk bepaald is dat zij zich vrijelijk kunnen laten vervangen en de feiten en omstandigheden hiermee in overeenstemming zijn.",None,Vaststaande feiten,1,Feiten,0,0.9879588,0.0031561991,0.0021002945,0.0034679307,0.0033168301,0,None
ECLI:NL:GHARL:2017:8427.txt,In dat geval ontbreekt de verplichting om persoonlijk arbeid te verrichten en daarmede wordt aan een van de drie gestelde eisen voor de aanwezigheid van een privaatrechtelijke dienstbetrekking niet voldaan Met betrekking tot de hiervoor genoemde functies binnen de distributieorganisatie hebben partijen vastgesteld dat in de praktijk feitelijk wordt voldaan aan de begrippen vrijelijke vervanging en onverplichte persoonlijke arbeid.”,None,Vaststaande feiten,1,Feiten,0,0.9792758,0.0052674403,0.0014167223,0.008661592,0.0053783357,0,None
ECLI:NL:GHARL:2017:8427.txt,"In het convenant is verder opgenomen dat indien inkomsten als resultaat uit overige werkzaamheden moeten worden aangemerkt, deze door middel van het “invoerprogramma IB-47” aan de Belastingdienst zullen worden doorgegeven.",materiele feiten,Vaststaande feiten,1,Feiten,1,0.3491812,0.060950782,0.0014486144,0.53746206,0.05095732,3,materiele feiten
ECLI:NL:GHARL:2017:8427.txt,Tot de gedingstukken behoort een “Convenant Dagbladen Distributie” van [datum] waarin vergelijkbare bepalingen als in het convenant uit 2013 zijn opgenomen.,materiele feiten,Vaststaande feiten,1,Feiten,1,0.1020647,0.050043646,0.0011852703,0.80173296,0.044973463,3,materiele feiten
ECLI:NL:GHARL:2017:8427.txt,[A] en [B] hebben aan de Inspecteur opgave gedaan van de aan belanghebbende in het jaar 2013 uitbetaalde bedragen.,materiele feiten,Vaststaande feiten,1,Feiten,1,0.07268736,0.006854649,0.0007187969,0.8897866,0.029952688,3,materiele feiten
ECLI:NL:GHARL:2017:8427.txt,Het gaat om [geld] respectievelijk [geld],materiele feiten,Vaststaande feiten,1,Feiten,1,0.050859593,0.05321166,0.0013448449,0.7858511,0.10873276,3,materiele feiten
ECLI:NL:GHARL:2017:8427.txt,Tot de gedingstukken behoort verder een brief van [C] (behorend tot [B] ) aan belanghebbende [datum] waarin opgaaf wordt gedaan van de aan belanghebbende in het jaar 2014 uitbetaalde vergoeding.,materiele feiten,Vaststaande feiten,1,Feiten,1,0.08724635,0.0315327,0.0009011794,0.80617243,0.0741473,3,materiele feiten
ECLI:NL:GHARL:2017:8427.txt,Hierin wordt opgemerkt: “Het bedrag wat u in totaal aan bezorgvergoeding hebt ontvangen dient u in uw aangifte inkomstenbelasting 2014 te betrekken.,None,Vaststaande feiten,1,Feiten,0,0.97791207,0.0041125086,0.001532003,0.013122125,0.003321275,0,None
ECLI:NL:GHARL:2017:8427.txt,Dit is dus inclusief de “kosten”.,None,Vaststaande feiten,1,Feiten,0,0.92076236,0.020695195,0.0016111493,0.035673548,0.021257803,0,None
ECLI:NL:GHARL:2017:8427.txt,Op basis van wettelijke verplichtingen zijn wij gehouden deze gegevens aan de Belastingdienst te verstrekken.,None,Vaststaande feiten,1,Feiten,0,0.9749619,0.005566822,0.001791226,0.012361423,0.005318694,0,None
ECLI:NL:GHARL:2017:8427.txt,De door u daadwerkelijk gemaakte kosten voor deze werkzaamheden zijn zichtbaar (onbelaste uitbetaling) op de vergoedingenspecificaties die u van ons hebt ontvangen of terug kunt vinden op ons webportalBezoegers.n,None,Vaststaande feiten,1,Feiten,0,0.9523336,0.008625487,0.0015170537,0.02972775,0.007796027,0,None
ECLI:NL:GHARL:2017:8427.txt,U zult kosten op basis van bewijsbare gegevens (nota’s) etc.) dienen te doen.,None,Vaststaande feiten,1,Feiten,0,0.7911374,0.15983656,0.002475199,0.02608571,0.02046506,0,None
ECLI:NL:GHARL:2017:8427.txt,Voor deze aftrek bent u dus zelf verantwoordelijk.,None,Vaststaande feiten,1,Feiten,0,0.81656957,0.1232151,0.002877535,0.023643056,0.033694703,0,None
ECLI:NL:GHARL:2017:8427.txt,"Op het genoemde bedrag in deze jaaropgave zijn geen loonheffingen ingehouden, aangezien u niet in loondienst bent maar werkzaamheden verricht aan de hand van een Overeenkomst van Opdracht.” Een jaaropgave over het jaar 2014 van [A] aan belanghebbende met dezelfde strekking (er sprake van opbrengsten uit overige werkzaamheden) behoort tot de gedingstukken.",None,Vaststaande feiten,1,Feiten,0,0.9584493,0.009876485,0.0013594776,0.022338308,0.007976348,0,None
ECLI:NL:GHARL:2017:8427.txt,Belanghebbende heeft aangifte gedaan van een belastbaar inkomen uit werk en woning van [geld] Hierin zijn voormelde bedragen niet begrepen.,materiele feiten,Vaststaande feiten,1,Feiten,1,0.021559885,0.008352807,0.0006629663,0.9453231,0.024101311,3,materiele feiten
ECLI:NL:GHARL:2017:8427.txt,De Inspecteur heeft het aangegeven inkomen verhoogd met de som van beide bedragen ([geld]).,materiele feiten,Vaststaande feiten,1,Feiten,1,0.035185326,0.004803177,0.0009826141,0.9299953,0.029033612,3,materiele feiten
ECLI:NL:GHARL:2017:8427.txt,Het belastbare inkomen uit werk en woning voor de heffing van IB/PVV is daarbij vastgesteld op [geld] en het bijdrage-inkomen voor de premie ZVW op [geld] De van [A] en [B] ontvangen bedragen zijn daarbij aangemerkt als resultaat uit overige werkzaamheden.,materiele feiten,Vaststaande feiten,1,Feiten,1,0.06374433,0.041653305,0.00089383847,0.8538072,0.039901376,3,materiele feiten
ECLI:NL:GHARL:2017:8427.txt,"Belanghebbende en een aantal ander bezorgers hebben tegen [A] een civiele procedure aangespannen voor de kantonrechter van de Rechtbank Amsterdam, waarbij zij gevorderd hebben voor recht te verklaren dat de eisers in dienstbetrekking staan of stonden tot [A].",None,Vaststaande feiten,1,Feiten,0,0.945138,0.0033342242,0.0017682685,0.042635437,0.007124233,0,None
ECLI:NL:GHARL:2017:8427.txt,"Bij uitspraak van [datum] nr. 5567951, ECLI:NL:RBAMS:2017:5119, heeft deze rechtbank beslist dat belanghebbende niet in dienstbetrekking was bij [A] vanwege het ontbreken van de verplichting persoonlijk arbeid te verrichten.",None,Vaststaande feiten,1,Feiten,0,0.88370115,0.035783205,0.0011100358,0.06890002,0.010505686,0,None
ECLI:NL:GHARL:2017:8427.txt,In geschil zijn de aanslagen IB/PVV en ZVW.,beoordeling,Geschil,1,Proceshandelingen partijen,1,0.017307958,0.8852689,0.0015841078,0.054588564,0.041250437,1,beoordeling
ECLI:NL:GHARL:2017:8427.txt,Meer in het bijzonder is de kwalificatie van de van [A] en [B] (hierna: de uitgevers) afkomstige inkomsten in gesch,beoordeling,Geschil,1,Proceshandelingen partijen,1,0.015170641,0.9551917,0.001039118,0.015087434,0.013511094,1,beoordeling
ECLI:NL:GHARL:2017:8427.txt,Belanghebbende betoogt dat deze inkomsten moeten worden aangemerkt als loon uit dienstbetrekking.,proceshandelingen,Geschil,1,Proceshandelingen partijen,1,0.007081154,0.008981004,0.0024114738,0.025630161,0.95589626,4,proceshandelingen
ECLI:NL:GHARL:2017:8427.txt,Dat een beloning wordt ontvangen voor de werkzaamheden als bezorger is niet in gesch,proceshandelingen,Geschil,1,Proceshandelingen partijen,1,0.2047576,0.7602057,0.0019095461,0.010129151,0.022997977,1,beoordeling
ECLI:NL:GHARL:2017:8427.txt,Volgens belanghebbende is sprake van een gezagsverhouding tussen hem en de uitgevers.,proceshandelingen,Geschil,1,Proceshandelingen partijen,1,0.014018821,0.009828747,0.0012594457,0.115642555,0.85925037,4,proceshandelingen
ECLI:NL:GHARL:2017:8427.txt,Daarnaast is volgens belanghebbende sprake van een verplichting persoonlijk de betreffende arbeid te verrichten.,proceshandelingen,Geschil,1,Proceshandelingen partijen,1,0.011034139,0.01619483,0.0011663719,0.072039515,0.89956516,4,proceshandelingen
ECLI:NL:GHARL:2017:8427.txt,"Door de omstandigheden waaronder de werkzaamheden moeten worden verricht en de in zijn ogen zeer lage beloning daarvoor, is sprake van uitbuiting van de bezorgers.",proceshandelingen,Geschil,1,Proceshandelingen partijen,1,0.07255795,0.16683379,0.0014512028,0.42811507,0.331042,3,materiele feiten
ECLI:NL:GHARL:2017:8427.txt,Op de inhoud van de geldende algemene voorwaarden van [B] heeft hij geen enkele invloed kunnen uitoefenen.,proceshandelingen,Geschil,1,Proceshandelingen partijen,1,0.08600297,0.19537665,0.0024583398,0.026283914,0.6898781,4,proceshandelingen
ECLI:NL:GHARL:2017:8427.txt,Uit die voorwaarden en ook in de praktijk blijkt in ieder geval dat de uitgevers instructies geven over de inhoud van het werk.,proceshandelingen,Geschil,1,Proceshandelingen partijen,1,0.047665346,0.91955507,0.0012546879,0.016177148,0.01534785,1,beoordeling
ECLI:NL:GHARL:2017:8427.txt,Door de zeer lage beloning kan een bezorger - die volgens belanghebbende meestal in een zeer zwakke economische positie verkeert - het zich niet veroorloven ziek te zijn of vakantie te nemen en is daarom van vrije vervangbaarheid in werkelijkheid geen sprake.,proceshandelingen,Geschil,1,Proceshandelingen partijen,1,0.07424879,0.09475852,0.00084476883,0.3395164,0.49063152,4,proceshandelingen
ECLI:NL:GHARL:2017:8427.txt,Het Hof dient volgens belanghebbende het geschil ook vanuit een ethisch oogpunt te beoordelen en dient daarom de zich in een zwakke positie bevindende bezorgers te beschermen tegen uitbuiting.,proceshandelingen,Geschil,1,Proceshandelingen partijen,1,0.28539065,0.6602681,0.0013449322,0.010145359,0.042850964,1,beoordeling
ECLI:NL:GHARL:2017:8427.txt,Omdat sprake is van loon uit dienstbetrekking rust de verantwoordelijkheid voor het achterwege blijven van inhouding van loonheffing op de uitgevers en komt de Inspecteur niet het recht toe IB/PVV bij belanghebbende te heffen.,proceshandelingen,Geschil,1,Proceshandelingen partijen,1,0.1658004,0.49506477,0.001237401,0.086263716,0.25163376,1,beoordeling
ECLI:NL:GHARL:2017:8427.txt,Omdat sprake is van loon uit dienstbetrekking moet de aanslag ZVW vervallen.,proceshandelingen,Geschil,1,Proceshandelingen partijen,1,0.63193065,0.116171174,0.003983997,0.11290296,0.13501121,0,None
ECLI:NL:GHARL:2017:8427.txt,"Daarnaast stelt belanghebbende dat het gelijkheidsbeginsel wordt geschonden omdat hij wel wordt belast voor de genoten inkomsten, maar dat heffing bij de meeste collega’s achterwege blijft omdat de inkomsten door hen zwart worden ontvangen en de uitgevers die inkomsten niet doorgeven aan de Belastingdienst.",proceshandelingen,Geschil,1,Proceshandelingen partijen,1,0.0115939835,0.01236638,0.0016820679,0.010952019,0.96340555,4,proceshandelingen
ECLI:NL:GHARL:2017:8427.txt,De Inspecteur betoogt dat sprake is van resultaat uit overige werkzaamheden.,proceshandelingen,Geschil,1,Proceshandelingen partijen,1,0.009467861,0.006929914,0.0032216646,0.06271254,0.91766804,4,proceshandelingen
ECLI:NL:GHARL:2017:8427.txt,Van loon is volgens de Inspecteur geen sprake omdat belanghebbende niet verplicht is de werkzaamheden persoonlijk te verrichten.,proceshandelingen,Geschil,1,Proceshandelingen partijen,1,0.023386503,0.010748655,0.0017121773,0.14708124,0.8170714,4,proceshandelingen
ECLI:NL:GHARL:2017:8427.txt,Hij wijst daarbij op de algemene voorwaarden van [B] en op hetgeen daarover in de convenanten is vastgeleg,proceshandelingen,Geschil,1,Proceshandelingen partijen,1,0.0357405,0.022892598,0.0048040166,0.009268462,0.92729443,4,proceshandelingen
ECLI:NL:GHARL:2017:8427.txt,"Ook is volgens de Inspecteur geen sprake van de voor een dienstbetrekking noodzakelijke gezagsverhouding, omdat de instructiebevoegdheid van de uitgevers niet uitgaat boven de instructiebevoegdheid die in gevallen van een overeenkomst van opdracht aan de opdrachtgever toekomen.",proceshandelingen,Geschil,1,Proceshandelingen partijen,1,0.028366534,0.008401795,0.0017283842,0.090645246,0.870858,4,proceshandelingen
ECLI:NL:GHARL:2017:8427.txt,"Tussen partijen is niet in geschil dat geen sprake is van een fictieve dienstbetrekking als bedoeld in artikel 4, lid 1, onderdeel e, van de Wet op de loonbelasting 1964 juncto artikel 2c van het Uitvoeringsbesluit loonbelasting 1965 (gelijkgesteldenregeling) omdat niet aan de daarvoor geldende inkomenseis wordt voldaan.",beoordeling,Geschil,1,Proceshandelingen partijen,1,0.05216605,0.9249972,0.0009754694,0.010197793,0.011663456,1,beoordeling
ECLI:NL:GHARL:2017:8427.txt,"Het geschil tussen partijen betreft de vraag of de arbeidsinkomsten die belanghebbende in 2013 van de uitgevers heeft genoten, moeten worden aangemerkt als loon uit dienstbetrekking als bedoeld in artikel 3.81 van de wet IB 2001 of als resultaat uit overige werkzaamheden als bedoeld in artikel 3.90 in verbinding met artikel 3.94 van die wet.",beoordeling,Beoordeling van het geschil,1,Beoordeling,1,0.026693843,0.95193475,0.00089891517,0.010790836,0.009681601,1,beoordeling
ECLI:NL:GHARL:2017:8427.txt,Niet in geschil is dat de inkomsten niet als winst uit onderneming kunnen worden aangemerkt.,beoordeling,Beoordeling van het geschil,1,Beoordeling,1,0.05019806,0.9356803,0.0013765491,0.007377393,0.0053676795,1,beoordeling
ECLI:NL:GHARL:2017:8427.txt,"De volgorde waarin de verschillende bronnen van inkomen in de Wet IB 2001 zijn opgenomen, brengt dan met zich dat eerst moet worden beoordeeld of sprake is van loon uit dienstbetrekking.",beoordeling,Beoordeling van het geschil,1,Beoordeling,1,0.17138402,0.78922963,0.0020166333,0.027533837,0.009835849,1,beoordeling
ECLI:NL:GHARL:2017:8427.txt,Ingevolge artikel 3.81 van de Wet IB 2001 moet onder loon worden verstaan loon overeenkomstig de wettelijke bepalingen van de loonbelasting.,None,Beoordeling van het geschil,1,Beoordeling,0,0.94900775,0.021177018,0.002242148,0.012191435,0.01538169,0,None
ECLI:NL:GHARL:2017:8427.txt,"Artikel 1 van de Wet op de loonbelasting 1964 (hierna: Wet LB) bepaalt dat loonbelasting wordt geheven van werknemers, waarbij werknemer de natuurlijke persoon is die (voor zover hier van belang) tot een inhoudingsplichtige in privaatrechtelijke dienstbetrekking staat (artikel 2, lid 1, wet LB).",None,Beoordeling van het geschil,1,Beoordeling,0,0.97686577,0.0056491834,0.0014799372,0.010723216,0.005281926,0,None
ECLI:NL:GHARL:2017:8427.txt,"Bij de beoordeling of sprake is van een dienstbetrekking in privaatrechtelijk zin is maatgevend of is voldaan aan de eisen van een arbeidsovereenkomst in de zin van artikel 7:610 van het Burgerlijk Wetboek (BW), waarvoor als vereisten gelden: (a) een gezagsverhouding, (b) een verplichting tot het persoonlijk verrichten van arbeid, en (c) een verplichting tot het betalen van loon.",None,Beoordeling van het geschil,1,Beoordeling,0,0.9579289,0.028001444,0.0023752395,0.005773484,0.005920976,0,None
ECLI:NL:GHARL:2017:8427.txt,"Daarbij moet acht worden geslagen op alle omstandigheden van het geval, in onderling verband bezien.",None,Beoordeling van het geschil,1,Beoordeling,0,0.121213764,0.8627903,0.0013458118,0.0073600435,0.0072900993,1,beoordeling
ECLI:NL:GHARL:2017:8427.txt,"Daartoe zijn niet alleen van belang de rechten en verplichtingen die partijen bij het sluiten van de overeenkomst voor ogen stonden, maar ook de wijze waarop partijen aan hun overeenkomst uitvoering hebben gegeven en daaraan aldus inhoud hebben gegeven (vgl. HR [datum] nr. 10/02146, ECLI:NL:HR:2011: BP3887, BNB 2011/205, NJ 2011/",None,Beoordeling van het geschil,1,Beoordeling,0,0.07312353,0.9085646,0.0014316215,0.009261915,0.0076182988,1,beoordeling
ECLI:NL:GHARL:2017:8427.txt,Tussen partijen is niet in geschil dat de uitgevers een verplichting hebben een beloning te betalen voor de door belanghebbende verrichte werkzaamheden.,beoordeling,Beoordeling van het geschil,1,Beoordeling,1,0.04602629,0.94041586,0.001107501,0.006328153,0.006122146,1,beoordeling
ECLI:NL:GHARL:2017:8427.txt,Aan die voorwaarde voor de aanwezigheid van een dienstbetrekking wordt voldaan.,beoordeling,Beoordeling van het geschil,1,Beoordeling,1,0.06479392,0.8695906,0.002264563,0.020868884,0.042482127,1,beoordeling
ECLI:NL:GHARL:2017:8427.txt,Het Hof acht ook voldaan aan de voorwaarde dat sprake moet zijn van een gezagsverhouding.,beoordeling,Beoordeling van het geschil,1,Beoordeling,1,0.021856792,0.9610973,0.0014096589,0.005633095,0.010003089,1,beoordeling
ECLI:NL:GHARL:2017:8427.txt,In de algemene voorwaarden zijn door de uitgevers instructies opgenomen waaraan de bezorgers zich hebben te houden.,beoordeling,Beoordeling van het geschil,1,Beoordeling,1,0.82111657,0.019576553,0.0021220064,0.09715643,0.060028404,0,None
ECLI:NL:GHARL:2017:8427.txt,Daarnaast heeft belanghebbende onweerspoken aangevoerd dat er steeds overleg is met de depothouder en dat hij van die depothouder dagelijks een looplijst met aanwijzingen krijgt (bijvoorbeeld bij klachten).,beoordeling,Beoordeling van het geschil,1,Beoordeling,1,0.01971384,0.013820806,0.001374461,0.035923567,0.92916733,4,proceshandelingen
ECLI:NL:GHARL:2017:8427.txt,"Het Hof acht het daarnaast aannemelijk dat, vanwege het grote belang van een correcte bezorging voor de bedrijfsvoering van de uitgevers, de uitgevers zo nodig aanvullende instructies kunnen en zullen geven aan de bezorgers.",beoordeling,Beoordeling van het geschil,1,Beoordeling,1,0.04365174,0.9410598,0.0013185234,0.009863708,0.0041062753,1,beoordeling
ECLI:NL:GHARL:2017:8427.txt,Dat de werkzaamheden van eenvoudige aard zijn doet daar niet aan af.,beoordeling,Beoordeling van het geschil,1,Beoordeling,1,0.034769405,0.94299275,0.0018292571,0.009398294,0.011010213,1,beoordeling
ECLI:NL:GHARL:2017:8427.txt,"Beslissend is immers of instructies kunnen worden gegeven, niet of dat ook daadwerkelijk gebeurt (vergelijk HR [datum] nr. 35760, ECLI:NL:HR:2001:AA",beoordeling,Beoordeling van het geschil,1,Beoordeling,1,0.04086824,0.9419577,0.0012293758,0.010283975,0.0056607244,1,beoordeling
ECLI:NL:GHARL:2017:8427.txt,De omstandigheid dat opdrachtgevers die een overeenkomst van opdracht met hun opdrachtnemers sluiten ook in bepaalde mate instructies kunnen geven (artikel 7:402 BW) doet daar evenmin aan af.,beoordeling,Beoordeling van het geschil,1,Beoordeling,1,0.026321914,0.96072435,0.0015954743,0.0072319508,0.004126296,1,beoordeling
ECLI:NL:GHARL:2017:8427.txt,"Gelet hierop, is ook aan deze voorwaarde voor het bestaan van een dienstbetrekking voldaan, en komt het aan op de vraag of belanghebbende verplicht was de werkzaamheden persoonlijk uit te voeren zoals artikel 7:659 van het BW vereist.",beoordeling,Beoordeling van het geschil,1,Beoordeling,1,0.09592099,0.8822095,0.0010119834,0.010043729,0.010813819,1,beoordeling
ECLI:NL:GHARL:2017:8427.txt,"Met betrekking tot die voorwaarde heeft belanghebbende aangevoerd dat hij in het jaar 2013 zich nooit heeft laten vervangen, dat hij bij griep gewoon heeft doorgewerkt en er geen vakanties waren, simpelweg omdat belanghebbende het geld nodig ha",proceshandelingen,Beoordeling van het geschil,1,Beoordeling,1,0.013233343,0.045184184,0.0012590614,0.035296973,0.9050264,4,proceshandelingen
ECLI:NL:GHARL:2017:8427.txt,Hetzelfde geldt voor de vaste kern van bezorgers.,proceshandelingen,Beoordeling van het geschil,1,Beoordeling,1,0.13286507,0.16567081,0.0035444114,0.2147163,0.4832035,4,proceshandelingen
ECLI:NL:GHARL:2017:8427.txt,Ook is volgens belanghebbende relevant dat een bezorger alle adressen uit zijn hoofd kent en moet weten waar de brievenbussen zitten.,proceshandelingen,Beoordeling van het geschil,1,Beoordeling,1,0.035665084,0.023711734,0.001715617,0.11290714,0.82600045,4,proceshandelingen
ECLI:NL:GHARL:2017:8427.txt,Een eventuele vervanger heeft twee keer zoveel tijd nodig voor dezelfde wijk en doet er weken over voordat hij de adressen kent en een efficiënte route heeft gevonden.,proceshandelingen,Beoordeling van het geschil,1,Beoordeling,1,0.02521704,0.054437686,0.004003449,0.76202095,0.15432088,3,materiele feiten
ECLI:NL:GHARL:2017:8427.txt,Als er al sprake is van vervanging gebeurt dit bij ziekte door ervaren collega’s.,proceshandelingen,Beoordeling van het geschil,1,Beoordeling,1,0.38443318,0.013722409,0.0025173337,0.5563244,0.043002695,3,materiele feiten
ECLI:NL:GHARL:2017:8427.txt,De wijken zijn de laatste jaren veel groter geworden (van 100 naar 160 dagbladen).,proceshandelingen,Beoordeling van het geschil,1,Beoordeling,1,0.29950503,0.054443706,0.0024632066,0.61994034,0.023647735,3,materiele feiten
ECLI:NL:GHARL:2017:8427.txt,"Deze werkwijze van de uitgevers leidt ertoe, aldus belanghebbende, dat eventuele vervangbaarheid feitelijk uitgesloten is.",proceshandelingen,Beoordeling van het geschil,1,Beoordeling,1,0.026785187,0.06750678,0.0018697155,0.0126179755,0.8912203,4,proceshandelingen
ECLI:NL:GHARL:2017:8427.txt,Belanghebbende voert in dit verband nog aan dat van bezorging door scholieren nauwelijks sprake meer is.,proceshandelingen,Beoordeling van het geschil,1,Beoordeling,1,0.027563557,0.029803084,0.0017490208,0.015106512,0.9257779,4,proceshandelingen
ECLI:NL:GHARL:2017:8427.txt,"De wijken zijn groter geworden, de scholier mag niet eerder dan om zes uur beginnen en is daardoor niet in staat voor zeven uur de dagbladen te bezorgen.",proceshandelingen,Beoordeling van het geschil,1,Beoordeling,1,0.07767714,0.023099143,0.0018833976,0.7652512,0.1320891,3,materiele feiten
ECLI:NL:GHARL:2017:8427.txt,Dit nog afgezien van de zwaarte van het werk en de slechte betaling.,proceshandelingen,Beoordeling van het geschil,1,Beoordeling,1,0.043290514,0.88612205,0.0014873635,0.02762602,0.04147408,1,beoordeling
ECLI:NL:GHARL:2017:8427.txt,"De door de Rechtbank genoemde arresten van de Hoge Raad gaan volgens belanghebbende over in de markt gelijkwaardige partijen, en niet over de zeer ongelijkwaardige partijen die betrokken zijn bij de dagbladbezorging.",proceshandelingen,Beoordeling van het geschil,1,Beoordeling,1,0.07395182,0.027099159,0.0017714748,0.011630121,0.88554746,4,proceshandelingen
ECLI:NL:GHARL:2017:8427.txt,Het Hof overweegt het volgende met betrekking tot de vraag of belanghebbende verplicht was de werkzaamheden persoonlijk uit te voeren.,beoordeling,Beoordeling van het geschil,1,Beoordeling,1,0.66863835,0.31673706,0.0033455214,0.005581128,0.0056980187,0,None
ECLI:NL:GHARL:2017:8427.txt,"Het Hof acht aannemelijk dat belanghebbende in beginsel vrij was zich in geval van ziekte, vakantie of om andere redenen, bij zijn werkzaamheden door een door hem uit te kiezen persoon te laten vervangen.",beoordeling,Beoordeling van het geschil,1,Beoordeling,1,0.077420115,0.9077054,0.001223261,0.009833893,0.0038173115,1,beoordeling
ECLI:NL:GHARL:2017:8427.txt,Dit leidt het Hof af uit de tot de gedingstukken behorende Algemene voorwaarden van [B] en het Convenant tussen de uitgevers en de Belastingdienst.,beoordeling,Beoordeling van het geschil,1,Beoordeling,1,0.025577134,0.96393514,0.0016935618,0.0055696075,0.0032245717,1,beoordeling
ECLI:NL:GHARL:2017:8427.txt,Dit vindt ook steun in het door belanghebbende niet weersproken standpunt van de Inspecteur dat dagbladbezorgers in vakantietijd regelmatig adverteren met de vraag wie hen tijdelijk wil vervangen.,beoordeling,Beoordeling van het geschil,1,Beoordeling,1,0.026327092,0.92023075,0.0010048798,0.012696131,0.039741155,1,beoordeling
ECLI:NL:GHARL:2017:8427.txt,"Ook sluit de kwalificatie van de werkzaamheden zoals deze in de jaaropgaven van [B] en [A] is vermeld, hierbij aan.",beoordeling,Beoordeling van het geschil,1,Beoordeling,1,0.039081555,0.9135597,0.0011059623,0.024950184,0.021302624,1,beoordeling
ECLI:NL:GHARL:2017:8427.txt,Belanghebbende erkent ook dat sommige collega’s zich wel eens hebben laten vervangen zonder daarvoor toestemming bij de uitgevers te hebben gevraag,proceshandelingen,Beoordeling van het geschil,1,Beoordeling,1,0.08718046,0.009271501,0.0023228906,0.02306633,0.87815887,4,proceshandelingen
ECLI:NL:GHARL:2017:8427.txt,"Dit betekent dat van een verplichting persoonlijk de arbeid te verrichten, geen sprake was.",beoordeling,Beoordeling van het geschil,1,Beoordeling,1,0.13796401,0.6846285,0.0016010181,0.04180233,0.13400412,1,beoordeling
ECLI:NL:GHARL:2017:8427.txt,"Dat belanghebbende zich persoonlijk in het jaar 2013 feitelijk nooit heeft laten vervangen, doet hieraan niet af.",beoordeling,Beoordeling van het geschil,1,Beoordeling,1,0.024147224,0.9626701,0.0015638564,0.007025485,0.004593362,1,beoordeling
ECLI:NL:GHARL:2017:8427.txt,"Ook de omstandigheid dat, zoals belanghebbende ter zitting heeft gesteld, de depothouder de zorg had een uitgevallen verzorger te laten vervangen, kan hier niet aan afdoen.",beoordeling,Beoordeling van het geschil,1,Beoordeling,1,0.02566141,0.96193457,0.0011725494,0.0062687914,0.0049627502,1,beoordeling
ECLI:NL:GHARL:2017:8427.txt,Nog afgezien van de betwisting hiervan door de Inspect[geld] doet aan de vrije vervangbaarheid niet af dat in onvoorziene situaties het uiteindelijk de depothouder is die maatregelen moet treffen.,beoordeling,Beoordeling van het geschil,1,Beoordeling,1,0.039923284,0.9359557,0.0012506502,0.009025328,0.013844986,1,beoordeling
ECLI:NL:GHARL:2017:8427.txt,"Ten slotte kan ook de verwijzing naar artikel 7:610a belanghebbende niet baten, omdat het daarin opgenomen vermoeden teniet wordt gedaan door de omstandigheid dat de dagbladbezorgers bewust accepteren dat niet aan alle voorwaarden voor de aanwezigheid van een dienstbetrekking wordt voldaan.",beoordeling,Beoordeling van het geschil,1,Beoordeling,1,0.031576965,0.9471613,0.0011861351,0.009493646,0.010582024,1,beoordeling
ECLI:NL:GHARL:2017:8427.txt,"Aan het vorenstaande doet niet af dat, zoals belanghebbende heeft aangevoerd, de sociaaleconomische positie van de meeste dagbladbezorgers zodanig zwak is dat zij gedwongen zijn de door de uitgevers opgelegde voorwaarden te accepteren en dat zij het zich in feite niet kunnen veroorloven zich te laten vervangen.",beoordeling,Beoordeling van het geschil,1,Beoordeling,1,0.02839793,0.9551301,0.0010451361,0.0073914467,0.008035351,1,beoordeling
ECLI:NL:GHARL:2017:8427.txt,"Dat belanghebbende dit - gelet op de in zijn ogen lage beloning (een inkomen van ongeveer [geld] per uur, hetgeen minder is dan het wettelijke minimumloon) en de zwaarte van het werk - als uitbuiting door de uitgevers ervaart, doet hier evenmin aan af.",beoordeling,Beoordeling van het geschil,1,Beoordeling,1,0.028694857,0.95796454,0.0013093003,0.007987054,0.004044283,1,beoordeling
ECLI:NL:GHARL:2017:8427.txt,Het Hof merkt in dit verband op dat het in het kader van een fiscale procedure niet de taak van de belastingrechter is een oordeel te vellen over de aanvaardbaarheid van de hoogte van de beloning en van de overige arbeidsvoorwaarden en de overige omstandigheden.,beoordeling,Beoordeling van het geschil,1,Beoordeling,1,0.07455528,0.91295356,0.0015434267,0.006732345,0.004215317,1,beoordeling
ECLI:NL:GHARL:2017:8427.txt,"In hoger beroep heeft belanghebbende nog aangevoerd dat sprake is van schending van de Preambule bij het EVRM, artikel 8 van het IVBPR (verbod slavernij en dienstbaarheid), artikel 31 van het Handvest van de grondrechten van de Europese Unie (recht op rechtvaardige en billijke arbeidsomstandigheden), artikelen 6 en 7 van het Internationaal verdrag inzake economische, sociale en culturele rechten (erkenning recht op arbeid en recht op billijke en gunstige arbeidsvoorwaarden) en artikel 23 van de Universele verklaring van de rechten van de mens (recht op arbeid en een rechtvaardige en gunstige beloning).",proceshandelingen,Beoordeling van het geschil,1,Beoordeling,1,0.09165174,0.033602513,0.0023579116,0.011156234,0.86123157,4,proceshandelingen
ECLI:NL:GHARL:2017:8427.txt,"Zonder nadere toelichting, die evenwel ontbreekt, vermag het Hof niet in te zien hoe de Nederlandse arbeidswetgeving of de daarop voortbordurende fiscale wetgeving in strijd zouden zijn met genoemde internationale verdragen.",beoordeling,Beoordeling van het geschil,1,Beoordeling,1,0.08178835,0.9070032,0.0030445901,0.0051032924,0.0030605623,1,beoordeling
ECLI:NL:GHARL:2017:8427.txt,"Die Nederlandse arbeidswetgeving, waaronder de regeling van de arbeidsovereenkomst, dient immers mede ter bescherming van de in de genoemde verdragen genoemde rechten van personen met een sociaaleconomisch zwakkere positie.",beoordeling,Beoordeling van het geschil,1,Beoordeling,1,0.07589083,0.88998634,0.0013459086,0.013032143,0.019744795,1,beoordeling
ECLI:NL:GHARL:2017:8427.txt,Het beroep op genoemde verdragsbepalingen kan belanghebbende derhalve niet baten.,beoordeling,Beoordeling van het geschil,1,Beoordeling,1,0.041931797,0.94388354,0.0010995601,0.00881248,0.004272756,1,beoordeling
ECLI:NL:GHARL:2017:8427.txt,Gelet op het vorenstaande moet de arbeidsverhouding tussen belanghebbende en de uitgevers als een overeenkomst van opdracht worden aangemerkt.,beoordeling,Beoordeling van het geschil,1,Beoordeling,1,0.067230776,0.9040356,0.0007311175,0.013478694,0.01452382,1,beoordeling
ECLI:NL:GHARL:2017:8427.txt,De Inspecteur heeft daarom terecht de inkomsten daaruit als resultaat uit overige werkzaamheden in aanmerking genomen.,beoordeling,Beoordeling van het geschil,1,Beoordeling,1,0.048119467,0.93510896,0.0010325117,0.010154809,0.0055842744,1,beoordeling
ECLI:NL:GHARL:2017:8427.txt,Belanghebbende heeft bepleit dat het Hof een zitting houdt op het depot om zelf kennis te kunnen nemen van de gang van zaken aldaar.,proceshandelingen,Beoordeling van het geschil,1,Beoordeling,1,0.015899526,0.004525487,0.003008716,0.00942781,0.96713835,4,proceshandelingen
ECLI:NL:GHARL:2017:8427.txt,Het Hof gaat aan dit verzoek voorbij omdat de Inspecteur de gestelde gang van zaken niet heeft betwist en een zitting ter plaatse naar het oordeel van het Hof in het licht van hetgeen hiervoor is overwogen geen toegevoegde waarde heeft.,beoordeling,Beoordeling van het geschil,1,Beoordeling,1,0.091350526,0.8986023,0.0023511294,0.0036842988,0.0040116487,1,beoordeling
ECLI:NL:GHARL:2017:8427.txt,Belanghebbende voert nog aan dat de Rechtbank ten onrechte voorbij is gegaan aan zijn grief met betrekking tot het gelijkheidsbeginse,proceshandelingen,Beoordeling van het geschil,1,Beoordeling,1,0.05719197,0.010960551,0.005314584,0.0050894986,0.92144334,4,proceshandelingen
ECLI:NL:GHARL:2017:8427.txt,"Hij voert aan dat bij het depot waarvoor hij werkte twee oudere bezorgers wel belasting betaalden, maar de meerderheid niet.",proceshandelingen,Beoordeling van het geschil,1,Beoordeling,1,0.008876221,0.010920219,0.0054790545,0.15562561,0.8190989,4,proceshandelingen
ECLI:NL:GHARL:2017:8427.txt,"Volgens belanghebbende worden de dagbladen niet meer bezorgd door scholieren, maar vooral door personen die zich aan de onderkant van de arbeidsmarkt bevinden, onder wie personen die illegaal in Nederland verblijven.",proceshandelingen,Beoordeling van het geschil,1,Beoordeling,1,0.029133914,0.0057404633,0.002391983,0.11798233,0.84475124,4,proceshandelingen
ECLI:NL:GHARL:2017:8427.txt,Deze personen doen volgens belanghebbende geen aangifte bij de Belastingdienst van hun inkomsten en betalen daardoor geen belasting.,proceshandelingen,Beoordeling van het geschil,1,Beoordeling,1,0.014108839,0.017357066,0.0018492113,0.3593941,0.60729086,4,proceshandelingen
ECLI:NL:GHARL:2017:8427.txt,"Zij komen daar mee weg omdat de uitgevers hier wel van op de hoogte zijn, maar dit niet doorgeven aan de Belastingdienst.",proceshandelingen,Beoordeling van het geschil,1,Beoordeling,1,0.10807418,0.02585838,0.002767513,0.149522,0.7137779,4,proceshandelingen
ECLI:NL:GHARL:2017:8427.txt,"Ook bij de Belastingdienst is dit bekend, maar deze doet er niets mee.",proceshandelingen,Beoordeling van het geschil,1,Beoordeling,1,0.21551211,0.10999711,0.0023676676,0.23267446,0.43944868,4,proceshandelingen
ECLI:NL:GHARL:2017:8427.txt,"Door zijn inkomsten wel in de belastingheffing te betrekken, schendt de Inspecteur volgens belanghebbende het gelijkheidsbeginse",proceshandelingen,Beoordeling van het geschil,1,Beoordeling,1,0.012525769,0.0059622014,0.003460795,0.00875979,0.9692914,4,proceshandelingen
ECLI:NL:GHARL:2017:8427.txt,De Inspecteur betwist dat met belanghebbende vergelijkbare dagbladbezorgers buiten de belastingheffing worden gehouden.,proceshandelingen,Beoordeling van het geschil,1,Beoordeling,1,0.016760428,0.006299069,0.0023734835,0.061732307,0.91283476,4,proceshandelingen
ECLI:NL:GHARL:2017:8427.txt,Onder verwijzing naar het Convenant stelt de Inspecteur dat de uitgevers wel degelijk de inkomsten van dagbladbezorgers aan de Belastingdienst opgeven.,proceshandelingen,Beoordeling van het geschil,1,Beoordeling,1,0.10736509,0.009976728,0.0018647026,0.20108886,0.67970455,4,proceshandelingen
ECLI:NL:GHARL:2017:8427.txt,Zo is het ook bij belanghebbende gegaan.,proceshandelingen,Beoordeling van het geschil,1,Beoordeling,1,0.30339,0.49221513,0.0026973917,0.1043114,0.09738601,1,beoordeling
ECLI:NL:GHARL:2017:8427.txt,Vervolgens worden deze inkomsten bij de betreffende personen in de heffing betrokken.,proceshandelingen,Beoordeling van het geschil,1,Beoordeling,1,0.52079284,0.2985419,0.003580818,0.13133405,0.045750387,0,None
ECLI:NL:GHARL:2017:8427.txt,De mogelijkheid bestaat dat het hierbij niet tot feitelijke heffing komt vanwege de geringe hoogte van de opgegeven inkomsten (artikel 9.4 Wet IB,proceshandelingen,Beoordeling van het geschil,1,Beoordeling,1,0.43129018,0.2768279,0.0014504724,0.1067867,0.1836448,0,None
ECLI:NL:GHARL:2017:8427.txt,Op belanghebbende rust de last de gestelde schending van het gelijkheidsbeginsel feitelijk te onderbouwen.,beoordeling,Beoordeling van het geschil,1,Beoordeling,1,0.04563029,0.8671781,0.005969202,0.0052514356,0.075971,1,beoordeling
ECLI:NL:GHARL:2017:8427.txt,Dat heeft hij niet gedaan.,beoordeling,Beoordeling van het geschil,1,Beoordeling,1,0.022495959,0.29038054,0.0046357363,0.06584001,0.6166477,4,proceshandelingen
ECLI:NL:GHARL:2017:8427.txt,Tegenover de betwisting door de Inspecteur maakt belanghebbende daarom niet aannemelijk dat de Inspecteur bewust sommige dagbladbezorgers ten onrechte buiten de belastingheffing houdt of dat in de meerderheid van de met belanghebbende vergelijkbare personen belastingheffing ten onrechte achterwege is gebleven.,beoordeling,Beoordeling van het geschil,1,Beoordeling,1,0.08483317,0.83600765,0.0016029103,0.009440722,0.068115525,1,beoordeling
ECLI:NL:GHARL:2017:8427.txt,Het beroep op het gelijkheidsbeginsel moet daarom worden afgewezen.,beoordeling,Beoordeling van het geschil,1,Beoordeling,1,0.05758253,0.931105,0.0014913514,0.0051417733,0.004679289,1,beoordeling
ECLI:NL:GHARL:2017:8427.txt,Slotsom Op grond van het vorenstaande is het hoger beroep ongegron,None,Beoordeling van het geschil,1,Beoordeling,0,0.9862779,0.005222594,0.003196177,0.002069175,0.0032340623,0,None
ECLI:NL:GHARL:2017:8427.txt,Het Hof bevestigt de uitspraak van de Rechtbank.,beslissing,Beslissing,1,Beslissing,1,0.8038922,0.025287408,0.14672537,0.0021258788,0.021969207,0,None
ECLI:NL:GHARL:2017:8427.txt,"Deze uitspraak is gedaan door [naam], voorzitter, [naam] en [naam], in tegenwoordigheid van [naam] als griffier.",None,Beslissing,1,Beslissing,0,0.9867797,0.0026531548,0.0023240517,0.0046258783,0.0036172587,0,None
ECLI:NL:GHARL:2017:8427.txt,De beslissing is op [datum] in het openbaar uitgesproken.,None,Beslissing,1,Beslissing,0,0.9828152,0.005658667,0.0024585873,0.0062852376,0.0027822244,0,None
ECLI:NL:GHARL:2017:8427.txt,"De griffier, De voorzitter, De griffier is verhinderd deze uitspraak te ondertekenen.",None,Beslissing,1,Beslissing,0,0.9861649,0.0025377523,0.004252828,0.0030162502,0.004028208,0,None
ECLI:NL:GHARL:2017:8427.txt,"([naam]) ([naam]) Afschriften zijn aangetekend per post verzonden op [datum] Tegen deze uitspraak kunnen beide partijen binnen zes weken na de verzenddatum beroep in cassatie instellen bij de Hoge Raad der Nederlanden (belastingkamer), Postbus 20303, 2500 EH DEN HAAG.",None,Beslissing,1,Beslissing,0,0.9762032,0.001602473,0.0024430647,0.014709567,0.005041677,0,None
ECLI:NL:GHARL:2017:8427.txt,Daarbij moet het volgende in acht worden genomen: 1. bij het beroepschrift wordt een afschrift van deze uitspraak overgelegd; 2 - het beroepschrift moet ondertekend zijn en ten minste het volgende vermelden: a. de naam en het adres van de indiener; b. de dagtekening; c. een omschrijving van de uitspraak waartegen het beroep in cassatie is gericht; d. de gronden van het beroep in cassatie.,None,Beslissing,1,Beslissing,0,0.9814711,0.00628207,0.004303817,0.0038655996,0.0040773693,0,None
ECLI:NL:GHARL:2017:8427.txt,Voor het instellen van beroep in cassatie is griffierecht verschuldig,None,Beslissing,1,Beslissing,0,0.9802238,0.007333517,0.0038924678,0.004115763,0.0044345255,0,None
ECLI:NL:GHARL:2017:8427.txt,Na het instellen van beroep in cassatie ontvangt de indiener een nota griffierecht van de griffier van de Hoge Raa,None,Beslissing,1,Beslissing,0,0.9859207,0.0022861941,0.0052791885,0.0022341674,0.0042797597,0,None
ECLI:NL:GHARL:2017:8427.txt,In het cassatieberoepschrift kan de Hoge Raad verzocht worden om de wederpartij te veroordelen in de proceskosten.,None,Beslissing,1,Beslissing,0,0.9843827,0.0060613356,0.0027783797,0.0021249172,0.0046526417,0,None
ECLI:NL:GHSHE:2017:5171.txt,Op grond van de stukken van het geding en het onderzoek ter zitting zijn in deze zaak de volgende feiten en omstandigheden voor het Hof komen vast te staan:,None,Feiten,1,Feiten,0,0.9542925,0.0321556,0.0009942504,0.008153766,0.004403935,0,None
ECLI:NL:GHSHE:2017:5171.txt,[C] was een op [datum 1] 2006 naar Luxemburgs recht opgericht en in Luxemburg gevestigd beleggingsfonds en had de rechtsvorm van een “Fonds Commun de Placement” (hierna: FCP).,materiele feiten,Feiten,1,Feiten,1,0.2823308,0.011905212,0.001645442,0.6948028,0.0093156975,3,materiele feiten
ECLI:NL:GHSHE:2017:5171.txt,Een FCP is een samenwerkingsverband zonder rechtspersoonlijkhe,materiele feiten,Feiten,1,Feiten,1,0.96426344,0.011137889,0.0020726586,0.016446587,0.0060793785,0,None
ECLI:NL:GHSHE:2017:5171.txt,De activiteiten van dit fonds bestonden uit het beleggen van vermogen.,materiele feiten,Feiten,1,Feiten,1,0.080794185,0.03600792,0.001737462,0.8638641,0.017596314,3,materiele feiten
ECLI:NL:GHSHE:2017:5171.txt,Belanghebbende werd bestuurd door [N] S.,materiele feiten,Feiten,1,Feiten,1,0.7543266,0.0077924733,0.0018250716,0.22176415,0.014291656,0,None
ECLI:NL:GHSHE:2017:5171.txt,", een dochtervennootschap van [O] mbH (MbH), (‘Verwaltungsgesellschaft’).",materiele feiten,Feiten,1,Feiten,1,0.7192534,0.009052545,0.003617066,0.25097176,0.017105216,0,None
ECLI:NL:GHSHE:2017:5171.txt,Het Verwaltungsgesellschaft kon werkzaamheden uitbesteden aan derden en dat is gebeurd door de aanwijzing van MbH als fondsmanager (“management company”) van [C].,None,Feiten,1,Feiten,0,0.9526857,0.0059962,0.0017660218,0.032765575,0.006786545,0,None
ECLI:NL:GHSHE:2017:5171.txt,De boekjaren van [C] liepen van [datum] en met [datum].,materiele feiten,Feiten,1,Feiten,1,0.9171157,0.0071815317,0.0024403634,0.06730567,0.005956726,0,None
ECLI:NL:GHSHE:2017:5171.txt,[C] heeft geïnvesteerd in Nederlandse aandelen.,materiele feiten,Feiten,1,Feiten,1,0.010745544,0.025935436,0.0020678719,0.7051366,0.25611457,3,materiele feiten
ECLI:NL:GHSHE:2017:5171.txt,"Op het dividend dat [C] in de onderhavige jaren met betrekking tot deze aandelen heeft ontvangen, is door de Nederlandse vennootschappen 15% dividendbelasting ingehouden.",materiele feiten,Feiten,1,Feiten,1,0.017863488,0.058746073,0.0012275584,0.83390427,0.08825873,3,materiele feiten
ECLI:NL:GHSHE:2017:5171.txt,[C] was in Nederland niet inhoudingsplichtig voor de dividendbelasting.,materiele feiten,Feiten,1,Feiten,1,0.015169371,0.02544054,0.00172247,0.35719278,0.60047483,4,proceshandelingen
ECLI:NL:GHSHE:2017:5171.txt,Met ingang van [datum 2] 2010 is de naam van [C] gewijzigd in [D].,None,Feiten,1,Feiten,0,0.9648251,0.0049719815,0.0017098263,0.024485528,0.0040076366,0,None
ECLI:NL:GHSHE:2017:5171.txt,"Tevens zijn de benamingen van de bestaande aandeelklassen van P, I en S gewijzigd in A, P en W",materiele feiten,Feiten,1,Feiten,1,0.8577144,0.015947724,0.0016187215,0.11459248,0.010126688,0,None
ECLI:NL:GHSHE:2017:5171.txt,"Voorts zijn met ingang van [datum 3] 2010 het [P], het [Q] en het [R] in het kader van een fusie opgegaan in [C].",None,Feiten,1,Feiten,0,0.9744761,0.0036983606,0.0018258205,0.01573225,0.0042674956,0,None
ECLI:NL:GHSHE:2017:5171.txt,Met ingang van [datum 4] 2010 zijn tevens [S] en [T] in het kader van een fusie opgegaan in [C].,None,Feiten,1,Feiten,0,0.9497486,0.0052706324,0.0018633243,0.03812238,0.004994965,0,None
ECLI:NL:GHSHE:2017:5171.txt,Blijkens het Auflösungsbericht van [datum 5] 2012 is [C] als gevolg van een fusie per die datum opgehouden te bestaan.,materiele feiten,Feiten,1,Feiten,1,0.08252565,0.029313663,0.0006879623,0.82063,0.06684272,3,materiele feiten
ECLI:NL:GHSHE:2017:5171.txt,"Als gevolg van de fusie hebben de aandeelhouders A en P in [C], aandelen verkregen in [V] – [W] – A-EUR ( [nummer 1] ) en de aandeelhouders W2 aandelen [V] – [W] – II-EUR ( [nummer 2] ).",None,Feiten,1,Feiten,0,0.96063614,0.0034109154,0.0017584121,0.029235672,0.0049589095,0,None
ECLI:NL:GHSHE:2017:5171.txt,De SA heeft bij brief van [datum] namens [C] in de daarbij gevoegde aangifte dividendbelasting voor het jaar 2009/2010 verzocht om teruggaaf van [geld] dividendbelasting.,materiele feiten,Feiten,1,Feiten,1,0.0611836,0.0041882624,0.0011461813,0.8712219,0.06225999,3,materiele feiten
ECLI:NL:GHSHE:2017:5171.txt,"De SA heeft bij brief van [datum] namens [C], aangeduid onder haar nieuwe naam [D], in daarbij gevoegde aangiften dividendbelasting voor de navolgende jaren de volgende verzoeken om teruggaaf van dividendbelasting ingediend: - jaar 2011 tot een bedrag van [geld]; - jaar 2012 tot een bedrag van [geld]",None,Feiten,1,Feiten,0,0.9792573,0.0026348482,0.00206718,0.011707591,0.0043330276,0,None
ECLI:NL:GHSHE:2017:5171.txt,De Inspecteur heeft de onder 2.5 en 2.6 vermelde verzoeken bij de in één geschrift vervatte beschikkingen van [datum] afgewezen.,materiele feiten,Feiten,1,Feiten,1,0.12826614,0.048412997,0.002423217,0.1300038,0.6908938,4,proceshandelingen
ECLI:NL:GHSHE:2017:5171.txt,Bij brief van [datum] heeft [X] GmbH (Luxembourg Branch) tegen bovenstaande afwijzing bezwaar gemaakt.,materiele feiten,Feiten,1,Feiten,1,0.11018216,0.004850476,0.0010761241,0.8640455,0.019845698,3,materiele feiten
ECLI:NL:GHSHE:2017:5171.txt,Bij de in één geschrift vervatte uitspraken op bezwaar van [datum] heeft de Inspecteur de bezwaren ongegrond verklaar,materiele feiten,Feiten,1,Feiten,1,0.20743115,0.0077339504,0.0010436288,0.7678281,0.01596316,3,materiele feiten
ECLI:NL:GHSHE:2017:5171.txt,Per faxbericht van [datum] is hiertegen door [Y] (hierna: de gemachtigde) namens [C] beroep ingeste,None,Feiten,1,Feiten,0,0.51713717,0.0043786475,0.0014560854,0.45124426,0.025783787,0,None
ECLI:NL:GHSHE:2017:5171.txt,"De gemachtigde heeft een machtiging overgelegd van [belanghebbende] GmbH, Luxembourg Branch, zijnde de nieuwe naam van [X] GmbH.",None,Feiten,1,Feiten,0,0.75492465,0.0040529855,0.00226164,0.17275871,0.066001944,0,None
ECLI:NL:GHSHE:2017:5171.txt,"De Rechtbank heeft de gemachtigde bij brief van [datum] erop gewezen dat [C], naar uit de stukken blijkt, is opgehouden te bestaan en gewezen op het arrest van de Hoge Raad van [datum] nr. 39.181, ECLI:NL:HR:2005:AT4894, BNB 2005/318, en verzocht om binnen vier weken na dagtekening van de brief aan te geven wie de rechtsopvolger(s) onder algemene titel is/zijn, dit met stukken te onderbouwen en schriftelijke instemming van de verkrijgende rechtsperso(o)n(en) te overleggen.",None,Feiten,1,Feiten,0,0.98880774,0.00328375,0.0012838446,0.0025797025,0.0040448485,0,None
ECLI:NL:GHSHE:2017:5171.txt,Namens belanghebbende is daarop niet gereageer,None,Feiten,1,Feiten,0,0.019385623,0.014507382,0.0020510133,0.023023237,0.94103277,4,proceshandelingen
ECLI:NL:GHSHE:2017:5171.txt,"Tot de stukken van het geding behoort een brief van [datum] met, voor zover van belang, de volgende inhoud: “ [Z] GmbH Permission of the Fund Management Company claiming [D] (...) For presentation in front of the Tax Authorities Netherlands Undersigned, in its capacity as legal representative of the fonds commun de placement [V] hereby declare that: The fonds commun de placement [D] was merged into the compartment of the Luxembourgian [A] of [V] fonds commun de placement.",None,Feiten,1,Feiten,0,0.9868067,0.0020342304,0.0017581222,0.0063772597,0.00302372,0,None
ECLI:NL:GHSHE:2017:5171.txt,"(...) As per date of merger, [V], as fonds commun de placement, is the interested party to claim withholding tax in Netherlands.",None,Feiten,1,Feiten,0,0.9856355,0.0028710626,0.0021280113,0.0059945434,0.003370828,0,None
ECLI:NL:GHSHE:2017:5171.txt,Undersigned give permission to file legal claims on behalf of [D] and its successor [datum] 2017 Signatures by [belanghebbende] GmbH”.,None,Feiten,1,Feiten,0,0.98651296,0.0026347318,0.0022126194,0.0048476825,0.003791992,0,None
ECLI:NL:GHSHE:2017:5171.txt,Het geschil betreft het antwoord op de volgende vragen: [naam] de Rechtbank het beroep terecht niet-ontvankelijk verklaard?,None,"Geschil, alsmede standpunten en conclusies van partijen",1,Proceshandelingen partijen,0,0.57416177,0.39303076,0.022801252,0.0031170966,0.0068891365,0,None
ECLI:NL:GHSHE:2017:5171.txt,"Indien de eerste vraag ontkennend wordt beantwoord, heeft belanghebbende recht op teruggaaf van dividendbelasting?",beoordeling,"Geschil, alsmede standpunten en conclusies van partijen",1,Proceshandelingen partijen,1,0.8554109,0.07721471,0.007989015,0.009457759,0.049927685,0,None
ECLI:NL:GHSHE:2017:5171.txt,Belanghebbende is van mening dat de eerste vraag ontkennend en de tweede vraag bevestigend moet worden beantwoor,beoordeling,"Geschil, alsmede standpunten en conclusies van partijen",1,Proceshandelingen partijen,1,0.016020946,0.006107242,0.0019328287,0.047647946,0.9282911,4,proceshandelingen
ECLI:NL:GHSHE:2017:5171.txt,De Inspecteur is de tegenovergestelde opvatting toegedaan.,beoordeling,"Geschil, alsmede standpunten en conclusies van partijen",1,Proceshandelingen partijen,1,0.008029527,0.016149115,0.0026984955,0.01951009,0.95361274,4,proceshandelingen
ECLI:NL:GHSHE:2017:5171.txt,"Partijen doen hun standpunten in hoger beroep steunen op de gronden die daartoe door hen zijn aangevoerd in de van hen afkomstige stukken, van al welke stukken de inhoud als hier ingevoegd moet worden aangemerkt.",proceshandelingen,"Geschil, alsmede standpunten en conclusies van partijen",1,Proceshandelingen partijen,1,0.025226,0.022092568,0.006399149,0.0045301933,0.94175214,4,proceshandelingen
ECLI:NL:GHSHE:2017:5171.txt,"Voor hetgeen hieraan ter zittingen is toegevoegd, wordt verwezen naar de van deze zittingen opgemaakte processen-verbaa",None,"Geschil, alsmede standpunten en conclusies van partijen",1,Proceshandelingen partijen,0,0.8372379,0.12994951,0.0012966262,0.01624596,0.015269985,0,None
ECLI:NL:GHSHE:2017:5171.txt,"Belanghebbende concludeert tot vernietiging van de uitspraak van de Rechtbank, gegrondverklaring van het bij de Rechtbank ingestelde beroep en tot teruggaaf van de ingehouden dividendbelasting.",proceshandelingen,"Geschil, alsmede standpunten en conclusies van partijen",1,Proceshandelingen partijen,1,0.012857226,0.0053627673,0.011086635,0.006957537,0.9637358,4,proceshandelingen
ECLI:NL:GHSHE:2017:5171.txt,De Inspecteur concludeert tot bevestiging van de uitspraak van de Rechtbank.,proceshandelingen,"Geschil, alsmede standpunten en conclusies van partijen",1,Proceshandelingen partijen,1,0.006999192,0.0050191754,0.0060529043,0.01302806,0.96890074,4,proceshandelingen
ECLI:NL:GHSHE:2017:5171.txt,Ten aanzien van het geschil Overweging vooraf,None,Gronden,1,Context,0,0.9805524,0.008281971,0.005021591,0.002452591,0.0036914472,0,None
ECLI:NL:GHSHE:2017:5171.txt,Het hoger beroep is ingesteld door [belanghebbende] GmbH.,beoordeling,Gronden,1,Context,1,0.9821451,0.004497917,0.0012835846,0.007501216,0.0045722774,0,None
ECLI:NL:GHSHE:2017:5171.txt,Uit de nadere motivering van het hoger beroep kan worden afgeleid dat het hoger beroep is ingesteld namens [AA].,None,Gronden,1,Context,0,0.9786202,0.005352737,0.0017162457,0.010368434,0.003942427,0,None
ECLI:NL:GHSHE:2017:5171.txt,De juridische status van [AA] is niet uit de processtukken af te leiden.,beoordeling,Gronden,1,Context,1,0.035167526,0.81088555,0.0010295124,0.06820978,0.08470764,1,beoordeling
ECLI:NL:GHSHE:2017:5171.txt,Aldus is ook niet duidelijk of [belanghebbende] GmbH dit fonds juridisch mag vertegenwoordigen in deze procedure.,beoordeling,Gronden,1,Context,1,0.22904319,0.75328815,0.0014165991,0.0077862227,0.00846589,1,beoordeling
ECLI:NL:GHSHE:2017:5171.txt,Het Hof zal desalniettemin - mede gelet op het hierna volgende - veronderstellenderwijs uitgaan van de ontvankelijkheid van het hoger beroep.,beoordeling,Gronden,1,Context,1,0.08749531,0.89892656,0.0017452146,0.00836624,0.0034667032,1,beoordeling
ECLI:NL:GHSHE:2017:5171.txt,Ontvankelijkheid van het beroep bij de Rechtbank,None,Gronden,1,Context,0,0.9321063,0.008042012,0.048441987,0.0014419482,0.009967792,0,None
ECLI:NL:GHSHE:2017:5171.txt,"Ingevolge artikel 8:1, van de Awb kan een belanghebbende tegen een besluit beroep instellen bij de bestuursrechter.",None,Gronden,1,Context,0,0.979569,0.008940056,0.0019333592,0.0047993595,0.0047583156,0,None
ECLI:NL:GHSHE:2017:5171.txt,"Volgens artikel 1:2, eerste lid, van de Awb wordt onder belanghebbende verstaan: degene wiens belang rechtstreeks bij een besluit is betrokken.",None,Gronden,1,Context,0,0.9732002,0.009245982,0.0012256783,0.008740482,0.007587651,0,None
ECLI:NL:GHSHE:2017:5171.txt,"Bij rechtsopvolging gaat de hoedanigheid van belanghebbende in een geschil in beginsel over op de rechtsopvolger (CRvB [datum] nr. 02/4059 ALGEM, ECLI:NL:CRVB:2005:AS",None,Gronden,1,Context,0,0.42922077,0.54294246,0.0025422133,0.0077940947,0.017500436,1,beoordeling
ECLI:NL:GHSHE:2017:5171.txt,"Artikel 26a, eerste lid, onderdeel b, van de Algemene wet inzake rijksbelastingen - voor zover hier van belang - merkt als belanghebbende namens wie beroep kan worden ingesteld aan degene van wie de belasting is ingehouden.",None,Gronden,1,Context,0,0.9828371,0.0060072513,0.0018269961,0.0048732646,0.0044553764,0,None
ECLI:NL:GHSHE:2017:5171.txt,"In het arrest HR [datum] nr. 39.181, ECLI:NL:HR:2005:AT4894, BNB 2005/318, oordeelde de Hoge Raad: “",None,Gronden,1,Context,0,0.98628706,0.0048470437,0.004211837,0.0017168529,0.002937178,0,None
ECLI:NL:GHSHE:2017:5171.txt,"Indien ten name van een bepaalde rechtspersoon een aanslag is opgelegd of een - ingevolge enige bepaling van de belastingwet voor bezwaar vatbare - beschikking is gegeven, dan wel een uitspraak op bezwaar of op (hoger) beroep is gedaan, kan een daartegen gericht bezwaar of beroep (waaronder begrepen hoger beroep of cassatieberoep) slechts worden ingesteld door of namens de rechtspersoon ten aanzien van wie de litigieuze aanslag, beschikking of uitspraak is gedaan.",None,Gronden,1,Context,0,0.98388875,0.006459472,0.0027557747,0.0029693642,0.003926649,0,None
ECLI:NL:GHSHE:2017:5171.txt,"Indien een bepaalde rechtspersoon ten gevolge van een fusie als bedoeld in artikel 2:309 BW is opgehouden te bestaan, kan die rechtspersoon (hierna: de verdwenen rechtspersoon) echter geen (rechts)handelingen zoals het indienen van een bezwaar- of beroepschrift meer verrichten.",None,Gronden,1,Context,0,0.954639,0.027784819,0.0012346662,0.009198539,0.007143039,0,None
ECLI:NL:GHSHE:2017:5171.txt,"Na de fusie dient een bezwaar- of beroepschrift betreffende een aanslag, beschikking of uitspraak ten name van de verdwenen rechtspersoon dan ook te worden ingediend door of namens de verkrijgende rechtspersoon, die immers na de fusie als de belanghebbende ter zake van die aanslag of beschikking moet worden aangemerkt nu het vermogen van de verdwenen rechtspersoon onder algemene titel op hem is overgegaan.",None,Gronden,1,Context,0,0.9314144,0.04895909,0.0015089272,0.0047104247,0.013407193,0,None
ECLI:NL:GHSHE:2017:5171.txt,"Ten aanzien van de vraag of een bezwaar of beroep is ingesteld ""namens"" een ten gevolge van fusie verdwenen rechtspersoon niet-ontvankelijk moet worden verklaard, wordt het volgende overwogen.",None,Gronden,1,Context,0,0.95294327,0.037855633,0.002104293,0.0036827214,0.0034139913,0,None
ECLI:NL:GHSHE:2017:5171.txt,"Gelet op de bij het instellen van bezwaar of beroep betrokken partijen en belangen, en in het licht van de omstandigheid dat de aanslag, beschikking of uitspraak waartegen het bezwaar of beroep is gericht nog ten name van de inmiddels verdwenen rechtspersoon als belastingplichtige is gesteld, heeft een in naam van de verdwenen rechtspersoon ingesteld bezwaar of beroep te gelden als een bezwaar of beroep namens de verkrijgende rechtspersoon, mits de verkrijgende rechtspersoon daarmee instemt.",beoordeling,Gronden,1,Context,1,0.8619215,0.12347378,0.0021419511,0.0064914916,0.0059713894,0,None
ECLI:NL:GHSHE:2017:5171.txt,Voor niet-ontvankelijkverklaring van het bezwaar of beroep op dit punt is dan ook - in zoverre met overeenkomstige toepassing van artikel 6:6 Awb - slechts grond indien het bestuursorgaan of de rechter aan de indiener van het bezwaar- of beroepschrift de gelegenheid heeft gegeven de zojuist bedoelde schriftelijke instemming van de verkrijgende rechtspersoon over te leggen en de indiener daarmee binnen de hem daartoe gestelde termijn in gebreke blijft.”.,beoordeling,Gronden,1,Context,1,0.9862347,0.0055426336,0.0020129532,0.0022684273,0.003941186,0,None
ECLI:NL:GHSHE:2017:5171.txt,[C] had naar Luxemburgs recht geen rechtspersoonlijkheid (zie 2.,materiele feiten,Gronden,1,Context,1,0.0467255,0.042599086,0.0009804649,0.47541586,0.43427908,3,materiele feiten
ECLI:NL:GHSHE:2017:5171.txt,Voor de belastingheffing was [C] een zelfstandig belastingsubject en kon het de verzoeken om teruggaaf van dividendbelasting zelfstandig indienen.,materiele feiten,Gronden,1,Context,1,0.13221216,0.051777083,0.0016596832,0.5547057,0.25964537,3,materiele feiten
ECLI:NL:GHSHE:2017:5171.txt,[C] is met ingang van [datum 5] 2012 opgehouden te bestaan als gevolg van een fusie.,materiele feiten,Gronden,1,Context,1,0.026094686,0.011830181,0.0005815512,0.9215766,0.039916866,3,materiele feiten
ECLI:NL:GHSHE:2017:5171.txt,"Het Hof leidt uit het onder 2.4 vermelde af, dat belanghebbende is gefuseerd met verschillende fondsen, namelijk [V] – [W] – A-EUR ( [nummer 1] ) en [V] – [W] – II-EUR ( [nummer 2] ).",beoordeling,Gronden,1,Context,1,0.13732027,0.8508366,0.0020699988,0.006192043,0.0035811134,1,beoordeling
ECLI:NL:GHSHE:2017:5171.txt,Aldus is niet helder welke van deze fondsen de rechtsopvolger van [C] en derhalve de belanghebbende is ter zake van de teruggevraagde dividendbelasting.,beoordeling,Gronden,1,Context,1,0.079838,0.89140636,0.00073649315,0.011309326,0.016709812,1,beoordeling
ECLI:NL:GHSHE:2017:5171.txt,[C] heeft de door de Rechtbank gevraagde duidelijkheid niet gegeven.,beoordeling,Gronden,1,Context,1,0.059493158,0.1639801,0.0027327938,0.010374673,0.76341933,4,proceshandelingen
ECLI:NL:GHSHE:2017:5171.txt,Evenmin zijn stukken overgelegd waaruit blijkt dat de verkrijgende fondsen hebben ingestemd met het ingestelde beroep.,beoordeling,Gronden,1,Context,1,0.03873271,0.75969774,0.0015544436,0.08865272,0.11136249,1,beoordeling
ECLI:NL:GHSHE:2017:5171.txt,"Het Hof is met de Rechtbank van oordeel dat nu [C] per [datum 5] 2012 is opgehouden te bestaan, namens haar vanaf die datum geen (rechts)handelingen zoals het indienen van een beroepschrift meer kunnen worden verricht.",beoordeling,Gronden,1,Context,1,0.06626503,0.9229626,0.0014949805,0.0051547172,0.004122614,1,beoordeling
ECLI:NL:GHSHE:2017:5171.txt,"Nu de indiener van het beroepschrift ook niet heeft aangetoond namens wie de beroepen dan wel zijn ingediend, zijn de beroepen door de Rechtbank terecht niet-ontvankelijk verklaar",beoordeling,Gronden,1,Context,1,0.77093554,0.21798216,0.0026656424,0.003103836,0.005312757,0,None
ECLI:NL:GHSHE:2017:5171.txt,De vraag is of dit verzuim in hoger beroep nog kan worden herste,beoordeling,Gronden,1,Context,1,0.13546349,0.8241865,0.0013709089,0.02393288,0.015046225,1,beoordeling
ECLI:NL:GHSHE:2017:5171.txt,"Zoals uit het arrest HR [datum] nr. 39.181, ECLI:NL:HR:2005:AT4894, BNB 2005/318, volgt, dient de rechtsopvolger in te stemmen met het ingestelde beroep.",None,Gronden,1,Context,0,0.38710776,0.58541226,0.0032875235,0.004950978,0.019241445,1,beoordeling
ECLI:NL:GHSHE:2017:5171.txt,Een dergelijke instemming dient voor het sluiten van het onderzoek door de Rechtbank te zijn gedaan.,None,Gronden,1,Context,0,0.34300634,0.6281991,0.00274255,0.00945856,0.016593395,1,beoordeling
ECLI:NL:GHSHE:2017:5171.txt,Een eventuele instemming in de fase van het hoger beroep kan dan ook niet meebrengen dat het beroep bij de Rechtbank alsnog ontvankelijk is.,None,Gronden,1,Context,0,0.5688806,0.4080834,0.0021657646,0.009808858,0.011061323,0,None
ECLI:NL:GHSHE:2017:5171.txt,"De brief van [datum] van [belanghebbende] GmbH kan dan ook niet meebrengen dat het bij de Rechtbank ingestelde beroep alsnog ontvankelijk wordt verklaard, nog los van de vraag of het in deze brief gestelde namens de overnemende fondsen is gedaan.",None,Gronden,1,Context,0,0.3003567,0.6756353,0.0014506129,0.009646376,0.012911084,1,beoordeling
ECLI:NL:GHSHE:2017:5171.txt,Slotso,beoordeling,Gronden,1,Context,1,0.13810274,0.8411234,0.009947207,0.005647918,0.0051787845,1,beoordeling
ECLI:NL:GHSHE:2017:5171.txt,De slotsom is dat het hoger beroep ongegrond is en dat de uitspraak van de Rechtbank dient te worden bevestig,beoordeling,Gronden,1,Context,1,0.066029824,0.91723996,0.001481692,0.005893123,0.009355418,1,beoordeling
ECLI:NL:GHSHE:2017:5171.txt,Ten aanzien van het griffierecht,None,Gronden,1,Context,0,0.97755706,0.0052467366,0.010853611,0.0013437237,0.0049988353,0,None
ECLI:NL:GHSHE:2017:5171.txt,Het Hof is van oordeel dat er geen redenen aanwezig zijn om te gelasten dat de Inspecteur aan belanghebbende het door hem betaalde griffierecht geheel of gedeeltelijk vergoedt.,None,Gronden,1,Context,0,0.16605042,0.82194704,0.0017480154,0.005201733,0.0050527537,1,beoordeling
ECLI:NL:GHSHE:2017:5171.txt,Ten aanzien van de proceskosten,None,Gronden,1,Context,0,0.9830936,0.0043700566,0.0066625173,0.0015966773,0.004277272,0,None
ECLI:NL:GHSHE:2017:5171.txt,Het Hof acht geen termen aanwezig voor een veroordeling in de proceskosten als bedoeld in artikel 8:75 van de Awb.,None,Gronden,1,Context,0,0.1973017,0.78957915,0.0021783614,0.0065180142,0.004422789,1,beoordeling
ECLI:NL:GHSHE:2017:5171.txt,Het Hof: verklaart het hoger beroep ongegrond en bevestigt de uitspraak van de Rechtbank.,beslissing,Beslissing,1,Beslissing,1,0.11302923,0.0067262985,0.8628934,0.0019254948,0.015425559,2,beslissing
ECLI:NL:GHSHE:2017:5171.txt,"Aldus gedaan op [datum] door [naam], voorzitter, P.C. van der Vegt en [naam], in tegenwoordigheid van [naam], griffier.",None,Beslissing,1,Beslissing,0,0.9860763,0.002677606,0.0022900791,0.005124517,0.0038315451,0,None
ECLI:NL:GHSHE:2017:5171.txt,De beslissing is op die datum ter openbare zitting uitgesproken en afschriften van de uitspraak zijn op die datum aangetekend aan partijen verzonden.,None,Beslissing,1,Beslissing,0,0.97920144,0.006040577,0.0015824109,0.007923438,0.005252155,0,None
ECLI:NL:GHSHE:2017:5171.txt,"Het aanwenden van een rechtsmiddel: Tegen deze uitspraak kunnen beide partijen binnen zes weken na de verzenddatum beroep in cassatie instellen bij de Hoge Raad der Nederlanden (Belastingkamer), Postbus 20303, 2500 EH ’s-Gravenhage.",None,Beslissing,1,Beslissing,0,0.97495997,0.0028090735,0.016212624,0.0018420422,0.004176414,0,None
ECLI:NL:GHSHE:2017:5171.txt,Daarbij moet het volgende in acht worden genomen.,None,Beslissing,1,Beslissing,0,0.9449657,0.042122923,0.002044961,0.0056439256,0.005222464,0,None
ECLI:NL:GHSHE:2017:5171.txt,Bij het beroepschrift wordt een afschrift van deze uitspraak overgeleg,None,Beslissing,1,Beslissing,0,0.9798074,0.0052236333,0.0041315206,0.0040481417,0.006789409,0,None
ECLI:NL:GHSHE:2017:5171.txt,Het beroepschrift moet ondertekend zijn en ten minste het volgende vermelden: de naam en het adres van de indiener; een dagtekening; een omschrijving van de uitspraak waartegen het beroep in cassatie is gericht; e gronden van het beroep in cassatie.,None,Beslissing,1,Beslissing,0,0.9801718,0.004099574,0.0058473046,0.004206496,0.005674852,0,None
ECLI:NL:GHSHE:2017:5171.txt,Voor het instellen van beroep in cassatie is griffierecht verschuldig,None,Beslissing,1,Beslissing,0,0.9802238,0.007333521,0.003892466,0.004115767,0.0044345255,0,None
ECLI:NL:GHSHE:2017:5171.txt,Na het instellen van beroep in cassatie ontvangt de indiener een nota griffierecht van de griffier van de Hoge Raa,None,Beslissing,1,Beslissing,0,0.9859207,0.0022861962,0.005279191,0.0022341674,0.0042797616,0,None
ECLI:NL:GHSHE:2017:5171.txt,In het cassatieberoepschrift kan de Hoge Raad verzocht worden om de wederpartij te veroordelen in de proceskosten.,None,Beslissing,1,Beslissing,0,0.9843828,0.006061333,0.0027783776,0.0021249175,0.004652645,0,None
ECLI:NL:RBDHA:2021:6182.txt,Waar gaat deze zaak over?,None,Overwegingen,1,Beoordeling,0,0.9304268,0.033758666,0.003557954,0.022507962,0.009748595,0,None
ECLI:NL:RBDHA:2021:6182.txt,Op [datum] heeft eiseres op grond van de Wob verzocht om informatie over een melding die door het Groene Hart ziekenhuis is gedaan bij de Inspectie Gezondheidszorg en Jeugd (IGJ).,materiele feiten,Overwegingen,1,Beoordeling,1,0.021734633,0.0060349647,0.00060963794,0.96195465,0.009666142,3,materiele feiten
ECLI:NL:RBDHA:2021:6182.txt,"De melding ziet op een mogelijke calamiteit, namelijk het overlijden van het ongeboren kind van eiseres.",materiele feiten,Overwegingen,1,Beoordeling,1,0.01508605,0.06362723,0.0012565656,0.813862,0.10616814,3,materiele feiten
ECLI:NL:RBDHA:2021:6182.txt,Verweerder heeft met het primaire besluit beslist op het Wob-verzoek van eiseres met inachtneming van de door het Groene Hart ziekenhuis ingediende zienswijze.,materiele feiten,Overwegingen,1,Beoordeling,1,0.02977307,0.031957846,0.0013276017,0.8002433,0.13669828,3,materiele feiten
ECLI:NL:RBDHA:2021:6182.txt,Verweerder heeft achttien documenten aangetroffen die betrekking hebben op het verzoek van eiseres.,materiele feiten,Overwegingen,1,Beoordeling,1,0.009309104,0.019082734,0.0006823269,0.94952357,0.021402309,3,materiele feiten
ECLI:NL:RBDHA:2021:6182.txt,"Verweerder heeft de openbaarmaking van documenten 3, 8.1, 8.2, 14 en 15 geweigerd en document 12.1 (gelakt) openbaar gemaakt.",materiele feiten,Overwegingen,1,Beoordeling,1,0.014398328,0.12719956,0.0035695792,0.46791536,0.38691714,3,materiele feiten
ECLI:NL:RBDHA:2021:6182.txt,"Primair voert verweerder aan dat voor zover het gaat om bijzondere medische persoonsgegevens uit patiëntendossiers in de documenten 3, 8.1, 8.2, 15 en een gedeelte uit document 12.1, zoals genoemd op de inventarisatielijst, openbaarmaking wordt geweigerd met toepassing van artikel 24, vierde lid, en artikel 25, derde lid, van de Wet kwaliteit, klachten en geschillen zorg (Wkkgz).",materiele feiten,Overwegingen,1,Beoordeling,1,0.06753062,0.005599992,0.0028553708,0.11491864,0.8090954,4,proceshandelingen
ECLI:NL:RBDHA:2021:6182.txt,"In deze bepalingen is een specifiek medisch beroepsgeheim voor de IGJ opgenomen, dat inhoudt dat daar waar beroepsbeoefenaren een geheimhoudingsplicht hebben, de IGJ deze ook heeft.",materiele feiten,Overwegingen,1,Beoordeling,1,0.93559957,0.022840768,0.0019769417,0.014862491,0.024720289,0,None
ECLI:NL:RBDHA:2021:6182.txt,Dit betekent dat de Inspectie geen informatie over patiënten aan derden mag verstrekken.,materiele feiten,Overwegingen,1,Beoordeling,1,0.18792577,0.7407469,0.0023117652,0.02665537,0.042360183,1,beoordeling
ECLI:NL:RBDHA:2021:6182.txt,Het betreft een speciale regeling die voorgaat op de Wob (een lex specialis).,materiele feiten,Overwegingen,1,Beoordeling,1,0.5493016,0.106328934,0.0023470304,0.23542127,0.10660118,0,None
ECLI:NL:RBDHA:2021:6182.txt,"Documenten die onder het beroepsgeheim van de IGJ vallen, vallen buiten de reikwijdte van de Wob en worden niet openbaar gemaakt.",materiele feiten,Overwegingen,1,Beoordeling,1,0.30907562,0.15389483,0.0056062485,0.13711172,0.3943116,4,proceshandelingen
ECLI:NL:RBDHA:2021:6182.txt,"Voor zover de Wkkgz geen speciale regeling is die voorgaat op de Wob heeft verweerder de documenten geweigerd met een beroep op het bepaalde in artikel 10, tweede lid, onder d, van de Wob (inspectie, controle en toezicht) en artikel 10, tweede lid, onder e, van de Wob (de eerbiediging van de persoonlijke levenssfeer).",materiele feiten,Overwegingen,1,Beoordeling,1,0.7674402,0.038545117,0.0012733113,0.09829002,0.094451375,0,None
ECLI:NL:RBDHA:2021:6182.txt,Verder heeft verweerder document 14 geweigerd onder verwijzing naar artikel 11 van de Wob (interne stukken).,materiele feiten,Overwegingen,1,Beoordeling,1,0.01979879,0.04763327,0.0011413535,0.7310227,0.20040384,3,materiele feiten
ECLI:NL:RBDHA:2021:6182.txt,Wat zijn de regels?,None,Overwegingen,1,Beoordeling,0,0.9437445,0.019714423,0.003251701,0.025120292,0.00816904,0,None
ECLI:NL:RBDHA:2021:6182.txt,Het wettelijk kader is opgenomen in de bijlage die deel uitmaakt van deze uitspraak.,None,Overwegingen,1,Beoordeling,0,0.95213115,0.029350612,0.0024765953,0.010071923,0.005969728,0,None
ECLI:NL:RBDHA:2021:6182.txt,Wat is het oordeel van de rechtbank?,None,Overwegingen,1,Beoordeling,0,0.8976707,0.08495207,0.0061401254,0.006039719,0.0051973234,0,None
ECLI:NL:RBDHA:2021:6182.txt,De rechtbank stelt voorop dat eiseres heeft verzocht haar zienswijze als letterlijk herhaald en ingelast te beschouwen.,proceshandelingen,Overwegingen,1,Beoordeling,1,0.20441373,0.7158496,0.0008220007,0.053450175,0.025464542,1,beoordeling
ECLI:NL:RBDHA:2021:6182.txt,Verweerder heeft in het bestreden besluit op die zienswijze gereageer,proceshandelingen,Overwegingen,1,Beoordeling,1,0.021539256,0.025367733,0.0010920869,0.8807263,0.0712746,3,materiele feiten
ECLI:NL:RBDHA:2021:6182.txt,"Voor zover eiseres in beroep niet heeft aangegeven waarom de reactie van verweerder tekortschiet, kan de beroepsgrond al hierom niet slagen.",proceshandelingen,Overwegingen,1,Beoordeling,1,0.091287896,0.8973263,0.0015375294,0.0039280355,0.005920235,1,beoordeling
ECLI:NL:RBDHA:2021:6182.txt,De rechtbank heeft kennisgenomen van de geheime stukken.,materiele feiten,Overwegingen,1,Beoordeling,1,0.28481978,0.6768762,0.0021467705,0.02951363,0.006643637,1,beoordeling
ECLI:NL:RBDHA:2021:6182.txt,"Of de gegeven motivering de weigering tot (gedeeltelijke) openbaarmaking in alle gevallen kan dragen, zal de rechtbank hierna beoordelen.",beoordeling,Overwegingen,1,Beoordeling,1,0.11767617,0.8638627,0.0024042032,0.012893023,0.0031638118,1,beoordeling
ECLI:NL:RBDHA:2021:6182.txt,"De documenten 3, 8.1, 8.2 en",beoordeling,Overwegingen,1,Beoordeling,1,0.28225425,0.07030367,0.0035378993,0.5283287,0.11557548,3,materiele feiten
ECLI:NL:RBDHA:2021:6182.txt,"Eiseres voert primair aan dat verweerder de openbaarmaking van informatie in de documenten 3, 8.1, 8.2 en 15 ten onrechte heeft geweigerd onder verwijzing naar het medisch beroepsgehe",proceshandelingen,Overwegingen,1,Beoordeling,1,0.01871559,0.0051366296,0.0017873611,0.019809833,0.9545506,4,proceshandelingen
ECLI:NL:RBDHA:2021:6182.txt,Eiseres stelt dat de uitspraak waar verweerder zich op beroept voorbij gaat aan de regels uit de richtlijn van de Koninklijke Nederlandse Maatschappij tot bevordering der Geneeskunst (KNMG) ‘Omgaan met medische gegevens’.,proceshandelingen,Overwegingen,1,Beoordeling,1,0.09503393,0.0040736105,0.0028699243,0.039121974,0.8589005,4,proceshandelingen
ECLI:NL:RBDHA:2021:6182.txt,"Eiseres voert aan dat indien een patiënt toestemming, als bedoeld in artikel 7:457, eerste lid, van het Burgerlijk Wetboek (BW) verleent voor het verstrekken van gegevens, er op de zorgverlener geen geheimhoudingsplicht meer rust en de medische patiëntgegevens aan een ieder kunnen worden geopenbaar",proceshandelingen,Overwegingen,1,Beoordeling,1,0.27951828,0.004640088,0.0050671576,0.051646065,0.65912837,4,proceshandelingen
ECLI:NL:RBDHA:2021:6182.txt,Ten onrechte gaat verweerder ervan uit dat de toestemming van de patiënt alleen gegeven kan worden voor de verwerking van gegevens in een concreet geval en voor een bepaald doe,beoordeling,Overwegingen,1,Beoordeling,1,0.080398954,0.6324894,0.0014968709,0.04751297,0.23810181,1,beoordeling
ECLI:NL:RBDHA:2021:6182.txt,"Uit de richtlijn blijkt tevens dat in geval van opnamen voor radio, televisie of internet doorbreking van het medisch beroepsgeheim door de hulpverlener met toestemming van de patiënt mogelijk is.",beoordeling,Overwegingen,1,Beoordeling,1,0.8343672,0.121969335,0.0012078672,0.02877248,0.0136831235,0,None
ECLI:NL:RBDHA:2021:6182.txt,"Nu eiseres haar toestemming heeft verleend, moeten de documenten openbaar worden gemaakt.",beoordeling,Overwegingen,1,Beoordeling,1,0.77903426,0.027486755,0.0017802346,0.1082461,0.08345264,0,None
ECLI:NL:RBDHA:2021:6182.txt,"Subsidiair voert eiseres aan dat het haar bevreemd dat, voor zover de informatie niet geweigerd kan worden in verband met het medisch beroepsgeheim, openbaarmaking van de informatie in strijd is met de Wob.",proceshandelingen,Overwegingen,1,Beoordeling,1,0.012157057,0.012126691,0.0021053494,0.017587677,0.9560233,4,proceshandelingen
ECLI:NL:RBDHA:2021:6182.txt,"De rechtbank overweegt dat verweerder ten aanzien van de documenten 3, 8.1, 8.2 en 15 terecht openbaarmaking heeft geweiger",beoordeling,Overwegingen,1,Beoordeling,1,0.020460956,0.9674616,0.0011391386,0.00717584,0.0037624214,1,beoordeling
ECLI:NL:RBDHA:2021:6182.txt,"Zoals de hoogste bestuursrechter meermalen heeft overwogen, wijkt de Wob als algemene openbaarmakingsregeling voor bijzondere regelingen, indien deze zijn neergelegd in een formele wet en indien de bijzondere regeling bovendien uitputtend van aard is.",None,Overwegingen,1,Beoordeling,0,0.6999659,0.2852554,0.0039032525,0.0038944983,0.006980946,0,None
ECLI:NL:RBDHA:2021:6182.txt,Dat laatste is het geval indien de regeling ertoe strekt te voorkomen dat door toepassing van de Wob afbreuk zou worden gedaan aan de goede werking van de materiële bepalingen in de bijzondere wet.,None,Overwegingen,1,Beoordeling,0,0.277933,0.69653726,0.005431698,0.0069811665,0.01311692,1,beoordeling
ECLI:NL:RBDHA:2021:6182.txt,De Wkkgz heeft de Kwaliteitswet zorginstellingen (Kwzi) vervangen.,None,Overwegingen,1,Beoordeling,0,0.5066732,0.042875238,0.0058545163,0.29012677,0.15447032,0,None
ECLI:NL:RBDHA:2021:6182.txt,"Voor de met het toezicht belaste ambtenaren was in artikel 7, derde lid, van de Kwzi de verplichting vervat tot geheimhouding van gegevens uit patiëntendossiers.",None,Overwegingen,1,Beoordeling,0,0.79439676,0.06263559,0.0028752133,0.03164587,0.10844665,0,None
ECLI:NL:RBDHA:2021:6182.txt,"Die verplichting hing samen met de in artikel 7:457, eerste lid, van het BW neergelegde geheimhoudingsplicht van de hulpverlener.",None,Overwegingen,1,Beoordeling,0,0.24903946,0.65478235,0.004294466,0.007871241,0.08401249,1,beoordeling
ECLI:NL:RBDHA:2021:6182.txt,"In de uitspraak van [datum] heeft de hoogste bestuursrechter overwogen dat de artikelen 7:457 en 7:458 van het BW een bijzondere openbaarmakingsregeling bevatten met een uitputtend karakter, die voorgaat op de Wob.",None,Overwegingen,1,Beoordeling,0,0.8673387,0.027616411,0.0010290834,0.08355617,0.020459602,0,None
ECLI:NL:RBDHA:2021:6182.txt,"Dit geldt ook voor artikel 7, derde lid, van de Kwz",None,Overwegingen,1,Beoordeling,0,0.7881798,0.14923222,0.0032420491,0.009102888,0.050242998,0,None
ECLI:NL:RBDHA:2021:6182.txt,"Voor zover artikel 7, derde lid, van de Kwzi ambtenaren tot geheimhouding verplicht van medische patiëntgegevens ter zake waarvan voor de betrokken hulpverlener een geheimhoudingsplicht geldt, heeft de hoogste bestuursrechter geoordeeld dat deze bepaling voorgaat op de Wob.",None,Overwegingen,1,Beoordeling,0,0.8973622,0.08997744,0.0049018166,0.0025995544,0.0051589683,0,None
ECLI:NL:RBDHA:2021:6182.txt,"Gelet op het vorenstaande en nu de regeling van artikel 7, derde lid, van de Kwzi is overgenomen in artikel 24 en 25 van de Wkkgz, heeft verweerder terecht geoordeeld dat de laatstgenoemde bepaling voorgaat op de Wob.",beoordeling,Overwegingen,1,Beoordeling,1,0.18448855,0.80016786,0.0015794475,0.00850465,0.005259493,1,beoordeling
ECLI:NL:RBDHA:2021:6182.txt,"In de geschiedenis van de totstandkoming van artikel 7:457 van het BW staat dat gegevens over de patiënt, die in de relatie tussen de patiënt en de hulpverlener de hulpverlener bekend worden, bij uitstek een vertrouwelijk karakter hebben.",None,Overwegingen,1,Beoordeling,0,0.86917454,0.094734706,0.0014071143,0.018732542,0.015951158,0,None
ECLI:NL:RBDHA:2021:6182.txt,De patiënt heeft er recht op dat deze gegevens geheim worden gehouden.,None,Overwegingen,1,Beoordeling,0,0.64369786,0.076541774,0.005942296,0.105787955,0.16803016,0,None
ECLI:NL:RBDHA:2021:6182.txt,"Behoudens in bij of krachtens de wet geregelde gevallen of in noodsituaties, kan de geheimhoudingsplicht alleen met toestemming van de patiënt worden opgeheven.",None,Overwegingen,1,Beoordeling,0,0.98023903,0.007577127,0.0053114993,0.0018094127,0.0050630462,0,None
ECLI:NL:RBDHA:2021:6182.txt,"Er zijn uitzonderingen op de geheimhoudingsplicht, zoals wanneer een andere wettelijke regeling tot het geven van informatie verplicht.",None,Overwegingen,1,Beoordeling,0,0.9294073,0.030940147,0.005113639,0.0075911265,0.026947834,0,None
ECLI:NL:RBDHA:2021:6182.txt,Zo is de geheimhoudingsplicht niet van toepassing indien de hulpverlener de patiënt in zijn eigen belang inlichtingen heeft onthouden en het in het belang van de patiënt noodzakelijk is dat een derde wordt ingelicht.,None,Overwegingen,1,Beoordeling,0,0.9115792,0.066804595,0.002323916,0.004197087,0.015095318,0,None
ECLI:NL:RBDHA:2021:6182.txt,Ook is de geheimhoudingsplicht niet van toepassing indien gegevens worden verstrekt aan degenen van wie beroepshalve de medewerking nodig is bij de uitvoering van de overeengekomen handelingen en aan de vervanger van de hulpverlener indien deze de patiënt moet behandelen.,None,Overwegingen,1,Beoordeling,0,0.9685535,0.016131517,0.002472585,0.002284787,0.010557642,0,None
ECLI:NL:RBDHA:2021:6182.txt,"Verder is de geheimhoudingsplicht niet van toepassing indien, voor zover aan een aantal voorwaarden wordt voldaan, gegevens worden verstrekt voor statistisch of ander wetenschappelijk onderzoek op het gebied van de volksgezondheid, aldus de geschiedenis.",None,Overwegingen,1,Beoordeling,0,0.6343434,0.050167773,0.002620721,0.020287395,0.29258063,0,None
ECLI:NL:RBDHA:2021:6182.txt,"Uit het systeem van de wettelijke regeling zoals die hiervoor is beschreven volgt, zoals verweerder terecht heeft overwogen, dat toestemming als bedoeld in artikel 7:457 van het BW alleen kan worden gegeven in een concreet geval en voor een bepaald doel als vorenbedoe",None,Overwegingen,1,Beoordeling,0,0.09990859,0.87817657,0.0010412793,0.007815146,0.013058302,1,beoordeling
ECLI:NL:RBDHA:2021:6182.txt,Een doorbreking van het beroepsgeheim met als doel openbaarmaking op grond van de Wob kan niet worden aangemerkt als concreet geval en voor een bepaald doel nu het gaat om openbaarmaking voor eenieder en niet vast te stellen is waar de informatie voor zal worden gebruikt.,None,Overwegingen,1,Beoordeling,0,0.6347182,0.32594788,0.0022625152,0.009922703,0.02714872,0,None
ECLI:NL:RBDHA:2021:6182.txt,Bovendien is ter zitting aan de zijde van verweerder te kennen gegeven dat de KNMG richtlijn geen verband houdt met de in dit kader van toepassing zijnde wet- en regelgeving en daarom buiten beschouwing moet worden gelaten.,None,Overwegingen,1,Beoordeling,0,0.10021996,0.32189497,0.001210798,0.073490925,0.50318336,4,proceshandelingen
ECLI:NL:RBDHA:2021:6182.txt,"Ook wanneer de KNMG richtlijn wordt toegepast, leidt dit niet tot openbaarmaking van de medische gegevens nu hiervoor expliciete toestemming van de instelling, de patiënt en de hulpverlener(s) is vereist.",None,Overwegingen,1,Beoordeling,0,0.72678477,0.1832617,0.0015105897,0.036080167,0.052362822,0,None
ECLI:NL:RBDHA:2021:6182.txt,"Een cumulatieve instemming waar niet aan wordt voldaan, omdat enkel eiseres toestemming heeft gegeven voor openbaarmaking van de gegevens.",None,Overwegingen,1,Beoordeling,0,0.06552122,0.3258834,0.0027760828,0.039851505,0.5659678,4,proceshandelingen
ECLI:NL:RBDHA:2021:6182.txt,Verweerder heeft de openbaarmaking van medische patiëntgegevens van eiseres terecht achterwege gelaten op grond van artikel 24 en 25 van de Wkkgz.,beoordeling,Overwegingen,1,Beoordeling,1,0.04101061,0.8881703,0.0009093293,0.022005709,0.04790406,1,beoordeling
ECLI:NL:RBDHA:2021:6182.txt,"Nu het primaire standpunt van verweerder ten aanzien van de weigering om bijzondere (medische) persoonsgegevens openbaar te maken stand kan houden, behoeft het subsidiaire standpunt van eiseres niet te worden besproken.",beoordeling,Overwegingen,1,Beoordeling,1,0.1068963,0.8542025,0.0007866003,0.012930304,0.02518423,1,beoordeling
ECLI:NL:RBDHA:2021:6182.txt,Document,beoordeling,Overwegingen,1,Beoordeling,1,0.6359859,0.28611213,0.009463153,0.0550517,0.013387179,0,None
ECLI:NL:RBDHA:2021:6182.txt,Eiseres voert aan dat zij zich niet kan verenigen met de uitleg die verweerder heeft gegeven voor het gedeeltelijk weigeren van deze informatie.,proceshandelingen,Overwegingen,1,Beoordeling,1,0.033372436,0.013100566,0.00234508,0.007071304,0.94411063,4,proceshandelingen
ECLI:NL:RBDHA:2021:6182.txt,Eiseres verzoekt om openbaarmaking van twee passages uit dit document.,proceshandelingen,Overwegingen,1,Beoordeling,1,0.012258646,0.007748685,0.004591509,0.161555,0.8138462,4,proceshandelingen
ECLI:NL:RBDHA:2021:6182.txt,"De rechtbank is van oordeel dat verweerder openbaarmaking van de passage op de tweede pagina van het document, waaraan de weigeringsgrond van artikel 10, eerste lid, onder d, artikel 10, tweede lid, onder d en onder e, van de Wob en de Wkkgz ten grondslag ligt, heeft mogen weigeren.",beoordeling,Overwegingen,1,Beoordeling,1,0.03599172,0.94904876,0.0009968326,0.010456814,0.0035058607,1,beoordeling
ECLI:NL:RBDHA:2021:6182.txt,"Verweerder heeft ter zitting aangegeven dat de richtlijnen niet openbaar kunnen worden gemaakt, omdat het (indirect) informatie vrijgeeft over de gezondheidssituatie van eiseres als patiënt.",proceshandelingen,Overwegingen,1,Beoordeling,1,0.03561654,0.027204107,0.001199973,0.5813065,0.35467285,3,materiele feiten
ECLI:NL:RBDHA:2021:6182.txt,Deze informatie valt primair onder het beroepsgeheim zoals opgenomen in de Wkkgz.,beoordeling,Overwegingen,1,Beoordeling,1,0.45434195,0.31900796,0.0018054867,0.09119948,0.13364518,0,None
ECLI:NL:RBDHA:2021:6182.txt,Verder is de rechtbank het met verweerder eens dat openbaarmaking van de informatie met als onderwerp ‘aansprakelijkheidsstelling/claim’ mocht worden geweiger,beoordeling,Overwegingen,1,Beoordeling,1,0.023006212,0.9606213,0.0008634006,0.009707159,0.0058019236,1,beoordeling
ECLI:NL:RBDHA:2021:6182.txt,Het weggelakte deel valt buiten de reikwijdte van het Wob-verzoek.,beoordeling,Overwegingen,1,Beoordeling,1,0.03774232,0.80616176,0.003311862,0.01408582,0.13869818,1,beoordeling
ECLI:NL:RBDHA:2021:6182.txt,Eiseres heeft verzocht om informatie over een melding van een mogelijke calamiteit die door het Groene Hart ziekenhuis is gedaan bij de IGJ.,materiele feiten,Overwegingen,1,Beoordeling,1,0.015574949,0.006942542,0.0011891626,0.907011,0.06928233,3,materiele feiten
ECLI:NL:RBDHA:2021:6182.txt,De ‘aansprakelijkheidsstelling/claim’ die het Groene Hart ziekenhuis van eiseres heeft ontvangen betreft een ander traject.,materiele feiten,Overwegingen,1,Beoordeling,1,0.058916546,0.30103102,0.001323974,0.4262415,0.21248703,3,materiele feiten
ECLI:NL:RBDHA:2021:6182.txt,Document,beoordeling,Overwegingen,1,Beoordeling,1,0.6359859,0.28611213,0.009463153,0.0550517,0.013387179,0,None
ECLI:NL:RBDHA:2021:6182.txt,Eiseres stelt dat openbaarmaking wel degelijk mogelijk is bij informatie over intern beraa,proceshandelingen,Overwegingen,1,Beoordeling,1,0.23537855,0.009254716,0.003163799,0.4360342,0.31616876,3,materiele feiten
ECLI:NL:RBDHA:2021:6182.txt,Onder aanhef van dit artikel staat dat alleen geen informatie wordt verstrekt die persoonlijke beleidsopvattingen aangaat en dat overige informatie wel is toegestaan.,proceshandelingen,Overwegingen,1,Beoordeling,1,0.5008355,0.09114798,0.0032730054,0.07316013,0.33158338,0,None
ECLI:NL:RBDHA:2021:6182.txt,Daarbij is zelfs mogelijk om persoonlijke beleidsopvattingen openbaar te maken indien deze niet tot personen herleidbaar zijn.,proceshandelingen,Overwegingen,1,Beoordeling,1,0.36169636,0.55958843,0.00171699,0.044948157,0.032050077,1,beoordeling
ECLI:NL:RBDHA:2021:6182.txt,"De rechtbank is van oordeel dat verweerder dit document, waaraan de weigeringsgrond van artikel 11 van de Wob ten grondslag ligt, heeft mogen weigeren openbaar te maken.",beoordeling,Overwegingen,1,Beoordeling,1,0.03320371,0.9463477,0.0008636342,0.014849824,0.0047351196,1,beoordeling
ECLI:NL:RBDHA:2021:6182.txt,Meer documenten,beoordeling,Overwegingen,1,Beoordeling,1,0.7361875,0.19968536,0.01208705,0.03951311,0.012526877,0,None
ECLI:NL:RBDHA:2021:6182.txt,"Voor zover eiser aanvoert dat er meer documenten zouden moeten zijn, is de rechtbank het met verweerder eens dat de enkele stelling dat het ongeloofwaardig voorkomt dat er niet meer stukken zijn, onvoldoende is om te kunnen spreken van een concreet aanknopingspunt dat er meer stukken zouden (moeten) zijn.",beoordeling,Overwegingen,1,Beoordeling,1,0.057224777,0.92866623,0.0011082487,0.008653559,0.004347228,1,beoordeling
ECLI:NL:RBDHA:2021:6182.txt,"Het feit dat er tweemaal een zoekslag heeft plaatsgevonden, waarbij document 15 pas in de bezwaarfase naar voren is gekomen, doet hier niet aan af.",beoordeling,Overwegingen,1,Beoordeling,1,0.029976707,0.9568704,0.0014930032,0.0076493546,0.004010523,1,beoordeling
ECLI:NL:RBDHA:2021:6182.txt,Het beroep is ongegron,beoordeling,Overwegingen,1,Beoordeling,1,0.03704372,0.91871846,0.022204489,0.0040248297,0.018008487,1,beoordeling
ECLI:NL:RBDHA:2021:6182.txt,Voor een proceskostenvergoeding bestaat geen aanleiding.,None,Overwegingen,1,Beoordeling,0,0.95569795,0.028116075,0.0021811065,0.0051641855,0.008840648,0,None
ECLI:NL:RBDHA:2021:6182.txt,De rechtbank verklaart het beroep ongegron,beoordeling,Beslissing,1,Beslissing,1,0.045556396,0.040830456,0.8958718,0.001792751,0.015948512,2,beslissing
ECLI:NL:RBDHA:2021:6182.txt,"Deze uitspraak is gedaan door [naam], rechter, in aanwezigheid van [naam], griffier.",None,Beslissing,1,Beslissing,0,0.98637044,0.0027218992,0.0025332435,0.0047431802,0.0036312605,0,None
ECLI:NL:RBDHA:2021:6182.txt,De beslissing is in het openbaar uitgesproken op [datum] griffier rechter Afschrift verzonden aan partijen op:,None,Beslissing,1,Beslissing,0,0.98903114,0.0023024408,0.0030927479,0.002907445,0.0026662464,0,None
